"","Year","UniversityNo","Ranking_Scores","Province","Topic","Media_Impact","Plan_Number","GDP_Per_Person","X1A_Number","Level","Lowest_Ranking","Ranking_Percentage"
"94",2010,10003,95.06,"北京","理科",0.827160493827161,34,653.387096774194,29550,4,110,0.00372250423011844
"95",2010,10271,2.94,"上海","理科",0.0322633744855967,8,680.747321629064,29550,23,3524,0.119255499153976
"96",2010,10008,14.25,"北京","理科",0.0893004115226337,31,653.387096774194,29550,29,11773,0.398409475465313
"97",2010,10651,4.55,"四川","理科",0.0806584362139918,36,172.892852779475,29550,27,7402,0.250490693739425
"98",2010,10246,55.83,"上海","理科",0.452674897119342,34,680.747321629064,29550,11,429,0.0145177664974619
"99",2010,19001,100,"北京","理科",1,15,653.387096774194,29550,9,264,0.00893401015228426
"100",2010,10272,5.3,"上海","理科",0.0781893004115226,26,680.747321629064,29550,19,1633,0.0552622673434856
"101",2010,10006,22.14,"北京","理科",0.104115226337449,47,653.387096774194,29550,19,1647,0.0557360406091371
"102",2010,10358,NA,"安徽","理科",NA,32,164.130158212363,29550,14,718,0.0242978003384095
"103",2010,10030,3.77,"北京","理科",0.0388065843621399,8,653.387096774194,29550,25,5656,0.191404399323181
"104",2010,10019,20.76,"北京","理科",0.127572016460905,50,653.387096774194,29550,32,18276,0.618477157360406
"105",2010,10002,37.31,"北京","理科",0.539094650205761,36,653.387096774194,29550,12,519,0.0175634517766497
"106",2010,11414,10.91,"北京","理科",0.0366255144032922,15,653.387096774194,29550,32,19602,0.663350253807107
"107",2010,10248,43.47,"上海","理科",0.154732510288066,43,680.747321629064,29550,10,351,0.0118781725888325
"108",2010,10574,6.53,"广东","理科",0.0477366255144033,1946,389.751600745512,29550,33,22895,0.774788494077834
"109",2010,10572,2.95,"广东","理科",NA,1808,389.751600745512,29550,34,29545,0.999830795262267
"110",2010,10200,10.93,"吉林","理科",0.03,6,265.691445675385,29550,34,26157,0.885177664974619
"111",2010,10010,7.18,"北京","理科",NA,50,653.387096774194,29550,32,18667,0.6317089678511
"112",2010,10183,37.23,"吉林","理科",0.0740740740740741,90,265.691445675385,29550,32,19526,0.66077834179357
"113",2010,10001,100,"北京","理科",1,16,653.387096774194,29550,4,118,0.00399323181049069
"114",2010,10610,34.18,"四川","理科",0.121399176954733,93,172.892852779475,29550,31,14285,0.4834179357022
"115",2010,10564,5.58,"广东","理科",0.0346090534979424,5457,389.751600745512,29550,34,29550,1
"116",2010,10054,4.46,"北京","理科",NA,64,653.387096774194,29550,32,18548,0.627681895093063
"117",2010,10005,7.95,"北京","理科",0.0637860082304527,18,653.387096774194,29550,31,16402,0.555059221658206
"118",2010,10613,9.77,"四川","理科",0.0267489711934156,92,172.892852779475,29550,32,17479,0.591505922165821
"119",2010,10593,5.27,"广西","理科",0.0269135802469136,15,159.785008237232,29550,34,29340,0.992893401015228
"120",2010,10423,11.65,"山东","理科",0.0330864197530864,80,357.925831283064,29550,33,22046,0.746057529610829
"121",2010,11413,10.77,"北京","理科",NA,6,653.387096774194,29550,34,26934,0.911472081218274
"122",2010,10070,1.22,"天津","理科",NA,25,612.448703751954,29550,31,16829,0.569509306260575
"123",2010,10251,11.61,"上海","理科",0.03,36,680.747321629064,29550,30,14107,0.477394247038917
"124",2010,10425,10.91,"山东","理科",0.0366255144032922,37,357.925831283064,29550,34,25753,0.871505922165821
"125",2010,10295,5.45,"江苏","理科",NA,27,441.179426726531,29550,34,29069,0.983722504230118
"126",2010,10560,1.81,"广东","理科",NA,640,389.751600745512,29550,34,29498,0.99824027072758
"127",2010,12121,5.29,"广东","理科",NA,1693,389.751600745512,29550,34,29546,0.999864636209814
"128",2010,10359,7.12,"安徽","理科",NA,108,164.130158212363,29550,33,23190,0.784771573604061
"129",2010,10559,7.1,"广东","理科",0.0650205761316872,1253,389.751600745512,29550,30,12674,0.428900169204738
"130",2010,10255,7.71,"上海","理科",0.0440329218106996,38,680.747321629064,29550,33,21993,0.744263959390863
"131",2010,10316,3.49,"江苏","理科",NA,25,441.179426726531,29550,34,28197,0.954213197969543
"132",2010,10287,11.01,"江苏","理科",0.0267489711934156,40,441.179426726531,29550,30,12011,0.406463620981387
"133",2010,10013,8.38,"北京","理科",0.101646090534979,88,653.387096774194,29550,29,11069,0.374585448392555
"134",2010,10252,1.71,"上海","理科",NA,50,680.747321629064,29550,33,22132,0.748967851099831
"135",2010,10300,1.12,"江苏","理科",NA,17,441.179426726531,29550,34,29252,0.989915397631134
"136",2010,10126,5.56,"内蒙古","理科",NA,11,396.231826280805,29550,34,29550,1
"137",2010,10626,4.51,"四川","理科",NA,20,172.892852779475,29550,34,29550,1
"138",2010,10293,1.48,"江苏","理科",NA,47,441.179426726531,29550,32,18188,0.615499153976311
"139",2010,10357,5.11,"安徽","理科",NA,10,164.130158212363,29550,33,22420,0.758714043993232
"140",2010,10285,9.13,"江苏","理科",0.0335802469135802,24,441.179426726531,29550,34,26239,0.887952622673435
"141",2010,10284,43.99,"江苏","理科",0.155555555555556,42,441.179426726531,29550,15,839,0.0283925549915398
"142",2010,10280,7.78,"上海","理科",0.0596707818930041,25,680.747321629064,29550,32,17596,0.595465313028765
"143",2010,10031,NA,"北京","理科",NA,12,653.387096774194,29550,30,14050,0.475465313028765
"144",2010,10107,NA,"河北","理科",NA,4,245.017059024224,29550,32,19245,0.651269035532995
"145",2010,10052,6.21,"北京","理科",0.0489711934156379,9,653.387096774194,29550,34,27551,0.932351945854484
"146",2010,10216,5.29,"河北","理科",NA,5,245.017059024224,29550,34,26600,0.900169204737733
"147",2010,19145,16.2,"河北","理科",0.0465020576131687,40,245.017059024224,29550,34,28230,0.955329949238579
"148",2010,10570,1.31,"广东","理科",NA,408,389.751600745512,29550,34,29506,0.998510998307953
"149",2010,10080,3.21,"河北","理科",NA,10,245.017059024224,29550,33,24555,0.830964467005076
"150",2010,10004,9.94,"北京","理科",0.0406995884773663,71,653.387096774194,29550,33,20541,0.6951269035533
"151",2010,10459,8.89,"河南","理科",0.0613168724279835,30,205.337380956145,29550,34,29339,0.992859560067682
"152",2010,11415,11.73,"北京","理科",0.0415637860082304,27,653.387096774194,29550,33,24446,0.827275803722504
"153",2010,10007,17.15,"北京","理科",0.094238683127572,61,653.387096774194,29550,27,7447,0.252013536379019
"154",2010,10335,53.16,"浙江","理科",0.240740740740741,73,435.794711401763,29550,12,533,0.0180372250423012
"155",2010,10343,NA,"浙江","理科",NA,25,435.794711401763,29550,34,29017,0.981962774957699
"156",2010,10026,3.89,"北京","理科",NA,2,653.387096774194,29550,28,8611,0.291404399323181
"157",2010,10589,4.76,"海南","理科",0.035761316872428,116,191.443980233083,29550,34,27559,0.932622673434856
"158",2010,10598,0.96,"广西","理科",NA,12,159.785008237232,29550,34,28884,0.97746192893401
"159",2010,10487,33.15,"湖北","理科",0.0888888888888889,160,226.592657342657,29550,26,6329,0.214179357021997
"160",2010,10486,40.14,"湖北","理科",0.179423868312757,145,226.592657342657,29550,26,5971,0.202064297800338
"161",2010,10023,NA,"北京","理科",NA,10,653.387096774194,29550,34,28667,0.970118443316413
"162",2010,10497,8.75,"湖北","理科",0.0347325102880658,184,226.592657342657,29550,31,16887,0.571472081218274
"163",2010,10294,8.16,"江苏","理科",NA,77,441.179426726531,29550,34,25777,0.872318104906937
"164",2010,10286,19.43,"江苏","理科",0.0761316872427984,40,441.179426726531,29550,28,9234,0.31248730964467
"165",2010,10036,3.85,"北京","理科",0.0502057613168724,33,653.387096774194,29550,21,2513,0.0850423011844332
"166",2010,10288,11.48,"江苏","理科",NA,42,441.179426726531,29550,31,14372,0.486362098138748
"167",2010,10299,3.29,"江苏","理科",NA,40,441.179426726531,29550,34,26621,0.90087986463621
"168",2010,10247,21.62,"上海","理科",0.155144032921811,80,680.747321629064,29550,20,2040,0.0690355329949239
"169",2010,10491,11.73,"湖北","理科",0.0415637860082304,56,226.592657342657,29550,33,24313,0.822774957698816
"170",2010,10504,10.88,"湖北","理科",0.0330452674897119,28,226.592657342657,29550,33,23699,0.801996615905245
"171",2010,10511,11.77,"湖北","理科",0.0481481481481481,24,226.592657342657,29550,34,29086,0.98429780033841
"172",2010,10530,4.67,"湖南","理科",NA,33,203.866531376834,29550,34,28780,0.973942470389171
"173",2010,10290,10.77,"江苏","理科",NA,81,441.179426726531,29550,34,29486,0.997834179357022
"174",2010,10033,4.01,"北京","理科",0.0893004115226337,15,653.387096774194,29550,28,9736,0.329475465313029
"175",2010,10541,0.94,"湖南","理科",NA,7,203.866531376834,29550,34,29105,0.984940778341794
"176",2010,10291,5.43,"江苏","理科",NA,40,441.179426726531,29550,33,24600,0.83248730964467
"177",2010,10112,6.2,"山西","理科",NA,40,214.693233275757,29550,34,25698,0.869644670050761
"178",2010,10533,28.22,"湖南","理科",0.0691358024691358,236,203.866531376834,29550,31,15261,0.516446700507614
"179",2010,10532,13.84,"湖南","理科",0.0576131687242798,148,203.866531376834,29550,30,13505,0.457021996615905
"180",2010,10542,8.28,"湖南","理科",0.0309053497942387,26,203.866531376834,29550,34,29406,0.995126903553299
"181",2010,10730,14.36,"甘肃","理科",0.0493827160493827,38,132.590189086895,29550,33,23374,0.790998307952623
"182",2010,11846,1.5,"广东","理科",NA,1909,389.751600745512,29550,32,17940,0.607106598984772
"183",2010,10384,26.4,"福建","理科",0.118930041152263,70,333.784233496999,29550,30,12248,0.414483925549915
"184",2010,19013,8.38,"北京","理科",0.101646090534979,14,653.387096774194,29550,33,22977,0.77756345177665
"185",2010,10043,1.87,"北京","理科",0.0617283950617284,15,653.387096774194,29550,34,29550,1
"186",2010,10385,1.3,"福建","理科",0.0388477366255144,186,333.784233496999,29550,34,29441,0.996311336717428
"187",2010,10386,5.7,"福建","理科",0.0337037037037037,10,333.784233496999,29550,34,24811,0.839627749576988
"188",2010,10079,4.46,"河北","理科",NA,59,245.017059024224,29550,31,15912,0.538477157360406
"189",2010,10657,4.55,"贵州","理科",NA,18,110.621430590896,29550,34,26886,0.909847715736041
"190",2010,10151,3.38,"辽宁","理科",NA,73,350.437687168855,29550,34,29032,0.982470389170897
"191",2010,10140,4.8,"辽宁","理科",NA,14,350.437687168855,29550,34,29363,0.993671742808799
"192",2010,10022,7.21,"北京","理科",0.0323456790123457,54,653.387096774194,29550,33,24073,0.814653130287648
"193",2010,10173,3.32,"辽宁","理科",NA,20,350.437687168855,29550,31,15200,0.514382402707276
"194",2010,10614,9.79,"四川","理科",0.0382716049382716,120,172.892852779475,29550,31,15120,0.511675126903553
"195",2010,10147,1.6,"辽宁","理科",NA,30,350.437687168855,29550,34,27850,0.942470389170897
"196",2010,10141,18.38,"辽宁","理科",0.0267078189300412,30,350.437687168855,29550,29,11656,0.394450084602369
"197",2010,10159,4.21,"辽宁","理科",NA,19,350.437687168855,29550,33,22217,0.751844331641286
"198",2010,10520,5.94,"湖北","理科",0.0448559670781893,125,226.592657342657,29550,30,13535,0.458037225042301
"199",2010,10145,16.2,"辽宁","理科",0.0465020576131687,42,350.437687168855,29550,33,22866,0.773807106598985
"200",2010,10062,3.49,"天津","理科",NA,10,612.448703751954,29550,34,27798,0.940710659898477
"201",2010,10056,22.65,"天津","理科",0.0650205761316872,30,612.448703751954,29550,26,6611,0.223722504230118
"202",2010,10635,9.33,"重庆","理科",0.0633744855967078,37,228.401888772298,29550,34,29392,0.994653130287648
"203",2010,10652,3.81,"重庆","理科",0.0306172839506173,69,228.401888772298,29550,33,23308,0.788764805414552
"204",2010,10034,5.38,"北京","理科",0.258024691358025,53,653.387096774194,29550,20,2046,0.069238578680203
"205",2010,10055,30.09,"天津","理科",0.160082304526749,28,612.448703751954,29550,19,1753,0.0593231810490694
"206",2010,10611,15.33,"重庆","理科",0.060082304526749,80,228.401888772298,29550,32,17825,0.603214890016921
"207",2010,10710,7.86,"陕西","理科",NA,46,219.205795546016,29550,34,28490,0.964128595600677
"208",2010,10699,18.09,"陕西","理科",NA,21,219.205795546016,29550,31,15713,0.531742808798646
"209",2010,10708,1.08,"陕西","理科",NA,15,219.205795546016,29550,34,25220,0.853468697123519
"210",2010,10718,5.82,"陕西","理科",NA,32,219.205795546016,29550,34,28571,0.966869712351946
"211",2010,10697,11.58,"陕西","理科",0.0477366255144033,6,219.205795546016,29550,34,28814,0.975093062605753
"212",2010,10698,27.45,"陕西","理科",0.0584362139917695,28,219.205795546016,29550,24,4333,0.14663282571912
"213",2010,10053,6.2,"北京","理科",0.193004115226337,39,653.387096774194,29550,24,4748,0.160676818950931
"214",2010,19422,28.98,"山东","理科",0.0888888888888889,18,357.925831283064,29550,34,29187,0.987715736040609
"215",2010,10712,8.9,"陕西","理科",NA,14,219.205795546016,29550,33,23607,0.798883248730965
"216",2010,10422,28.98,"山东","理科",0.0888888888888889,61,357.925831283064,29550,31,14519,0.491336717428088
"217",2010,10307,8.61,"江苏","理科",NA,59,441.179426726531,29550,34,27677,0.936615905245347
"218",2010,10701,8.21,"陕西","理科",NA,90,219.205795546016,29550,33,21794,0.737529610829103
"219",2010,10558,32.72,"广东","理科",0.226748971193416,2810,389.751600745512,29550,29,11428,0.38673434856176
"220",2010,10561,16.15,"广东","理科",0.0736625514403292,2981,389.751600745512,29550,29,10589,0.35834179357022
"221",2010,10724,NA,"陕西","理科",NA,7,219.205795546016,29550,34,28511,0.964839255499154
"222",2010,10403,7.42,"江西","理科",0.042798353909465,22,172.719019206467,29550,34,29057,0.98331641285956
"223",2010,10703,2.72,"陕西","理科",NA,1,219.205795546016,29550,27,7387,0.249983079526227
"224",2010,80001,1.81,"广东","理科",NA,246,389.751600745512,29550,34,29092,0.984500846023689
"225",2010,10213,28.32,"黑龙江","理科",0.0555555555555556,63,224.437468799088,29550,27,7458,0.25238578680203
"226",2010,10107,NA,"黑龙江","理科",NA,4,224.437468799088,29550,32,19245,0.651269035532995
"227",2010,10226,3.57,"黑龙江","理科",NA,18,224.437468799088,29550,34,28616,0.96839255499154
"228",2010,10184,3.17,"吉林","理科",NA,6,265.691445675385,29550,34,29550,1
"229",2010,10220,NA,"黑龙江","理科",NA,5,224.437468799088,29550,34,28693,0.970998307952623
"230",2010,10225,5.46,"黑龙江","理科",NA,16,224.437468799088,29550,34,29550,1
"231",2010,10217,10.44,"黑龙江","理科",NA,20,224.437468799088,29550,34,26000,0.879864636209814
"232",2010,10163,1.67,"辽宁","理科",NA,10,350.437687168855,29550,33,24363,0.824467005076142
"329",2011,10010,7.76,"北京","理科",NA,47,719.383250930221,30392,34,29317,0.964628849697289
"330",2011,10126,5.47,"内蒙古","理科",NA,7,472.13390610716,30392,34,30392,1
"331",2011,10003,94.72,"北京","理科",0.882591093117409,27,719.383250930221,30392,3,95,0.00312582258489076
"332",2011,10280,8.18,"上海","理科",0.0615384615384615,27,745.484787159199,30392,30,13602,0.447551987365096
"333",2011,10276,1.33,"上海","理科",0.0293117408906883,27,745.484787159199,30392,33,22664,0.745722558568044
"334",2011,10030,3.65,"北京","理科",0.0320242914979757,8,719.383250930221,30392,21,2824,0.0929191892603317
"335",2011,10070,1.39,"天津","理科",NA,23,709.961594409254,30392,32,18793,0.618353514082653
"336",2011,10036,3.85,"北京","理科",0.0481781376518219,32,719.383250930221,30392,20,2261,0.0743945775204001
"337",2011,10422,29.13,"山东","理科",0.088663967611336,61,408.536202514218,30392,30,14621,0.481080547512503
"338",2011,10055,29.16,"天津","理科",0.173279352226721,28,709.961594409254,30392,20,2032,0.0668596999210319
"339",2011,10001,100,"北京","理科",1,12,719.383250930221,30392,3,101,0.00332324295867334
"340",2011,10053,5.85,"北京","理科",0.17004048582996,39,719.383250930221,30392,25,5090,0.167478283758884
"341",2011,10031,NA,"北京","理科",NA,13,719.383250930221,30392,31,15042,0.494932877072914
"342",2011,19248,43.63,"上海","理科",0.246558704453441,8,745.484787159199,30392,19,1717,0.0564951302974467
"343",2011,11846,1.47,"广东","理科",0.0279757085020243,1908,440.698442860509,30392,31,15494,0.509805211897868
"344",2011,19614,10.02,"四川","理科",0.0672064777327935,20,213.619029151315,30392,34,30392,1
"345",2011,10558,33.78,"广东","理科",0.259514170040486,2722,440.698442860509,30392,26,6151,0.202388786522769
"346",2011,10004,10.87,"北京","理科",0.0404858299595142,76,719.383250930221,30392,30,13584,0.446959726243748
"347",2011,19213,27.82,"山东","理科",0.0765182186234818,20,408.536202514218,30392,34,26327,0.866247696762306
"348",2011,12121,5.27,"广东","理科",NA,1899,440.698442860509,30392,34,30392,1
"349",2011,10005,7.54,"北京","理科",0.0325910931174089,14,719.383250930221,30392,33,25010,0.822913924717031
"350",2011,10008,13.8,"北京","理科",0.059919028340081,42,719.383250930221,30392,34,29750,0.978876020005265
"351",2011,10033,NA,"北京","理科",NA,24,719.383250930221,30392,31,16645,0.547677020268492
"352",2011,10002,35.65,"北京","理科",0.493927125506073,34,719.383250930221,30392,13,625,0.0205646222690182
"353",2011,11413,11.94,"北京","理科",NA,6,719.383250930221,30392,34,27661,0.910140826533298
"354",2011,10564,6.25,"广东","理科",0.0404858299595142,5324,440.698442860509,30392,34,30392,1
"355",2011,10271,2.8,"上海","理科",0.0293927125506073,9,745.484787159199,30392,25,5560,0.182942879705186
"356",2011,10559,7.36,"广东","理科",0.0680161943319838,1354,440.698442860509,30392,29,11312,0.372203211371414
"357",2011,10023,NA,"北京","理科",NA,5,719.383250930221,30392,34,30392,1
"358",2011,10246,54.89,"上海","理科",0.469635627530364,36,745.484787159199,30392,8,260,0.00855488286391155
"359",2011,10062,3.77,"天津","理科",NA,5,709.961594409254,30392,33,25146,0.827388786522769
"360",2011,10570,1.36,"广东","理科",NA,310,440.698442860509,30392,34,28533,0.938832587523032
"361",2011,10290,11.94,"江苏","理科",NA,90,526.416192463409,30392,34,30392,1
"362",2011,10255,7.8,"上海","理科",0.0374089068825911,36,745.484787159199,30392,33,23025,0.757600684390629
"363",2011,10560,1.78,"广东","理科",NA,675,440.698442860509,30392,34,30392,1
"364",2011,10007,16.6,"北京","理科",0.0765182186234818,65,719.383250930221,30392,28,9536,0.313766780731771
"365",2011,10357,5,"安徽","理科",NA,10,207.486192019071,30392,34,30392,1
"366",2011,10026,4.04,"北京","理科",0.0288259109311741,6,719.383250930221,30392,29,10651,0.3504540668597
"367",2011,10359,7.28,"安徽","理科",NA,105,207.486192019071,30392,34,29912,0.984206370097394
"368",2011,10252,1.85,"上海","理科",NA,55,745.484787159199,30392,32,19761,0.650204001052909
"369",2011,10272,5.45,"上海","理科",0.0744939271255061,25,745.484787159199,30392,17,1222,0.0402079494603843
"370",2011,10294,8.44,"江苏","理科",NA,81,526.416192463409,30392,33,23884,0.785864701237168
"371",2011,10286,19.73,"江苏","理科",0.0724696356275304,50,526.416192463409,30392,29,11297,0.371709660436957
"372",2011,10293,1.45,"江苏","理科",NA,46,526.416192463409,30392,32,17781,0.585055277704659
"373",2011,10316,3.46,"江苏","理科",NA,23,526.416192463409,30392,34,25964,0.85430376414846
"374",2011,10307,8.49,"江苏","理科",0.0276113360323887,69,526.416192463409,30392,34,30392,1
"375",2011,10291,4.97,"江苏","理科",NA,40,526.416192463409,30392,33,24635,0.81057515135562
"376",2011,10019,20,"北京","理科",0.108906882591093,45,719.383250930221,30392,31,16868,0.555014477494077
"377",2011,19013,8.33,"北京","理科",0.0716599190283401,17,719.383250930221,30392,32,18045,0.593741774151092
"378",2011,10284,42.47,"江苏","理科",0.155060728744939,47,526.416192463409,30392,14,780,0.0256646485917347
"379",2011,10299,3.55,"江苏","理科",NA,40,526.416192463409,30392,34,30392,1
"380",2011,10295,5.37,"江苏","理科",NA,25,526.416192463409,30392,34,30392,1
"381",2011,10572,3.11,"广东","理科",NA,1807,440.698442860509,30392,34,30392,1
"382",2011,19001,100,"北京","理科",1,15,719.383250930221,30392,10,358,0.0117794156356936
"383",2011,10034,4.6,"北京","理科",0.240890688259109,58,719.383250930221,30392,20,2114,0.069557778362727
"384",2011,10216,5.1,"河北","理科",NA,5,283.505616103203,30392,34,25986,0.85502763885233
"385",2011,10052,5.97,"北京","理科",0.0502024291497976,8,719.383250930221,30392,32,19109,0.628750987101869
"386",2011,10079,4.39,"河北","理科",NA,64,283.505616103203,30392,34,26888,0.884706501710977
"387",2011,19145,15.08,"河北","理科",0.0393522267206478,40,283.505616103203,30392,34,30392,1
"388",2011,80001,1.78,"广东","理科",NA,246,440.698442860509,30392,33,24252,0.797973150829166
"389",2011,10610,33.37,"四川","理科",0.139676113360324,93,213.619029151315,30392,31,15640,0.514609107659911
"390",2011,10287,10.46,"江苏","理科",NA,42,526.416192463409,30392,33,22894,0.753290339563043
"391",2011,10651,4.34,"四川","理科",0.0518218623481781,36,213.619029151315,30392,32,18147,0.597097920505396
"392",2011,10459,8.94,"河南","理科",0.0672064777327935,36,245.520532200943,30392,34,30392,1
"393",2011,10561,16.47,"广东","理科",0.0748987854251012,2880,440.698442860509,30392,28,9473,0.311693866807054
"394",2011,10335,52.91,"浙江","理科",0.261133603238866,74,508.992180313632,30392,12,501,0.016484601210845
"395",2011,10343,NA,"浙江","理科",NA,15,508.992180313632,30392,34,30392,1
"396",2011,10054,4.39,"北京","理科",NA,70,719.383250930221,30392,30,14155,0.465747565148723
"397",2011,10598,1.14,"广西","理科",NA,15,207.588937093275,30392,34,30392,1
"398",2011,10487,33.77,"湖北","理科",0.116599190283401,168,278.768311879247,30392,27,7159,0.235555409318242
"399",2011,10593,4.7,"广西","理科",0.0265991902834008,5,207.588937093275,30392,34,30392,1
"400",2011,10248,43.63,"上海","理科",0.246558704453441,40,745.484787159199,30392,9,284,0.00934456435904185
"401",2011,10013,8.33,"北京","理科",0.0716599190283401,89,719.383250930221,30392,29,10833,0.356442484864438
"402",2011,10504,10.24,"湖北","理科",0.030080971659919,28,278.768311879247,30392,34,30392,1
"403",2011,10251,12.15,"上海","理科",0.0280566801619433,34,745.484787159199,30392,32,18832,0.61963674651224
"404",2011,10285,8.57,"江苏","理科",0.0274898785425101,24,526.416192463409,30392,32,19270,0.634048433798368
"405",2011,10247,21.63,"上海","理科",0.145344129554656,80,745.484787159199,30392,18,1555,0.0511647802053172
"406",2011,10520,5.78,"湖北","理科",0.0493927125506073,120,278.768311879247,30392,33,21193,0.697321663595683
"407",2011,10486,41.07,"湖北","理科",0.269230769230769,174,278.768311879247,30392,26,6495,0.213707554619637
"408",2011,10497,8.82,"湖北","理科",0.042914979757085,204,278.768311879247,30392,32,19066,0.62733614108976
"409",2011,19422,29.13,"山东","理科",0.088663967611336,32,408.536202514218,30392,34,30392,1
"410",2011,10006,21.96,"北京","理科",0.0748987854251012,52,719.383250930221,30392,19,1860,0.0612003158725981
"411",2011,10511,11.7,"湖北","理科",0.0643724696356275,26,278.768311879247,30392,33,24288,0.799157673071861
"412",2011,10541,0.91,"湖南","理科",NA,10,244.105264760049,30392,34,26565,0.874078704922348
"413",2011,10532,14.05,"湖南","理科",0.0663967611336032,170,244.105264760049,30392,31,16821,0.553468017899447
"414",2011,10043,NA,"北京","理科",NA,14,719.383250930221,30392,34,30392,1
"415",2011,11414,11.06,"北京","理科",0.059919028340081,17,719.383250930221,30392,32,17685,0.581896551724138
"416",2011,10542,8.25,"湖南","理科",0.0302834008097166,28,244.105264760049,30392,34,29904,0.983943142932351
"417",2011,10530,4.58,"湖南","理科",NA,43,244.105264760049,30392,34,30392,1
"418",2011,10533,27.77,"湖南","理科",0.0761133603238866,205,244.105264760049,30392,30,13994,0.460450118452224
"419",2011,10022,7.66,"北京","理科",NA,69,719.383250930221,30392,34,25920,0.852856014740721
"420",2011,11415,11.82,"北京","理科",0.0359919028340081,29,719.383250930221,30392,33,23837,0.784318241642537
"421",2011,10288,10.68,"江苏","理科",0.0258704453441296,41,526.416192463409,30392,31,15341,0.504770992366412
"422",2011,10730,14.61,"甘肃","理科",0.0449392712550607,54,160.968054437925,30392,33,24664,0.811529349828902
"423",2011,10403,6.91,"江西","理科",0.0388259109311741,20,211.804859204515,30392,34,27066,0.890563306133193
"424",2011,10200,10.81,"吉林","理科",NA,9,315.57489259448,30392,34,30392,1
"425",2011,10183,35.41,"吉林","理科",0.0680161943319838,100,315.57489259448,30392,32,19965,0.656916293761516
"426",2011,10384,26.03,"福建","理科",0.17085020242915,87,399.055510425129,30392,27,7331,0.241214793366675
"427",2011,10385,1.64,"福建","理科",0.0312145748987854,182,399.055510425129,30392,34,30392,1
"428",2011,10107,NA,"河北","理科",NA,4,283.505616103203,30392,34,30392,1
"429",2011,10080,3.05,"河北","理科",NA,10,283.505616103203,30392,34,25756,0.847459857857331
"430",2011,10657,5,"贵州","理科",NA,16,132.283989652199,30392,34,30392,1
"431",2011,10613,10.15,"四川","理科",NA,100,213.619029151315,30392,32,20792,0.684127401947881
"432",2011,10163,1.59,"辽宁","理科",NA,10,421.880457142857,30392,34,30392,1
"433",2011,10141,17.8,"辽宁","理科",0.0267611336032389,30,421.880457142857,30392,30,13424,0.44169518294288
"434",2011,10614,10.02,"四川","理科",0.0672064777327935,120,213.619029151315,30392,31,15960,0.525138194261648
"435",2011,10173,3.38,"辽宁","理科",NA,20,421.880457142857,30392,32,19301,0.635068439062911
"436",2011,10145,15.08,"辽宁","理科",0.0393522267206478,50,421.880457142857,30392,33,23179,0.762667807317715
"437",2011,10589,4.75,"海南","理科",0.0353036437246964,162,237.695008922918,30392,34,30392,1
"438",2011,10147,1.54,"辽宁","理科",NA,31,421.880457142857,30392,34,30392,1
"439",2011,10151,3.28,"辽宁","理科",NA,78,421.880457142857,30392,34,27389,0.901191102921822
"440",2011,10140,4.79,"辽宁","理科",0.032914979757085,16,421.880457142857,30392,34,28899,0.950875230323769
"441",2011,10159,3.96,"辽宁","理科",NA,37,421.880457142857,30392,34,30392,1
"442",2011,10056,21.98,"天津","理科",0.0757085020242915,33,709.961594409254,30392,30,12966,0.426625427744143
"443",2011,10635,9.96,"重庆","理科",0.0603238866396761,36,274.753000395199,30392,34,28930,0.951895235588313
"444",2011,10358,NA,"安徽","理科",NA,35,207.486192019071,30392,14,700,0.0230323769413003
"445",2011,10491,11.82,"湖北","理科",0.0359919028340081,49,278.768311879247,30392,34,25460,0.837720452750724
"446",2011,10611,15.19,"重庆","理科",0.0712550607287449,86,274.753000395199,30392,31,16086,0.529284022111082
"447",2011,10652,3.77,"重庆","理科",0.0389878542510121,68,274.753000395199,30392,33,21429,0.705086864964464
"448",2011,10698,26.73,"陕西","理科",0.0898785425101215,30,271.043641231593,30392,24,4670,0.153658857594104
"449",2011,10300,1.15,"江苏","理科",NA,12,526.416192463409,30392,34,30392,1
"450",2011,10697,11.63,"陕西","理科",0.0449392712550607,4,271.043641231593,30392,34,30392,1
"451",2011,10703,2.74,"陕西","理科",NA,4,271.043641231593,30392,33,24029,0.79063569360358
"452",2011,10423,11.21,"山东","理科",0.0284615384615385,86,408.536202514218,30392,33,21446,0.705646222690182
"453",2011,10710,8.57,"陕西","理科",NA,50,271.043641231593,30392,34,30392,1
"454",2011,10701,8.31,"陕西","理科",NA,91,271.043641231593,30392,32,18529,0.60966701763622
"455",2011,10425,11.06,"山东","理科",0.059919028340081,40,408.536202514218,30392,34,27597,0.908035009212951
"456",2011,10708,1.05,"陕西","理科",NA,5,271.043641231593,30392,34,30392,1
"457",2011,10112,5.42,"山西","理科",NA,30,257.430800954643,30392,34,30392,1
"458",2011,10699,17.08,"陕西","理科",NA,21,271.043641231593,30392,31,15664,0.515398789155041
"459",2011,10712,8.74,"陕西","理科",NA,14,271.043641231593,30392,34,30392,1
"460",2011,10718,5.8,"陕西","理科",NA,43,271.043641231593,30392,34,30392,1
"461",2011,10700,3.18,"陕西","理科",NA,54,271.043641231593,30392,34,30392,1
"462",2011,10724,NA,"陕西","理科",NA,6,271.043641231593,30392,32,18751,0.616971571466175
"463",2011,10386,5.8,"福建","理科",0.0269635627530364,10,399.055510425129,30392,32,20679,0.680409318241643
"464",2011,10574,6.61,"广东","理科",0.0522267206477733,1874,440.698442860509,30392,32,19956,0.656620163200842
"465",2011,10225,5.11,"黑龙江","理科",NA,19,270.484041373733,30392,34,30392,1
"466",2011,10213,27.82,"黑龙江","理科",0.0765182186234818,75,270.484041373733,30392,34,27812,0.915109239273493
"467",2011,10107,NA,"黑龙江","理科",NA,4,270.484041373733,30392,34,30392,1
"468",2011,10184,2.94,"吉林","理科",NA,6,315.57489259448,30392,34,30392,1
"469",2011,10217,9.83,"黑龙江","理科",NA,20,270.484041373733,30392,33,21667,0.712917873124506
"470",2011,10226,3.89,"黑龙江","理科",NA,18,270.484041373733,30392,34,30392,1
"471",2011,10220,NA,"黑龙江","理科",NA,5,270.484041373733,30392,34,30392,1
"570",2012,19248,42.52,"上海","理科",0.165558912386707,8,817.721707718129,29207,16,1036,0.0354709487451638
"571",2012,10251,12.54,"上海","理科",0.0255589123867069,36,817.721707718129,29207,31,15180,0.519738418872188
"572",2012,10033,NA,"北京","理科",NA,26,805.108986426236,29207,29,11180,0.382784948813641
"573",2012,10425,11.26,"山东","理科",0.0537764350453172,40,470.691907563034,29207,33,23126,0.791796487143493
"574",2012,19013,8.49,"北京","理科",0.0773413897280967,19,805.108986426236,29207,32,17608,0.602869175197727
"575",2012,10613,10.33,"四川","理科",0.0277039274924471,104,261.20099378882,29207,32,17702,0.606087581744102
"576",2012,10247,21.1,"上海","理科",0.16404833836858,81,817.721707718129,29207,19,1751,0.0599513815181292
"577",2012,10651,4.45,"四川","理科",0.0380664652567976,36,261.20099378882,29207,30,12994,0.444893347485192
"578",2012,10010,8.53,"北京","理科",NA,49,805.108986426236,29207,33,21850,0.748108330194816
"579",2012,10126,5.82,"内蒙古","理科",NA,6,578.628445708806,29207,34,29207,1
"580",2012,10004,10.66,"北京","理科",0.0537764350453172,77,805.108986426236,29207,30,12460,0.426610059232376
"581",2012,10036,3.89,"北京","理科",0.0450151057401813,33,805.108986426236,29207,20,2136,0.0731331530112644
"582",2012,10002,36.61,"北京","理科",0.578851963746224,34,805.108986426236,29207,15,772,0.0264320197212997
"583",2012,10610,32.23,"四川","理科",0.136253776435045,86,261.20099378882,29207,30,12524,0.428801314753313
"584",2012,10561,16.73,"广东","理科",0.0830815709969789,2731,506.523369823893,29207,28,9024,0.308967028452083
"585",2012,10271,2.86,"上海","理科",0.0283987915407855,10,817.721707718129,29207,25,5368,0.183791556818571
"586",2012,10570,1.26,"广东","理科",NA,208,506.523369823893,29207,33,24324,0.832814051426028
"587",2012,10423,11.11,"山东","理科",0.0311178247734139,86,470.691907563034,29207,32,19899,0.68130927517376
"588",2012,10054,4.6,"北京","理科",NA,72,805.108986426236,29207,30,12320,0.421816687780327
"589",2012,10564,6.15,"广东","理科",0.0323262839879154,5259,506.523369823893,29207,34,29207,1
"590",2012,10572,3.16,"广东","理科",NA,1462,506.523369823893,29207,34,29207,1
"591",2012,10008,13.97,"北京","理科",0.0613293051359517,49,805.108986426236,29207,30,13395,0.458622932858561
"592",2012,11414,11.26,"北京","理科",0.0537764350453172,16,805.108986426236,29207,34,29207,1
"593",2012,10246,55.57,"上海","理科",0.453172205438066,40,817.721707718129,29207,13,601,0.0205772588762968
"594",2012,10031,NA,"北京","理科",NA,13,805.108986426236,29207,30,12942,0.443112952374431
"595",2012,10560,1.66,"广东","理科",NA,662,506.523369823893,29207,34,29207,1
"596",2012,10593,4.94,"广西","理科",0.0269788519637462,6,252.333046286329,29207,34,29207,1
"597",2012,10070,1.51,"天津","理科",NA,21,834.744348801843,29207,32,17585,0.60208169274489
"598",2012,10598,1.06,"广西","理科",NA,13,252.333046286329,29207,34,26421,0.904611908104222
"599",2012,19614,10.42,"四川","理科",0.0598187311178248,20,261.20099378882,29207,34,26470,0.906289588112439
"600",2012,10358,NA,"安徽","理科",NA,33,256.378183646113,29207,14,677,0.0231793748074092
"601",2012,10290,12.25,"江苏","理科",0.0241087613293051,96,621.743376782527,29207,34,29207,1
"602",2012,10294,8.95,"江苏","理科",NA,88,621.743376782527,29207,33,22297,0.763412880473859
"603",2012,10316,3.4,"江苏","理科",NA,21,621.743376782527,29207,33,23353,0.799568596569316
"604",2012,10574,6.64,"广东","理科",0.0504531722054381,1810,506.523369823893,29207,32,20245,0.693155750333824
"605",2012,10006,21.85,"北京","理科",0.0628398791540786,55,805.108986426236,29207,20,2071,0.070907659122813
"606",2012,10558,33.77,"广东","理科",0.250453172205438,2677,506.523369823893,29207,26,6082,0.208237751224022
"607",2012,10272,5.92,"上海","理科",0.0676737160120846,25,817.721707718129,29207,18,1354,0.0463587496148184
"608",2012,10288,9.85,"江苏","理科",NA,43,621.743376782527,29207,31,14754,0.505152874310953
"609",2012,10276,1.3,"上海","理科",0.0256495468277946,27,817.721707718129,29207,32,18808,0.643955216215291
"610",2012,10291,4.77,"江苏","理科",0.0241087613293051,31,621.743376782527,29207,34,29083,0.995754442428185
"611",2012,10307,9.25,"江苏","理科",NA,71,621.743376782527,29207,34,29207,1
"612",2012,10056,22.17,"天津","理科",0.0731117824773414,40,834.744348801843,29207,29,10825,0.370630328345944
"613",2012,10255,7.73,"上海","理科",0.0323262839879154,36,817.721707718129,29207,32,19489,0.667271544492759
"614",2012,10286,19.22,"江苏","理科",0.0779456193353474,50,621.743376782527,29207,28,9113,0.312014243160886
"615",2012,10001,100,"北京","理科",1,12,805.108986426236,29207,3,100,0.00342383675146369
"616",2012,10300,1.24,"江苏","理科",NA,12,621.743376782527,29207,34,28711,0.98301776971274
"617",2012,10359,8.02,"安徽","理科",NA,50,256.378183646113,29207,33,21962,0.751943027356456
"618",2012,10285,8.61,"江苏","理科",0.027583081570997,26,621.743376782527,29207,34,24387,0.83497106857945
"619",2012,19001,100,"北京","理科",1,16,805.108986426236,29207,11,402,0.013763823740884
"620",2012,10287,9.3,"江苏","理科",NA,54,621.743376782527,29207,31,16496,0.56479611052145
"621",2012,10043,NA,"北京","理科",NA,11,805.108986426236,29207,34,29207,1
"622",2012,10007,15.14,"北京","理科",0.0767371601208459,70,805.108986426236,29207,29,10268,0.351559557640292
"623",2012,10034,4.9,"北京","理科",0.242900302114804,60,805.108986426236,29207,18,1474,0.0504673537165748
"624",2012,10299,3.4,"江苏","理科",NA,40,621.743376782527,29207,34,29027,0.993837093847365
"625",2012,10013,8.49,"北京","理科",0.0773413897280967,90,805.108986426236,29207,27,8001,0.27394117848461
"626",2012,19213,27.27,"山东","理科",0.0424773413897281,25,470.691907563034,29207,32,18600,0.636833635772246
"627",2012,11415,11.85,"北京","理科",0.0368580060422961,29,805.108986426236,29207,33,23997,0.821618105248742
"628",2012,10559,8.2,"广东","理科",0.0803625377643505,1412,506.523369823893,29207,30,11744,0.402095388091896
"629",2012,10019,19.6,"北京","理科",0.0921148036253776,43,805.108986426236,29207,31,14354,0.491457527305098
"630",2012,10079,4.6,"河北","理科",NA,67,338.591618546207,29207,32,17706,0.606224535214161
"631",2012,10080,3.34,"河北","理科",NA,20,338.591618546207,29207,34,29207,1
"632",2012,10216,4.84,"河北","理科",NA,5,338.591618546207,29207,34,27389,0.93775464785839
"633",2012,10269,21.25,"上海","理科",0.0894259818731118,12,817.721707718129,29207,34,24729,0.846680590269456
"634",2012,12121,4.36,"广东","理科",NA,1500,506.523369823893,29207,34,29207,1
"635",2012,10459,8.58,"河南","理科",0.0673716012084592,54,286.859198316191,29207,34,29207,1
"636",2012,10335,56.1,"浙江","理科",0.25226586102719,80,591.595277320154,29207,12,487,0.0166740849796282
"637",2012,10003,96.18,"北京","理科",0.898972809667674,49,805.108986426236,29207,3,96,0.00328688328140514
"638",2012,10343,NA,"浙江","理科",NA,15,591.595277320154,29207,34,29207,1
"639",2012,10755,5.48,"新疆","理科",NA,4,299.271973233245,29207,34,29207,1
"640",2012,10589,4.76,"海南","理科",0.0435045317220544,140,287.521940322323,29207,34,29207,1
"641",2012,10053,6.45,"北京","理科",0.167673716012085,34,805.108986426236,29207,23,3412,0.116821309959941
"642",2012,10511,11.86,"湖北","理科",0.0664652567975831,38,340.956234803751,29207,33,23672,0.810490635806485
"643",2012,10487,34.56,"湖北","理科",0.150151057401813,150,340.956234803751,29207,31,15332,0.524942650734413
"644",2012,10280,8.16,"上海","理科",0.0719033232628399,22,817.721707718129,29207,31,16895,0.57845721915979
"645",2012,10248,42.52,"上海","理科",0.165558912386707,40,817.721707718129,29207,10,309,0.0105796555620228
"646",2012,10252,1.89,"上海","理科",NA,55,817.721707718129,29207,32,19247,0.658985859554216
"647",2012,19002,36.61,"江苏","理科",0.578851963746224,4,621.743376782527,29207,22,3260,0.111617078097716
"648",2012,10491,11.85,"湖北","理科",0.0368580060422961,47,340.956234803751,29207,33,22208,0.760365665765056
"649",2012,10022,8.11,"北京","理科",0.0240483383685801,74,805.108986426236,29207,34,25317,0.866812750368062
"650",2012,10486,39.37,"湖北","理科",0.222356495468278,169,340.956234803751,29207,28,9602,0.328756804875544
"651",2012,10497,9.11,"湖北","理科",0.0344410876132931,200,340.956234803751,29207,32,17073,0.584551648577396
"652",2012,10293,1.76,"江苏","理科",NA,46,621.743376782527,29207,32,18136,0.620947033245455
"653",2012,10284,42.9,"江苏","理科",0.169184290030211,46,621.743376782527,29207,15,803,0.0274934091142534
"654",2012,10520,5.87,"湖北","理科",0.0492447129909366,125,340.956234803751,29207,31,15752,0.53932276509056
"655",2012,10052,5.92,"北京","理科",0.0374622356495468,8,805.108986426236,29207,31,16794,0.574999144040812
"656",2012,10542,8.22,"湖南","理科",0.0335347432024169,24,298.22245133119,29207,34,24383,0.834834115109392
"657",2012,10005,7.47,"北京","理科",0.0380664652567976,18,805.108986426236,29207,33,20926,0.716472078611292
"658",2012,10541,1,"湖南","理科",NA,10,298.22245133119,29207,34,29207,1
"659",2012,10030,3.61,"北京","理科",0.0371601208459214,8,805.108986426236,29207,20,2018,0.0690930256445373
"660",2012,10533,27.62,"湖南","理科",0.0645015105740181,202,298.22245133119,29207,30,12514,0.428458931078166
"661",2012,10530,4.36,"湖南","理科",0.0240785498489426,35,298.22245133119,29207,34,29207,1
"662",2012,10532,13.92,"湖南","理科",0.0564954682779456,185,298.22245133119,29207,30,13401,0.458828363063649
"663",2012,10200,11.08,"吉林","理科",0.024833836858006,8,384.403562946232,29207,34,29207,1
"664",2012,10730,13.82,"甘肃","理科",0.0522658610271903,60,195.787753637601,29207,33,21526,0.737015099120074
"665",2012,10184,2.98,"吉林","理科",NA,6,384.403562946232,29207,34,29207,1
"666",2012,10026,4.57,"北京","理科",0.0302114803625378,6,805.108986426236,29207,28,9130,0.312596295408635
"667",2012,10403,6.61,"江西","理科",0.040785498489426,19,260.732651080943,29207,34,25229,0.863799774026774
"668",2012,10107,NA,"河北","理科",NA,5,338.591618546207,29207,34,28079,0.96137912144349
"669",2012,10614,10.42,"四川","理科",0.0598187311178248,130,261.20099378882,29207,31,14280,0.488923888109015
"670",2012,10385,1.78,"福建","理科",0.0344410876132931,160,472.047849462366,29207,34,29207,1
"671",2012,10384,25.42,"福建","理科",0.146525679758308,91,472.047849462366,29207,27,7122,0.243845653439244
"672",2012,10657,4.92,"贵州","理科",NA,12,164.365523205535,29207,34,29207,1
"673",2012,19145,14.97,"河北","理科",0.0323262839879154,46,338.591618546207,29207,34,29207,1
"674",2012,11413,12.25,"北京","理科",0.0241087613293051,7,805.108986426236,29207,34,27484,0.941007292772281
"675",2012,10140,4.75,"辽宁","理科",NA,18,507.111567419576,29207,34,27283,0.934125380901839
"676",2012,10173,3.18,"辽宁","理科",NA,19,507.111567419576,29207,32,17253,0.59071455473003
"677",2012,10151,3.37,"辽宁","理科",NA,77,507.111567419576,29207,34,28425,0.973225596603554
"678",2012,10145,14.97,"辽宁","理科",0.0323262839879154,92,507.111567419576,29207,33,23386,0.800698462697299
"679",2012,10055,27.84,"天津","理科",0.152296072507553,31,834.744348801843,29207,19,1893,0.0648132297052077
"680",2012,10163,1.47,"辽宁","理科",NA,9,507.111567419576,29207,34,29207,1
"681",2012,10141,17.34,"辽宁","理科",0.0252567975830816,35,507.111567419576,29207,30,13157,0.450474201390078
"682",2012,10147,1.75,"辽宁","理科",NA,28,507.111567419576,29207,34,29207,1
"683",2012,19359,8.02,"安徽","理科",NA,64,256.378183646113,29207,34,29207,1
"684",2012,10357,4.75,"安徽","理科",0.0264350453172205,14,256.378183646113,29207,34,29207,1
"685",2012,10652,3.71,"重庆","理科",0.0401812688821752,61,342.972593353888,29207,32,18152,0.621494847125689
"686",2012,10611,14.47,"重庆","理科",0.0719033232628399,89,342.972593353888,29207,31,15786,0.540486869586058
"687",2012,10366,1.63,"安徽","理科",NA,3,256.378183646113,29207,34,25590,0.876159824699558
"688",2012,19422,27.49,"山东","理科",0.102719033232628,35,470.691907563034,29207,34,26943,0.922484335946862
"689",2012,10422,27.49,"山东","理科",0.102719033232628,81,470.691907563034,29207,34,29207,1
"690",2012,10635,10.52,"重庆","理科",0.0525679758308157,42,342.972593353888,29207,33,24017,0.822302872599034
"691",2012,10698,26.43,"陕西","理科",0.0667673716012085,31,334.285332620892,29207,24,3934,0.134693737802582
"692",2012,10700,3.26,"陕西","理科",NA,42,334.285332620892,29207,34,29207,1
"693",2012,10504,10.73,"湖北","理科",0.0308157099697885,25,340.956234803751,29207,34,29207,1
"694",2012,10724,NA,"陕西","理科",NA,7,334.285332620892,29207,34,28070,0.961070976135858
"695",2012,10703,2.76,"陕西","理科",NA,3,334.285332620892,29207,30,12065,0.413085904064094
"696",2012,10112,5.63,"山西","理科",NA,30,312.737944162437,29207,34,29207,1
"697",2012,10295,6.11,"江苏","理科",NA,41,621.743376782527,29207,34,29183,0.999178279179649
"698",2012,10701,7.81,"陕西","理科",NA,92,334.285332620892,29207,31,16772,0.57424589995549
"699",2012,10697,11.59,"陕西","理科",0.0486404833836858,4,334.285332620892,29207,34,29207,1
"700",2012,10712,8.48,"陕西","理科",NA,10,334.285332620892,29207,34,29207,1
"701",2012,10710,9.48,"陕西","理科",NA,50,334.285332620892,29207,34,24898,0.85246687437943
"702",2012,10718,5.97,"陕西","理科",NA,39,334.285332620892,29207,34,29207,1
"703",2012,10708,1.16,"陕西","理科",NA,5,334.285332620892,29207,34,29207,1
"704",2012,80001,1.66,"广东","理科",NA,242,506.523369823893,29207,34,24749,0.847365357619749
"705",2012,10699,15.62,"陕西","理科",0.0246525679758308,25,334.285332620892,29207,34,29207,1
"706",2012,10183,33.68,"吉林","理科",0.075226586102719,108,384.403562946232,29207,33,22234,0.761255863320437
"707",2012,11846,1.37,"广东","理科",0.028036253776435,1839,506.523369823893,29207,32,17488,0.59876057109597
"708",2012,10386,5.91,"福建","理科",0.0263746223564955,16,472.047849462366,29207,32,20157,0.690142773992536
"709",2012,10220,NA,"黑龙江","理科",NA,5,328.168158142519,29207,34,29207,1
"710",2012,10225,5.02,"黑龙江","理科",NA,23,328.168158142519,29207,34,29207,1
"711",2012,10213,27.27,"黑龙江","理科",0.0424773413897281,65,328.168158142519,29207,28,9387,0.321395555859897
"712",2012,10107,NA,"黑龙江","理科",NA,5,328.168158142519,29207,34,28079,0.96137912144349
"713",2012,10226,3.88,"黑龙江","理科",NA,18,328.168158142519,29207,34,29207,1
"714",2012,10159,4.19,"辽宁","理科",NA,37,507.111567419576,29207,34,25164,0.861574280138323
"715",2012,10217,8.48,"黑龙江","理科",NA,25,328.168158142519,29207,34,29207,1
"814",2013,10008,13,"北京","理科",0.0576642335766423,56,864.031314937418,40420,29,14460,0.357743691241959
"815",2013,19248,47.62,"上海","理科",0.165693430656934,8,847.818251324341,40420,10,479,0.011850569025235
"816",2013,19001,100,"北京","理科",1,18,864.031314937418,40420,6,229,0.00566551212271153
"817",2013,10252,1.78,"上海","理科",NA,69,847.818251324341,40420,32,27201,0.672958931222167
"818",2013,10003,96.81,"北京","理科",0.975669099756691,63,864.031314937418,40420,2,111,0.00274616526472044
"819",2013,10255,10.43,"上海","理科",0.0311435523114355,37,847.818251324341,40420,31,22822,0.564621474517566
"820",2013,10013,7.69,"北京","理科",0.0788321167883212,101,864.031314937418,40420,25,6720,0.166254329539832
"821",2013,10054,4.44,"北京","理科",NA,86,864.031314937418,40420,34,40420,1
"822",2013,10033,NA,"北京","理科",NA,26,864.031314937418,40420,26,9143,0.22619990103909
"823",2013,10247,21.52,"上海","理科",0.165450121654501,98,847.818251324341,40420,16,1444,0.0357248886689758
"824",2013,10613,9.61,"四川","理科",0.0277372262773723,112,295.594462742379,40420,31,21190,0.524245423057892
"825",2013,10248,47.62,"上海","理科",0.165693430656934,43,847.818251324341,40420,7,274,0.00677882236516576
"826",2013,10272,5.15,"上海","理科",0.0695863746958637,32,847.818251324341,40420,19,2583,0.0639040079168728
"827",2013,10053,5.8,"北京","理科",0.169099756690998,42,864.031314937418,40420,22,3870,0.0957446808510638
"828",2013,11415,11.87,"北京","理科",0.0360097323600973,34,864.031314937418,40420,33,31160,0.770905492330529
"829",2013,10276,1.42,"上海","理科",0.0257907542579075,34,847.818251324341,40420,31,22447,0.55534388916378
"830",2013,10070,1.52,"天津","理科",NA,26,912.42118671054,40420,32,26286,0.650321622958931
"831",2013,10357,4.42,"安徽","理科",0.0265206812652068,20,287.442384769539,40420,33,33314,0.824195942602672
"832",2013,10626,3.61,"四川","理科",NA,20,295.594462742379,40420,34,40420,1
"833",2013,10359,7.89,"安徽","理科",NA,67,287.442384769539,40420,33,29635,0.733176645225136
"834",2013,19359,7.89,"安徽","理科",NA,80,287.442384769539,40420,34,40420,1
"835",2013,10052,5.22,"北京","理科",0.0369829683698297,9,864.031314937418,40420,32,24486,0.605789213260762
"836",2013,11414,9.95,"北京","理科",0.054014598540146,19,864.031314937418,40420,32,27089,0.670188025729837
"837",2013,10561,16.98,"广东","理科",0.0888077858880779,2662,538.681517840287,40420,26,9052,0.223948540326571
"838",2013,10422,28.09,"山东","理科",0.122141119221411,104,516.405899098284,40420,29,15693,0.388248391885205
"839",2013,10010,8.77,"北京","理科",NA,59,864.031314937418,40420,31,23362,0.577981197427016
"840",2013,10564,5.48,"广东","理科",0.0311435523114355,5622,538.681517840287,40420,34,40420,1
"841",2013,10559,7.58,"广东","理科",0.0815085158150852,1418,538.681517840287,40420,28,11843,0.292998515586343
"842",2013,10200,12.73,"吉林","理科",0.0250608272506083,22,434.091041303083,40420,34,40420,1
"843",2013,10007,14.04,"北京","理科",0.0778588807785888,74,864.031314937418,40420,27,9832,0.243245917862444
"844",2013,10593,4.79,"广西","理科",0.0272506082725061,7,278.408799658266,40420,34,40420,1
"845",2013,10246,55.87,"上海","理科",0.489051094890511,26,847.818251324341,40420,6,236,0.00583869371598219
"846",2013,80001,2.57,"广东","理科",NA,242,538.681517840287,40420,30,18412,0.455517070757051
"847",2013,11845,1.68,"广东","理科",NA,4949,538.681517840287,40420,34,40420,1
"848",2013,10300,1.59,"江苏","理科",NA,11,682.555006452037,40420,32,27613,0.683151904997526
"849",2013,10290,10.71,"江苏","理科",0.0233576642335766,94,682.555006452037,40420,33,31855,0.788099950519545
"850",2013,19614,10.06,"四川","理科",0.0574209245742092,30,295.594462742379,40420,31,22943,0.567615042058387
"851",2013,10269,18.73,"上海","理科",0.0912408759124088,20,847.818251324341,40420,28,12665,0.313334982681841
"852",2013,10271,2.53,"上海","理科",0.0279805352798054,8,847.818251324341,40420,23,4868,0.120435428005938
"853",2013,10004,9.31,"北京","理科",0.0532846715328467,88,864.031314937418,40420,30,17279,0.427486392874814
"854",2013,10291,4.46,"江苏","理科",0.0230170316301703,30,682.555006452037,40420,33,30620,0.757545769421079
"855",2013,10307,9.16,"江苏","理科",NA,83,682.555006452037,40420,34,40420,1
"856",2013,10055,27.91,"天津","理科",0.157177615571776,33,912.42118671054,40420,18,2041,0.0504948045522019
"857",2013,19213,25.8,"山东","理科",0.0472019464720195,30,516.405899098284,40420,30,17062,0.422117763483424
"858",2013,10043,NA,"北京","理科",NA,16,864.031314937418,40420,34,40420,1
"859",2013,10006,19.81,"北京","理科",0.0600973236009732,55,864.031314937418,40420,18,1854,0.0458683819891143
"860",2013,10755,5.38,"新疆","理科",NA,4,336.141939644748,40420,34,40420,1
"861",2013,10002,28.36,"北京","理科",0.557177615571776,38,864.031314937418,40420,12,613,0.0151657595249876
"862",2013,19002,28.36,"江苏","理科",0.557177615571776,6,682.555006452037,40420,19,2579,0.0638050470064325
"863",2013,10280,9.21,"上海","理科",0.070316301703163,40,847.818251324341,40420,30,17408,0.430677882236517
"864",2013,10294,8.33,"江苏","理科",NA,102,682.555006452037,40420,32,25049,0.619717961405245
"865",2013,10287,10.13,"江苏","理科",NA,64,682.555006452037,40420,29,14395,0.356135576447303
"866",2013,10251,13.21,"上海","理科",0.0255474452554745,36,847.818251324341,40420,29,16041,0.396857991093518
"867",2013,10001,100,"北京","理科",1,18,864.031314937418,40420,2,114,0.00282038594755072
"868",2013,10284,45.01,"江苏","理科",0.177858880778589,58,682.555006452037,40420,13,793,0.0196190004948046
"869",2013,10590,3.35,"广东","理科",0.0700729927007299,620,538.681517840287,40420,32,25130,0.621721919841663
"870",2013,10031,NA,"北京","理科",NA,18,864.031314937418,40420,30,18670,0.461900049480455
"871",2013,10005,6.71,"北京","理科",0.0394160583941606,12,864.031314937418,40420,31,20054,0.496140524492825
"872",2013,19013,7.69,"北京","理科",0.0788321167883212,24,864.031314937418,40420,33,28237,0.698589807026225
"873",2013,10288,9.7,"江苏","理科",NA,47,682.555006452037,40420,30,16681,0.412691736763978
"874",2013,11413,10.71,"北京","理科",0.0233576642335766,10,864.031314937418,40420,33,33507,0.82897080653142
"875",2013,10403,6.38,"江西","理科",0.0413625304136253,42,287.501669929704,40420,34,40420,1
"876",2013,10574,6.15,"广东","理科",0.0496350364963504,1838,538.681517840287,40420,31,22242,0.550272142503711
"877",2013,10316,3.42,"江苏","理科",NA,24,682.555006452037,40420,32,26507,0.655789213260762
"878",2013,19145,13.67,"河北","理科",0.0316301703163017,60,364.665159979197,40420,34,40420,1
"879",2013,11846,1.16,"广东","理科",0.0279805352798054,1821,538.681517840287,40420,30,17668,0.437110341415141
"880",2013,10216,4.36,"河北","理科",NA,5,364.665159979197,40420,32,25212,0.62375061850569
"881",2013,10080,2.96,"河北","理科",NA,20,364.665159979197,40420,34,40420,1
"882",2013,10459,8.47,"河南","理科",0.0688564476885645,60,314.678722544705,40420,33,32048,0.792874814448293
"883",2013,19246,55.87,"上海","理科",0.489051094890511,15,847.818251324341,40420,11,599,0.0148193963384463
"884",2013,10335,54.27,"浙江","理科",0.282238442822384,88,632.925506664232,40420,11,527,0.0130380999505195
"885",2013,10343,1.76,"浙江","理科",NA,15,632.925506664232,40420,34,33929,0.83941118258288
"886",2013,10598,1.41,"广西","理科",NA,10,278.408799658266,40420,32,25725,0.636442355269669
"887",2013,10026,4.08,"北京","理科",0.0289537712895377,10,864.031314937418,40420,25,7497,0.185477486392875
"888",2013,10589,3.99,"海南","理科",0.0454987834549878,119,322.095764480289,40420,34,40420,1
"889",2013,10487,32.05,"湖北","理科",0.155231143552311,170,385.022495241391,40420,26,9385,0.232187036120732
"890",2013,10022,6.85,"北京","理科",0.0228467153284672,87,864.031314937418,40420,33,28470,0.704354280059377
"891",2013,10511,11.06,"湖北","理科",0.0647201946472019,54,385.022495241391,40420,32,25396,0.628302820385948
"892",2013,10036,3.88,"北京","理科",0.0457420924574209,38,864.031314937418,40420,20,2770,0.0685304304799604
"893",2013,10019,18.1,"北京","理科",0.119221411192214,49,864.031314937418,40420,31,19521,0.482953983176645
"894",2013,10030,3.22,"北京","理科",0.0360097323600973,8,864.031314937418,40420,22,3805,0.0941365660564077
"895",2013,10497,9.85,"湖北","理科",0.0347931873479319,237,385.022495241391,40420,30,18663,0.461726867887185
"896",2013,10299,3.82,"江苏","理科",NA,40,682.555006452037,40420,34,40420,1
"897",2013,10126,5.38,"内蒙古","理科",NA,7,637.812719641746,40420,34,40420,1
"898",2013,10286,21.17,"江苏","理科",0.0793187347931874,65,682.555006452037,40420,26,8187,0.20254824344384
"899",2013,10295,6.2,"江苏","理科",NA,46,682.555006452037,40420,32,27181,0.672464126669965
"900",2013,10285,8.82,"江苏","理科",0.0274939172749392,33,682.555006452037,40420,31,20487,0.506853043047996
"901",2013,10520,5.13,"湖北","理科",0.0469586374695864,136,385.022495241391,40420,29,14695,0.363557644730332
"902",2013,10486,37.06,"湖北","理科",0.219951338199513,202,385.022495241391,40420,25,7178,0.177585353785255
"903",2013,10504,10.56,"湖北","理科",0.029683698296837,38,385.022495241391,40420,34,40420,1
"904",2013,10542,7.79,"湖南","理科",0.0326034063260341,24,333.701816407162,40420,32,26722,0.661108362196932
"905",2013,10532,14.31,"湖南","理科",0.0549878345498783,176,333.701816407162,40420,29,14004,0.346462147451757
"906",2013,10034,4.46,"北京","理科",0.245742092457421,72,864.031314937418,40420,20,2714,0.0671449777337951
"907",2013,10183,34,"吉林","理科",0.072992700729927,152,434.091041303083,40420,30,17854,0.441712023750619
"908",2013,10184,3.16,"吉林","理科",NA,6,434.091041303083,40420,34,40420,1
"909",2013,10530,3.84,"湖南","理科",0.022992700729927,33,333.701816407162,40420,34,40420,1
"910",2013,10533,26.1,"湖南","理科",0.0695863746958637,293,333.701816407162,40420,29,13974,0.345719940623454
"911",2013,10541,0.89,"湖南","理科",NA,10,333.701816407162,40420,34,36434,0.901385452746165
"912",2013,10651,4.26,"四川","理科",0.0389294403892944,63,295.594462742379,40420,28,13048,0.322810489856507
"913",2013,10730,15.6,"甘肃","理科",0.0498783454987835,65,219.208162790247,40420,32,26321,0.651187530925284
"914",2013,10384,24.63,"福建","理科",0.137712895377129,111,525.661152614728,40420,25,6777,0.167664522513607
"915",2013,10385,1.95,"福建","理科",0.0335766423357664,165,525.661152614728,40420,34,40420,1
"916",2013,10293,1.81,"江苏","理科",NA,107,682.555006452037,40420,34,40420,1
"917",2013,10610,30,"四川","理科",0.135279805352798,94,295.594462742379,40420,29,15834,0.391736763978229
"918",2013,10386,6.4,"福建","理科",0.0257907542579075,16,525.661152614728,40420,31,20219,0.500222662048491
"919",2013,10079,4.44,"河北","理科",NA,79,364.665159979197,40420,32,26956,0.666897575457694
"920",2013,10614,10.06,"四川","理科",0.0574209245742092,150,295.594462742379,40420,29,14479,0.358213755566551
"921",2013,10657,4.5,"贵州","理科",NA,14,196.672282703849,40420,34,40420,1
"922",2013,10056,20.99,"天津","理科",0.0720194647201946,45,912.42118671054,40420,26,8421,0.208337456704602
"923",2013,10145,13.67,"辽宁","理科",0.0316301703163017,119,566.106858054226,40420,32,23508,0.58159327065809
"924",2013,10141,18.82,"辽宁","理科",0.0253041362530414,42,566.106858054226,40420,28,11390,0.281791192478971
"925",2013,10147,1.59,"辽宁","理科",NA,23,566.106858054226,40420,34,40420,1
"926",2013,10140,4.44,"辽宁","理科",NA,18,566.106858054226,40420,34,40420,1
"927",2013,10366,2.15,"安徽","理科",NA,8,287.442384769539,40420,32,23805,0.588941118258288
"928",2013,10163,1.81,"辽宁","理科",NA,12,566.106858054226,40420,34,40420,1
"929",2013,10173,3.15,"辽宁","理科",NA,31,566.106858054226,40420,32,26520,0.656110836219693
"930",2013,10159,4.37,"辽宁","理科",NA,47,566.106858054226,40420,33,28119,0.695670460168234
"931",2013,10358,NA,"安徽","理科",NA,38,287.442384769539,40420,12,727,0.0179861454725383
"932",2013,10151,3.18,"辽宁","理科",NA,100,566.106858054226,40420,34,36644,0.906580900544285
"933",2013,19141,18.82,"辽宁","理科",0.0253041362530414,13,566.106858054226,40420,34,40420,1
"934",2013,19422,28.09,"山东","理科",0.122141119221411,48,516.405899098284,40420,32,27034,0.668827313211282
"935",2013,10423,10.18,"山东","理科",0.0304136253041363,111,516.405899098284,40420,31,21843,0.540400791687283
"936",2013,10491,11.87,"湖北","理科",0.0360097323600973,84,385.022495241391,40420,34,40420,1
"937",2013,10611,13.76,"重庆","理科",0.0712895377128954,109,387.422750424448,40420,30,16541,0.409228104898565
"938",2013,10652,3.36,"重庆","理科",0.0401459854014599,63,387.422750424448,40420,31,22561,0.558164275111331
"939",2013,10635,10.32,"重庆","理科",0.0515815085158151,45,387.422750424448,40420,32,28065,0.694334487877288
"940",2013,10425,9.95,"山东","理科",0.054014598540146,48,516.405899098284,40420,34,40420,1
"941",2013,10112,4.88,"山西","理科",NA,30,335.458329525345,40420,34,40420,1
"942",2013,10724,NA,"陕西","理科",NA,6,385.123367972289,40420,32,26479,0.655096486887679
"943",2013,10703,2.65,"陕西","理科",NA,5,385.123367972289,40420,30,16639,0.411652647204354
"944",2013,10710,9.91,"陕西","理科",NA,50,385.123367972289,40420,33,29200,0.722414646214745
"945",2013,10697,10.79,"陕西","理科",0.0467153284671533,4,385.123367972289,40420,33,29104,0.720039584364176
"946",2013,10558,37.85,"广东","理科",0.253041362530414,2710,538.681517840287,40420,24,6309,0.156086095992083
"947",2013,11078,1.68,"广东","理科",0.0608272506082725,767,538.681517840287,40420,34,40420,1
"948",2013,10718,6.19,"陕西","理科",NA,68,385.123367972289,40420,34,40420,1
"949",2013,10560,2.57,"广东","理科",NA,664,538.681517840287,40420,33,31117,0.769841662543295
"950",2013,10698,25.59,"陕西","理科",0.0664233576642336,38,385.123367972289,40420,24,6376,0.157743691241959
"951",2013,10708,1.1,"陕西","理科",NA,6,385.123367972289,40420,34,40420,1
"952",2013,10699,14.41,"陕西","理科",0.0248175182481752,30,385.123367972289,40420,29,14545,0.359846610588817
"953",2013,10712,8.02,"陕西","理科",NA,16,385.123367972289,40420,34,40420,1
"954",2013,10701,8.68,"陕西","理科",NA,110,385.123367972289,40420,32,26199,0.648169223156853
"955",2013,10700,2.84,"陕西","理科",NA,45,385.123367972289,40420,34,40420,1
"956",2013,10107,1,"河北","理科",NA,5,364.665159979197,40420,34,40420,1
"957",2013,10220,1.86,"黑龙江","理科",NA,60,357.105820492222,40420,34,40420,1
"958",2013,12121,4.73,"广东","理科",NA,1262,538.681517840287,40420,32,26823,0.663607125185552
"959",2013,10570,1.41,"广东","理科",NA,441,538.681517840287,40420,33,28802,0.712568035625928
"960",2013,10226,4.67,"黑龙江","理科",NA,18,357.105820492222,40420,33,33020,0.816922315685304
"961",2013,10572,2.84,"广东","理科",NA,1322,538.681517840287,40420,34,40420,1
"962",2013,10224,3.35,"黑龙江","理科",NA,79,357.105820492222,40420,34,40420,1
"963",2013,10217,7.42,"黑龙江","理科",NA,33,357.105820492222,40420,32,27213,0.673255813953488
"964",2013,10225,4.21,"黑龙江","理科",NA,26,357.105820492222,40420,34,40420,1
"965",2013,10107,1,"黑龙江","理科",NA,5,357.105820492222,40420,34,40420,1
"966",2013,10213,25.8,"黑龙江","理科",0.0472019464720195,74,357.105820492222,40420,26,9004,0.222761009401286
"1079",2014,10248,79.72,"上海","理科",0.266233766233766,25,894.442167153179,43106,5,192,0.00445413631513014
"1080",2014,10252,61.15,"上海","理科",NA,59,894.442167153179,43106,32,26375,0.611863777664362
"1081",2014,10272,62.15,"上海","理科",0.0733766233766234,37,894.442167153179,43106,17,1697,0.0393680694102909
"1082",2014,10271,61.04,"上海","理科",NA,16,894.442167153179,43106,34,40538,0.940425926785134
"1083",2014,10013,63.22,"北京","理科",0.0589285714285714,97,922.09948931341,43106,34,43106,1
"1084",2014,10269,67.73,"上海","理科",0.116883116883117,18,894.442167153179,43106,26,9012,0.209066023291421
"1085",2014,10246,82.51,"上海","理科",0.435064935064935,28,894.442167153179,43106,6,225,0.00521969099429314
"1086",2014,10254,60.53,"上海","理科",NA,134,894.442167153179,43106,34,43106,1
"1087",2014,10561,67.61,"广东","理科",0.100162337662338,2663,584.02827884254,43106,26,8925,0.207047742773628
"1088",2014,19246,82.51,"上海","理科",0.435064935064935,11,894.442167153179,43106,15,1241,0.0287894956618568
"1089",2014,19248,79.72,"上海","理科",0.266233766233766,7,894.442167153179,43106,21,3727,0.0864612814921357
"1090",2014,10698,70.55,"陕西","理科",0.108603896103896,40,426.280818278427,43106,30,19386,0.449728576068297
"1091",2014,10264,60.43,"上海","理科",NA,81,894.442167153179,43106,34,43106,1
"1092",2014,10572,61.08,"广东","理科",NA,1214,584.02827884254,43106,34,43106,1
"1093",2014,10280,63.49,"上海","理科",0.0761363636363636,23,894.442167153179,43106,30,18425,0.427434695866005
"1094",2014,10030,61.35,"北京","理科",0.0422077922077922,8,922.09948931341,43106,22,4206,0.0975734236533197
"1095",2014,10247,68.92,"上海","理科",0.170454545454545,94,894.442167153179,43106,17,1895,0.0439613974852689
"1096",2014,10276,60.59,"上海","理科",NA,30,894.442167153179,43106,31,21748,0.504523732195054
"1097",2014,10710,64.17,"陕西","理科",NA,70,426.280818278427,43106,34,42583,0.987867118266599
"1098",2014,10593,62.22,"广西","理科",NA,9,304.683195592286,43106,33,35279,0.818424349278523
"1099",2014,10251,65.76,"上海","理科",NA,36,894.442167153179,43106,28,14042,0.325755115297174
"1100",2014,10755,62.29,"新疆","理科",NA,2,369.219626374597,43106,34,43106,1
"1101",2014,10255,64.15,"上海","理科",0.076461038961039,32,894.442167153179,43106,31,21782,0.505312485500858
"1102",2014,10724,60.1,"陕西","理科",NA,12,426.280818278427,43106,33,32252,0.748202106435299
"1103",2014,10126,62.18,"内蒙古","理科",NA,6,673.939486148758,43106,34,43106,1
"1104",2014,10217,63.22,"黑龙江","理科",NA,33,375.041851150711,43106,33,35645,0.82691504662924
"1105",2014,10052,62.1,"北京","理科",0.0488636363636364,8,922.09948931341,43106,31,22693,0.526446434371085
"1106",2014,10010,63.62,"北京","理科",NA,59,922.09948931341,43106,32,27906,0.647380875052197
"1107",2014,10033,NA,"北京","理科",0.133279220779221,25,922.09948931341,43106,34,43106,1
"1108",2014,10001,100,"北京","理科",1,20,922.09948931341,43106,1,87,0.00201828051779335
"1109",2014,10053,62.39,"北京","理科",0.165584415584416,42,922.09948931341,43106,34,43106,1
"1110",2014,10031,60.17,"北京","理科",NA,18,922.09948931341,43106,32,25962,0.602282744861504
"1111",2014,10019,67.05,"北京","理科",0.125974025974026,50,922.09948931341,43106,29,17050,0.395536584234213
"1112",2014,10225,61.89,"黑龙江","理科",NA,16,375.041851150711,43106,34,43106,1
"1113",2014,10005,62.73,"北京","理科",0.076461038961039,11,922.09948931341,43106,34,43106,1
"1114",2014,10286,68.96,"江苏","理科",0.100324675324675,62,745.158064308917,43106,26,9918,0.230083979028442
"1115",2014,11413,64.55,"北京","理科",0.0386363636363636,17,922.09948931341,43106,33,30387,0.704936667749269
"1116",2014,80001,60.99,NA,"理科",NA,242,NA,43106,30,17798,0.412889156961908
"1117",2014,10183,74.95,"吉林","理科",0.103084415584416,174,471.833473873979,43106,30,18078,0.419384772421473
"1118",2014,19013,63.22,"北京","理科",0.0589285714285714,26,922.09948931341,43106,31,24647,0.571776550828191
"1119",2014,10287,63.96,"江苏","理科",NA,64,745.158064308917,43106,29,15160,0.351691179882151
"1120",2014,10004,63.8,"北京","理科",0.0641233766233766,87,922.09948931341,43106,29,14796,0.343246879784717
"1121",2014,10486,74.8,"湖北","理科",0.253246753246753,208,425.392136575272,43106,23,5328,0.123602282744861
"1122",2014,10300,60.72,"江苏","理科",NA,15,745.158064308917,43106,34,39042,0.905720781329745
"1123",2014,10610,72.31,"四川","理科",0.145292207792208,103,323.927100037005,43106,28,13913,0.322762492460446
"1124",2014,10007,65.77,"北京","理科",0.0946428571428571,72,922.09948931341,43106,26,9466,0.219598199786573
"1125",2014,10295,62.47,"江苏","理科",NA,47,745.158064308917,43106,33,31628,0.733726163411126
"1126",2014,10054,62.15,"北京","理科",NA,86,922.09948931341,43106,32,27316,0.633693685333828
"1127",2014,10026,61.58,"北京","理科",NA,13,922.09948931341,43106,34,43106,1
"1128",2014,11415,64.77,"北京","理科",0.0558441558441558,35,922.09948931341,43106,32,29339,0.680624507029184
"1129",2014,19001,100,"北京","理科",1,20,922.09948931341,43106,8,372,0.00862988911056465
"1130",2014,10070,60.58,"天津","理科",NA,21,976.094443048206,43106,31,22571,0.523616201920846
"1131",2014,10006,68.36,"北京","理科",0.0803571428571429,60,922.09948931341,43106,16,1527,0.0354243028812694
"1132",2014,10079,62.15,"河北","理科",NA,80,385.966388502866,43106,34,43106,1
"1133",2014,10034,61.83,"北京","理科",0.189935064935065,76,922.09948931341,43106,22,4809,0.111562195518025
"1134",2014,10357,62.04,"安徽","理科",0.0368506493506493,20,315.7462934094,43106,33,33427,0.77546049273883
"1135",2014,10080,61.31,"河北","理科",NA,20,385.966388502866,43106,34,38753,0.899016378230409
"1136",2014,10002,72.36,"北京","理科",0.5,37,922.09948931341,43106,10,529,0.0122720734932492
"1137",2014,10359,63.22,"安徽","理科",NA,86,315.7462934094,43106,32,28966,0.671971419291978
"1138",2014,10459,63.4,"河南","理科",0.0917207792207792,69,341.59847450695,43106,33,32694,0.758455899410755
"1139",2014,19359,63.22,"安徽","理科",NA,64,315.7462934094,43106,34,43106,1
"1140",2014,10338,60.86,"浙江","理科",NA,130,683.311931611495,43106,34,43106,1
"1141",2014,10036,61.63,"北京","理科",0.0488636363636364,44,922.09948931341,43106,21,3875,0.0898946782350485
"1142",2014,10335,82.18,"浙江","理科",0.285714285714286,106,683.311931611495,43106,11,552,0.0128056419059992
"1143",2014,10043,NA,"北京","理科",0.0448051948051948,6,922.09948931341,43106,33,34947,0.81072240523361
"1144",2014,10343,60.78,"浙江","理科",NA,15,683.311931611495,43106,33,30657,0.711200296942421
"1145",2014,10589,61.81,"海南","理科",0.0396103896103896,96,351.449825752837,43106,34,43106,1
"1146",2014,10008,65.2,"北京","理科",0.0530844155844156,57,922.09948931341,43106,29,14879,0.345172365795945
"1147",2014,10511,64.62,"湖北","理科",0.088474025974026,64,425.392136575272,43106,32,26870,0.623347097851807
"1148",2014,19422,71.81,"山东","理科",0.152435064935065,53,561.822037337454,43106,34,38590,0.895235002087876
"1149",2014,11414,63.77,"北京","理科",NA,17,922.09948931341,43106,31,22341,0.518280517793347
"1150",2014,10022,62.84,"北京","理科",NA,81,922.09948931341,43106,33,31472,0.730107177655083
"1151",2014,10003,98.25,"北京","理科",0.956168831168831,64,922.09948931341,43106,1,100,0.00231986266413028
"1152",2014,19141,67.77,"辽宁","理科",NA,14,616.802961275626,43106,34,37487,0.869646916902519
"1153",2014,10163,60.76,"辽宁","理科",NA,12,616.802961275626,43106,34,43106,1
"1154",2014,10184,61.3,"吉林","理科",NA,6,471.833473873979,43106,34,43106,1
"1155",2014,10200,65.27,"吉林","理科",0.0451298701298701,17,471.833473873979,43106,32,29922,0.694149306361063
"1156",2014,10319,63.57,"江苏","理科",0.0801948051948052,2,745.158064308917,43106,33,31880,0.739572217324734
"1157",2014,12121,62.04,"广东","理科",NA,1128,584.02827884254,43106,32,25510,0.591796965619635
"1158",2014,10613,63.84,"四川","理科",0.0438311688311688,110,323.927100037005,43106,30,18009,0.417784067183223
"1159",2014,10611,65.88,"重庆","理科",0.0943181818181818,106,426.151178451178,43106,28,14402,0.334106620888043
"1160",2014,10651,61.81,"四川","理科",0.0534090909090909,49,323.927100037005,43106,27,10826,0.251148332018744
"1161",2014,10497,64.66,"湖北","理科",0.0659090909090909,217,425.392136575272,43106,29,17310,0.401568227160952
"1162",2014,10533,70.54,"湖南","理科",0.0943181818181818,280,366.210354826174,43106,28,12207,0.283185635410384
"1163",2014,10559,63.04,"广东","理科",0.0930194805194805,1439,584.02827884254,43106,28,12050,0.279543451027699
"1164",2014,10626,61.42,"四川","理科",NA,10,323.927100037005,43106,34,43106,1
"1165",2014,10614,64.47,"四川","理科",0.0637987012987013,135,323.927100037005,43106,28,12171,0.282350484851297
"1166",2014,60652,61.44,"四川","理科",0.0402597402597403,4,323.927100037005,43106,33,30108,0.698464250916346
"1167",2014,19614,64.47,"四川","理科",0.0637987012987013,55,323.927100037005,43106,30,20495,0.475455853013502
"1168",2014,10537,61.1,"湖南","理科",NA,101,366.210354826174,43106,34,43106,1
"1169",2014,10530,61.99,"湖南","理科",NA,26,366.210354826174,43106,34,42759,0.991950076555468
"1170",2014,10574,62.66,"广东","理科",0.0649350649350649,1891,584.02827884254,43106,32,26286,0.609799099893286
"1171",2014,10555,60.55,"湖南","理科",NA,100,366.210354826174,43106,34,43106,1
"1172",2014,10056,68.56,"天津","理科",0.0933441558441558,51,976.094443048206,43106,33,35316,0.819282698464251
"1173",2014,10055,71.96,"天津","理科",0.178571428571429,38,976.094443048206,43106,20,2863,0.06641766807405
"1174",2014,10107,60.41,"河北","理科",NA,10,385.966388502866,43106,34,43106,1
"1175",2014,10358,NA,"安徽","理科",NA,30,315.7462934094,43106,12,701,0.0162622372755533
"1176",2014,11078,60.7,"广东","理科",0.0688311688311688,1183,584.02827884254,43106,34,41165,0.954971465689231
"1177",2014,10558,75,"广东","理科",0.298701298701299,2641,584.02827884254,43106,25,7724,0.179186192177423
"1178",2014,10384,70.43,"福建","理科",0.181818181818182,97,576.567037625861,43106,25,7157,0.166032570871804
"1179",2014,10224,61.33,"黑龙江","理科",NA,34,375.041851150711,43106,34,43106,1
"1180",2014,10366,60.89,"安徽","理科",NA,8,315.7462934094,43106,33,30735,0.713009789820443
"1181",2014,10423,64.09,"山东","理科",0.0438311688311688,111,561.822037337454,43106,31,22104,0.512782443279358
"1182",2014,10291,61.94,"江苏","理科",NA,32,745.158064308917,43106,34,43106,1
"1183",2014,19213,70.68,"山东","理科",0.0909090909090909,35,561.822037337454,43106,31,21134,0.490279775437294
"1184",2014,60384,70.43,"福建","理科",0.181818181818182,12,576.567037625861,43106,32,27591,0.640073307660187
"1185",2014,10657,61.95,"贵州","理科",NA,8,228.620417906357,43106,34,43066,0.999072054934348
"1186",2014,10422,71.81,"山东","理科",0.152435064935065,99,561.822037337454,43106,29,15712,0.36449682178815
"1187",2014,10425,63.77,"山东","理科",NA,55,561.822037337454,43106,33,34927,0.810258432700784
"1188",2014,10290,64.55,"江苏","理科",0.0386363636363636,92,745.158064308917,43106,34,37436,0.868463786943813
"1189",2014,10112,62.08,"山西","理科",NA,30,347.188274836079,43106,34,43106,1
"1190",2014,11846,60.5,"广东","理科",NA,1929,584.02827884254,43106,31,22644,0.525309701665661
"1191",2014,10173,61.29,"辽宁","理科",NA,31,616.802961275626,43106,31,24483,0.567971976059017
"1192",2014,11845,60.77,"广东","理科",0.038474025974026,7340,584.02827884254,43106,34,43096,0.999768013733587
"1193",2014,10635,64.13,"重庆","理科",0.076461038961039,39,426.151178451178,43106,32,29164,0.676564747366956
"1194",2014,10570,60.21,"广东","理科",NA,1129,584.02827884254,43106,34,41217,0.956177794274579
"1195",2014,10564,62.4,"广东","理科",0.0391233766233766,4754,584.02827884254,43106,34,43106,1
"1196",2014,10487,73.52,"湖北","理科",0.151298701298701,166,425.392136575272,43106,25,7098,0.164663851899968
"1197",2014,80001,60.99,NA,"理科",NA,242,NA,43106,30,17798,0.412889156961908
"1198",2014,10145,65.8,"辽宁","理科",0.0402597402597403,126,616.802961275626,43106,31,24234,0.562195518025333
"1199",2014,19002,72.36,"江苏","理科",0.5,10,745.158064308917,43106,34,43106,1
"1200",2014,10285,63.79,"江苏","理科",0.0498376623376623,35,745.158064308917,43106,30,20712,0.480489954994664
"1201",2014,10226,61.94,"黑龙江","理科",NA,44,375.041851150711,43106,34,43106,1
"1202",2014,10570,60.6,"广东","理科",NA,1129,584.02827884254,43106,34,41217,0.956177794274579
"1203",2014,10652,61.44,"重庆","理科",0.0402597402597403,63,426.151178451178,43106,31,22600,0.524288962093444
"1204",2014,10316,61.37,"江苏","理科",NA,24,745.158064308917,43106,32,26848,0.622836728065699
"1205",2014,10700,61.05,"陕西","理科",NA,36,426.280818278427,43106,34,43106,1
"1206",2014,10299,61.81,"江苏","理科",NA,42,745.158064308917,43106,34,43106,1
"1207",2014,10590,61.46,"广东","理科",0.0753246753246753,1211,584.02827884254,43106,31,21927,0.508676286363847
"1208",2014,10294,63.37,"江苏","理科",NA,98,745.158064308917,43106,32,28859,0.669489166241358
"1209",2014,10560,60.99,"广东","理科",NA,652,584.02827884254,43106,32,29225,0.677979863592075
"1210",2014,10421,60.79,"江西","理科",NA,93,317.072631381091,43106,33,34075,0.790493202802394
"1211",2014,10541,60.41,"湖南","理科",NA,6,366.210354826174,43106,33,32720,0.759059063703429
"1212",2014,10718,62.62,"陕西","理科",0.0423701298701299,72,426.280818278427,43106,34,43106,1
"1213",2014,10490,60.36,"湖北","理科",NA,30,425.392136575272,43106,34,43106,1
"1214",2014,10307,63.59,"江苏","理科",NA,81,745.158064308917,43106,34,43106,1
"1215",2014,10216,61.91,"河北","理科",NA,10,385.966388502866,43106,34,43106,1
"1216",2014,10730,66.35,"甘肃","理科",0.0561688311688312,71,242.741017279973,43106,31,24589,0.570431030482995
"1217",2014,19145,65.8,"河北","理科",0.0402597402597403,67,385.966388502866,43106,34,43106,1
"1218",2014,10385,60.86,"福建","理科",0.0381493506493506,156,576.567037625861,43106,34,42117,0.977056558251752
"1219",2014,10491,64.77,"湖北","理科",0.0558441558441558,84,425.392136575272,43106,33,31216,0.724168329234909
"1220",2014,10598,60.62,"广西","理科",NA,10,304.683195592286,43106,33,35759,0.829559690066348
"1221",2014,10701,63.62,"陕西","理科",NA,110,426.280818278427,43106,30,20134,0.467081148795991
"1222",2014,10288,63.89,"江苏","理科",NA,52,745.158064308917,43106,30,18628,0.432144017074189
"1223",2014,10708,60.47,"陕西","理科",NA,10,426.280818278427,43106,34,43106,1
"1224",2014,10284,78.71,"江苏","理科",0.202922077922078,65,745.158064308917,43106,13,873,0.0202524010578574
"1225",2014,10213,70.68,"黑龙江","理科",0.0909090909090909,74,375.041851150711,43106,26,9223,0.213960933512736
"1226",2014,10220,60.8,"黑龙江","理科",NA,46,375.041851150711,43106,34,43106,1
"1227",2014,10532,66.41,"湖南","理科",0.0685064935064935,186,366.210354826174,43106,28,12864,0.29842713311372
"1228",2014,10140,61.89,"辽宁","理科",NA,18,616.802961275626,43106,34,43106,1
"1229",2014,10147,60.75,"辽宁","理科",NA,22,616.802961275626,43106,34,43106,1
"1230",2014,10159,61.85,"辽宁","理科",NA,35,616.802961275626,43106,34,43106,1
"1231",2014,80001,60.99,NA,"理科",NA,242,NA,43106,30,17798,0.412889156961908
"1232",2014,10403,62.87,"江西","理科",0.0456168831168831,49,317.072631381091,43106,34,36401,0.844453208370065
"1233",2014,60652,61.44,"重庆","理科",0.0402597402597403,4,426.151178451178,43106,33,30108,0.698464250916346
"1234",2014,10151,61.27,"辽宁","理科",NA,104,616.802961275626,43106,34,43106,1
"1235",2014,10293,60.7,"江苏","理科",NA,104,745.158064308917,43106,34,38206,0.886326729457616
"1236",2014,10520,62.06,"湖北","理科",0.0574675324675325,129,425.392136575272,43106,29,14841,0.344290817983575
"1237",2014,10699,65.87,"陕西","理科",0.0420454545454545,34,426.280818278427,43106,33,30588,0.709599591704171
"1238",2014,10141,67.77,"辽宁","理科",NA,47,616.802961275626,43106,28,13426,0.311464761286132
"1239",2014,10712,63.58,"陕西","理科",NA,16,426.280818278427,43106,34,43106,1
"1240",2014,10542,63.21,"湖南","理科",0.0600649350649351,32,366.210354826174,43106,33,33347,0.773604602607526
"1241",2014,10504,64.52,"湖北","理科",NA,40,425.392136575272,43106,34,43049,0.998677678281446
"1242",2014,10703,61.14,"陕西","理科",NA,11,426.280818278427,43106,32,26273,0.609497517746949
"1243",2014,10697,64.59,"陕西","理科",0.0642857142857143,3,426.280818278427,43106,33,31945,0.741080128056419
"1244",2014,10107,60.41,"黑龙江","理科",NA,10,375.041851150711,43106,34,43106,1
"1245",2014,10386,62.93,"福建","理科",NA,35,576.567037625861,43106,34,42223,0.97951561267573
"1246",2014,10538,60.58,"湖南","理科",NA,94,366.210354826174,43106,34,43106,1
"1375",2015,10252,62.83,"上海","理科",NA,59,971.184666117065,51000,31,24623,0.482803921568627
"1376",2015,10110,62.49,"山西","理科",NA,94,349.765350877193,51000,34,51000,1
"1377",2015,10255,63.71,"上海","理科",0.0363494539781591,32,971.184666117065,51000,29,19988,0.391921568627451
"1378",2015,10254,61.8,"上海","理科",NA,127,971.184666117065,51000,34,50373,0.987705882352941
"1379",2015,10247,70.14,"上海","理科",0.170046801872075,94,971.184666117065,51000,16,1739,0.0340980392156863
"1380",2015,10570,61.91,"广东","理科",NA,1288,632.15441999254,51000,34,42534,0.834
"1381",2015,10271,62.44,"上海","理科",NA,10,971.184666117065,51000,24,7182,0.140823529411765
"1382",2015,10251,66.08,"上海","理科",0.0341653666146646,37,971.184666117065,51000,27,12327,0.241705882352941
"1383",2015,10246,80.92,"上海","理科",0.447737909516381,12,971.184666117065,51000,3,173,0.0033921568627451
"1384",2015,10248,81.08,"上海","理科",0.27613104524181,25,971.184666117065,51000,4,197,0.00386274509803922
"1385",2015,10272,64.02,"上海","理科",0.0794071762870515,38,971.184666117065,51000,13,1087,0.0213137254901961
"1386",2015,10280,64.03,"上海","理科",0.0673946957878315,10,971.184666117065,51000,28,16371,0.321
"1387",2015,19246,80.92,"上海","理科",0.447737909516381,5,971.184666117065,51000,7,326,0.0063921568627451
"1388",2015,10560,62.05,"广东","理科",NA,657,632.15441999254,51000,31,27199,0.533313725490196
"1389",2015,10561,68.38,"广东","理科",0.0895475819032761,2657,632.15441999254,51000,25,8845,0.17343137254902
"1390",2015,10006,70.65,"北京","理科",0.0897035881435257,83,991.209572490706,51000,17,2191,0.0429607843137255
"1391",2015,19002,78.71,"江苏","理科",0.553822152886115,10,817.692462311558,51000,23,5744,0.112627450980392
"1392",2015,10264,61.84,"上海","理科",NA,81,971.184666117065,51000,34,51000,1
"1393",2015,19248,81.08,"上海","理科",0.27613104524181,5,971.184666117065,51000,6,295,0.0057843137254902
"1394",2015,10269,69.9,"上海","理科",0.127457098283931,25,971.184666117065,51000,23,6724,0.131843137254902
"1395",2015,10276,62.09,"上海","理科",NA,16,971.184666117065,51000,28,15431,0.30256862745098
"1396",2015,10173,62.69,"辽宁","理科",NA,24,651.937599635618,51000,30,21436,0.420313725490196
"1397",2015,10151,62.53,"辽宁","理科",NA,104,651.937599635618,51000,33,41528,0.814274509803922
"1398",2015,10163,61.94,"辽宁","理科",NA,6,651.937599635618,51000,34,44161,0.865901960784314
"1399",2015,10126,63.4,"内蒙古","理科",NA,41,709.361676646707,51000,34,51000,1
"1400",2015,10013,64.26,"北京","理科",0.0566302652106084,96,991.209572490706,51000,27,12808,0.251137254901961
"1401",2015,10572,62.59,"广东","理科",NA,1299,632.15441999254,51000,34,51000,1
"1402",2015,10054,63.43,"北京","理科",NA,87,991.209572490706,51000,29,18325,0.359313725490196
"1403",2015,10001,100,"北京","理科",1,20,991.209572490706,51000,1,66,0.00129411764705882
"1404",2015,10145,67,"辽宁","理科",0.0357254290171607,114,651.937599635618,51000,30,20863,0.409078431372549
"1405",2015,19001,100,"北京","理科",1,21,991.209572490706,51000,8,393,0.00770588235294118
"1406",2015,19013,64.26,"北京","理科",0.0566302652106084,28,991.209572490706,51000,30,24551,0.481392156862745
"1407",2015,10159,63.04,"辽宁","理科",NA,25,651.937599635618,51000,32,29865,0.585588235294118
"1408",2015,10019,68.46,"北京","理科",0.12386895475819,49,991.209572490706,51000,28,14352,0.281411764705882
"1409",2015,10003,97.8,"北京","理科",0.968798751950078,60,991.209572490706,51000,1,106,0.00207843137254902
"1410",2015,10593,63.35,"广西","理科",NA,14,329.679638199411,51000,34,43528,0.853490196078431
"1411",2015,19635,65.15,"重庆","理科",0.0742589703588143,48,476.944165830826,51000,34,51000,1
"1412",2015,10008,66.45,"北京","理科",0.0497659906396256,58,991.209572490706,51000,27,13927,0.273078431372549
"1413",2015,10026,63.31,"北京","理科",0.034009360374415,17,991.209572490706,51000,30,24215,0.474803921568627
"1414",2015,11415,65.81,"北京","理科",0.043213728549142,36,991.209572490706,51000,32,31508,0.617803921568627
"1415",2015,10183,76.03,"吉林","理科",0.10015600624025,254,501.591933139535,51000,29,19053,0.373588235294118
"1416",2015,10033,NA,"北京","理科",0.13588143525741,28,991.209572490706,51000,26,9921,0.194529411764706
"1417",2015,10635,65.15,"重庆","理科",0.0742589703588143,30,476.944165830826,51000,31,27205,0.53343137254902
"1418",2015,10053,64.35,"北京","理科",0.193447737909516,49,991.209572490706,51000,24,7930,0.155490196078431
"1419",2015,10010,64.57,"北京","理科",NA,72,991.209572490706,51000,31,24603,0.482411764705882
"1420",2015,10285,65.14,"江苏","理科",0.0566302652106084,34,817.692462311558,51000,29,19180,0.376078431372549
"1421",2015,10002,78.71,"北京","理科",0.553822152886115,48,991.209572490706,51000,11,667,0.013078431372549
"1422",2015,10022,64.48,"北京","理科",NA,86,991.209572490706,51000,31,29057,0.569745098039216
"1423",2015,10031,NA,"北京","理科",NA,18,991.209572490706,51000,30,22372,0.438666666666667
"1424",2015,10005,63.97,"北京","理科",0.0400936037441498,13,991.209572490706,51000,32,31867,0.624843137254902
"1425",2015,10034,63.4,"北京","理科",0.18408736349454,75,991.209572490706,51000,20,3661,0.0717843137254902
"1426",2015,10299,62.96,"江苏","理科",NA,42,817.692462311558,51000,34,44964,0.881647058823529
"1427",2015,10491,65.81,"湖北","理科",0.043213728549142,88,470.547455295736,51000,32,32359,0.634490196078431
"1428",2015,10043,NA,"北京","理科",0.0335413416536661,12,991.209572490706,51000,34,46701,0.915705882352941
"1429",2015,10004,65.44,"北京","理科",0.0658346333853354,105,991.209572490706,51000,28,14328,0.280941176470588
"1430",2015,10626,62.96,"四川","理科",NA,10,350.573218673219,51000,34,51000,1
"1431",2015,10504,65.81,"湖北","理科",0.0379095163806552,37,470.547455295736,51000,33,39622,0.776901960784314
"1432",2015,10007,67.33,"北京","理科",0.0801872074882995,76,991.209572490706,51000,25,8936,0.17521568627451
"1433",2015,60033,NA,"北京","理科",0.13588143525741,7,991.209572490706,51000,31,27480,0.538823529411765
"1434",2015,11413,66.79,"北京","理科",0.0354134165366615,20,991.209572490706,51000,34,44197,0.866607843137255
"1435",2015,10286,69.69,"江苏","理科",0.0962558502340094,67,817.692462311558,51000,24,7680,0.150588235294118
"1436",2015,10288,65.22,"江苏","理科",0.0321372854914197,55,817.692462311558,51000,28,15654,0.306941176470588
"1437",2015,10319,65.1,"江苏","理科",0.0636505460218409,5,817.692462311558,51000,32,32620,0.639607843137255
"1438",2015,10052,63.87,"北京","理科",0.0447737909516381,8,991.209572490706,51000,30,22102,0.433372549019608
"1439",2015,10217,64.9,"黑龙江","理科",NA,40,392.365770936603,51000,31,28261,0.554137254901961
"1440",2015,10027,74.35,"北京","理科",0.274570982839314,20,991.209572490706,51000,19,2800,0.0549019607843137
"1441",2015,10407,61.78,"江西","理科",NA,100,345.851827388815,51000,34,51000,1
"1442",2015,10213,71.59,"黑龙江","理科",0.121840873634945,75,392.365770936603,51000,26,10188,0.199764705882353
"1443",2015,10421,62.24,"江西","理科",NA,90,345.851827388815,51000,31,27812,0.545333333333333
"1444",2015,11414,65.1,"北京","理科",0.0394695787831513,19,991.209572490706,51000,34,51000,1
"1445",2015,10226,63.25,"黑龙江","理科",NA,27,392.365770936603,51000,34,50691,0.993941176470588
"1446",2015,10030,62.77,"北京","理科",0.0458658346333853,8,991.209572490706,51000,19,2802,0.0549411764705882
"1447",2015,10423,65.24,"山东","理科",0.040405616224649,114,607.075186433752,51000,30,21781,0.427078431372549
"1448",2015,10036,63.09,"北京","理科",0.049609984399376,49,991.209572490706,51000,18,2713,0.0531960784313725
"1449",2015,10427,61.92,"山东","理科",NA,100,607.075186433752,51000,34,51000,1
"1450",2015,19213,71.59,"山东","理科",0.121840873634945,42,607.075186433752,51000,29,19560,0.383529411764706
"1451",2015,10080,62.98,"河北","理科",NA,20,398.444609967497,51000,33,36125,0.708333333333333
"1452",2015,19145,67,"河北","理科",0.0357254290171607,67,398.444609967497,51000,34,50561,0.991392156862745
"1453",2015,10079,63.43,"河北","理科",NA,82,398.444609967497,51000,31,28571,0.56021568627451
"1454",2015,10216,63.09,"河北","理科",NA,54,398.444609967497,51000,34,51000,1
"1455",2015,10538,62.15,"湖南","理科",NA,94,401.491168175746,51000,34,51000,1
"1456",2015,10475,63.44,"河南","理科",NA,94,370.277448071217,51000,34,51000,1
"1457",2015,10186,62.33,"吉林","理科",NA,150,501.591933139535,51000,34,51000,1
"1458",2015,10459,64.55,"河南","理科",0.0628705148205928,46,370.277448071217,51000,32,34363,0.67378431372549
"1459",2015,10200,66.34,"吉林","理科",0.0453978159126365,25,501.591933139535,51000,33,40295,0.790098039215686
"1460",2015,10184,62.62,"吉林","理科",NA,8,501.591933139535,51000,34,51000,1
"1461",2015,10651,63.39,"四川","理科",0.0541341653666147,48,350.573218673219,51000,25,9156,0.179529411764706
"1462",2015,10613,64.73,"四川","理科",NA,121,350.573218673219,51000,29,19107,0.374647058823529
"1463",2015,10335,80.45,"浙江","理科",0.26204368174727,86,729.003267973856,51000,9,468,0.00917647058823529
"1464",2015,10559,64.67,"广东","理科",0.0812792511700468,1419,632.15441999254,51000,27,11966,0.234627450980392
"1465",2015,60652,62.9,"四川","理科",0.0386895475819033,4,350.573218673219,51000,29,19926,0.390705882352941
"1466",2015,60651,63.39,"四川","理科",0.0541341653666147,8,350.573218673219,51000,31,27364,0.536549019607843
"1467",2015,10566,NA,"广东","理科",NA,1311,632.15441999254,51000,34,51000,1
"1468",2015,10610,74.05,"四川","理科",0.126989079563183,107,350.573218673219,51000,26,10464,0.205176470588235
"1469",2015,10614,65.89,"四川","理科",0.0569422776911076,135,350.573218673219,51000,26,11191,0.21943137254902
"1470",2015,10394,63.41,"福建","理科",0.0365054602184087,52,632.048344718865,51000,34,51000,1
"1471",2015,10284,78.3,"江苏","理科",0.195007800312012,75,817.692462311558,51000,12,919,0.0180196078431373
"1472",2015,19614,65.89,"四川","理科",0.0569422776911076,55,350.573218673219,51000,28,16462,0.32278431372549
"1473",2015,10497,65.15,"湖北","理科",0.04399375975039,209,470.547455295736,51000,29,17939,0.351745098039216
"1474",2015,10616,62.37,"四川","理科",NA,64,350.573218673219,51000,34,51000,1
"1475",2015,10564,63.52,"广东","理科",0.0360374414976599,4996,632.15441999254,51000,34,46817,0.917980392156863
"1476",2015,10486,80.72,"湖北","理科",0.301092043681747,198,470.547455295736,51000,21,4680,0.0917647058823529
"1477",2015,10055,72.67,"天津","理科",0.171606864274571,53,1036.41858932103,51000,18,2621,0.0513921568627451
"1478",2015,10056,70.03,"天津","理科",0.0845553822152886,57,1036.41858932103,51000,25,9347,0.183274509803922
"1479",2015,10107,61.81,"黑龙江","理科",NA,13,392.365770936603,51000,34,51000,1
"1480",2015,10070,61.97,"天津","理科",NA,30,1036.41858932103,51000,30,23874,0.468117647058824
"1481",2015,10366,62.24,"安徽","理科",NA,8,342.737958244287,51000,34,51000,1
"1482",2015,10530,63.28,"湖南","理科",NA,20,401.491168175746,51000,34,43922,0.86121568627451
"1483",2015,10358,72.98,"安徽","理科",0.111076443057722,30,342.737958244287,51000,12,771,0.0151176470588235
"1484",2015,10359,64.31,"安徽","理科",NA,90,342.737958244287,51000,31,28228,0.553490196078431
"1485",2015,10357,63.46,"安徽","理科",0.0410296411856474,25,342.737958244287,51000,32,34909,0.684490196078431
"1486",2015,19359,64.31,"安徽","理科",NA,64,342.737958244287,51000,34,48868,0.958196078431373
"1487",2015,10590,63.37,"广东","理科",0.0647425897035881,2017,632.15441999254,51000,29,19532,0.382980392156863
"1488",2015,10422,72.58,"山东","理科",0.150546021840874,99,607.075186433752,51000,28,14393,0.28221568627451
"1489",2015,60652,62.9,"重庆","理科",0.0386895475819033,4,476.944165830826,51000,29,19926,0.390705882352941
"1490",2015,10598,61.87,"广西","理科",NA,15,329.679638199411,51000,33,40446,0.793058823529412
"1491",2015,19422,72.58,"山东","理科",0.150546021840874,62,607.075186433752,51000,32,30960,0.607058823529412
"1492",2015,10541,61.8,"湖南","理科",NA,3,401.491168175746,51000,32,30002,0.588274509803922
"1493",2015,10425,65.1,"山东","理科",0.0394695787831513,60,607.075186433752,51000,33,40128,0.786823529411765
"1494",2015,10555,61.78,"湖南","理科",NA,180,401.491168175746,51000,34,51000,1
"1495",2015,10290,66.79,"江苏","理科",0.0354134165366615,118,817.692462311558,51000,34,43399,0.850960784313725
"1496",2015,10112,63.48,"山西","理科",NA,30,349.765350877193,51000,34,48107,0.943274509803922
"1497",2015,10533,72.28,"湖南","理科",0.0925117004680187,280,401.491168175746,51000,27,12009,0.235470588235294
"1498",2015,10712,65.14,"陕西","理科",NA,28,468.607682119205,51000,33,40075,0.78578431372549
"1499",2015,10571,NA,"广东","理科",NA,688,632.15441999254,51000,34,51000,1
"1500",2015,11078,62.08,"广东","理科",0.0550702028081123,3228,632.15441999254,51000,34,45768,0.897411764705882
"1501",2015,10724,NA,"陕西","理科",NA,13,468.607682119205,51000,32,31659,0.620764705882353
"1502",2015,11845,61.98,"广东","理科",NA,6792,632.15441999254,51000,34,45811,0.898254901960784
"1503",2015,10385,62.16,"福建","理科",0.0365054602184087,166,632.048344718865,51000,34,47449,0.930372549019608
"1504",2015,10316,62.81,"江苏","理科",NA,24,817.692462311558,51000,30,21301,0.417666666666667
"1505",2015,12121,63.23,"广东","理科",NA,1522,632.15441999254,51000,33,35527,0.696607843137255
"1506",2015,60384,71.66,"福建","理科",0.176287051482059,16,632.048344718865,51000,29,18074,0.354392156862745
"1507",2015,10700,62.54,"陕西","理科",NA,36,468.607682119205,51000,34,50470,0.989607843137255
"1508",2015,10386,63.96,"福建","理科",NA,20,632.048344718865,51000,31,26597,0.521509803921569
"1509",2015,10295,63.78,"江苏","理科",NA,53,817.692462311558,51000,31,28511,0.559039215686274
"1510",2015,10287,64.85,"江苏","理科",0.0360374414976599,67,817.692462311558,51000,28,14614,0.286549019607843
"1511",2015,10574,64.09,"广东","理科",0.0550702028081123,1779,632.15441999254,51000,30,24516,0.480705882352941
"1512",2015,10698,72.13,"陕西","理科",0.109204368174727,44,468.607682119205,51000,24,6972,0.136705882352941
"1513",2015,10657,63.34,"贵州","理科",NA,6,263.711801596351,51000,34,42863,0.840450980392157
"1514",2015,89012,64.09,"广东","理科",0.0550702028081123,20,632.15441999254,51000,34,47190,0.925294117647059
"1515",2015,10697,66.67,"陕西","理科",0.0644305772230889,12,468.607682119205,51000,32,30675,0.601470588235294
"1516",2015,10140,63.61,"辽宁","理科",NA,14,651.937599635618,51000,34,49276,0.966196078431373
"1517",2015,10220,61.96,"黑龙江","理科",NA,46,392.365770936603,51000,34,51000,1
"1518",2015,10212,63.23,"黑龙江","理科",NA,61,392.365770936603,51000,34,51000,1
"1519",2015,10520,64.04,"湖北","理科",0.0580343213728549,126,470.547455295736,51000,27,13739,0.269392156862745
"1520",2015,10558,75.33,"广东","理科",0.273010920436817,2656,632.15441999254,51000,23,6000,0.117647058823529
"1521",2015,11846,61.97,"广东","理科",NA,1858,632.15441999254,51000,30,22426,0.439725490196078
"1522",2015,10214,62.33,"黑龙江","理科",NA,121,392.365770936603,51000,34,51000,1
"1523",2015,60173,62.69,"辽宁","理科",NA,10,651.937599635618,51000,34,51000,1
"1524",2015,10652,62.9,"重庆","理科",0.0386895475819033,38,476.944165830826,51000,29,18321,0.359235294117647
"1525",2015,10403,63.94,"江西","理科",NA,74,345.851827388815,51000,32,31370,0.615098039215686
"1526",2015,10147,62.12,"辽宁","理科",NA,18,651.937599635618,51000,34,51000,1
"1527",2015,10404,61.7,"江西","理科",NA,59,345.851827388815,51000,34,51000,1
"1528",2015,10537,62.61,"湖南","理科",NA,130,401.491168175746,51000,34,51000,1
"1529",2015,10107,61.81,"河北","理科",NA,13,398.444609967497,51000,34,51000,1
"1530",2015,80001,62.05,NA,"理科",NA,240,NA,51000,31,28249,0.553901960784314
"1531",2015,10532,67.92,"湖南","理科",0.0681747269890796,215,401.491168175746,51000,27,13532,0.265333333333333
"1532",2015,10542,64.75,"湖南","理科",0.0471138845553822,39,401.491168175746,51000,32,30996,0.607764705882353
"1533",2015,10760,61.83,"新疆","理科",NA,1,403.137510879025,51000,33,37500,0.735294117647059
"1534",2015,10300,61.96,"江苏","理科",NA,26,817.692462311558,51000,34,44908,0.880549019607843
"1535",2015,10384,71.66,"福建","理科",0.176287051482059,107,632.048344718865,51000,23,6838,0.134078431372549
"1536",2015,10294,64.85,"江苏","理科",NA,106,817.692462311558,51000,31,25137,0.492882352941176
"1537",2015,10708,61.84,"陕西","理科",NA,15,468.607682119205,51000,34,51000,1
"1538",2015,10534,61.96,"湖南","理科",NA,72,401.491168175746,51000,34,51000,1
"1539",2015,10291,63.14,"江苏","理科",NA,30,817.692462311558,51000,33,42304,0.829490196078431
"1540",2015,10699,67.82,"陕西","理科",0.0463338533541342,41,468.607682119205,51000,27,14195,0.278333333333333
"1541",2015,10730,66.62,"甘肃","理科",0.0550702028081123,80,263.808182169047,51000,31,24743,0.485156862745098
"1542",2015,10343,62.13,"浙江","理科",NA,16,729.003267973856,51000,34,43380,0.850588235294118
"1543",2015,10298,62.41,"江苏","理科",NA,80,817.692462311558,51000,34,51000,1
"1544",2015,10611,67.26,"重庆","理科",0.0898595943837753,104,476.944165830826,51000,27,13398,0.262705882352941
"1545",2015,10701,64.5,"陕西","理科",NA,112,468.607682119205,51000,29,18201,0.356882352941176
"1546",2015,10293,62.12,"江苏","理科",NA,109,817.692462311558,51000,32,30494,0.597921568627451
"1547",2015,10589,63.44,"海南","理科",0.0407176287051482,71,387.676633444075,51000,34,47001,0.921588235294118
"1548",2015,10718,64.06,"陕西","理科",0.0394695787831513,81,468.607682119205,51000,34,48352,0.948078431372549
"1549",2015,10710,65.84,"陕西","理科",NA,90,468.607682119205,51000,33,37528,0.735843137254902
"1550",2015,10307,65.37,"江苏","理科",NA,77,817.692462311558,51000,33,42267,0.828764705882353
"1551",2015,10490,61.79,"湖北","理科",NA,34,470.547455295736,51000,34,50820,0.996470588235294
"1552",2015,10224,62.94,"黑龙江","理科",NA,24,392.365770936603,51000,34,51000,1
"1553",2015,10338,62.25,"浙江","理科",NA,130,729.003267973856,51000,34,46796,0.91756862745098
"1554",2015,10511,66.72,"湖北","理科",0.0858034321372855,71,470.547455295736,51000,31,25961,0.509039215686275
"1555",2015,19335,80.45,"浙江","理科",0.26204368174727,20,729.003267973856,51000,24,6954,0.136352941176471
"1556",2015,60145,67,"辽宁","理科",0.0357254290171607,15,651.937599635618,51000,34,51000,1
"1557",2015,19141,67.81,"辽宁","理科",0.0361934477379095,15,651.937599635618,51000,33,40289,0.789980392156863
"1558",2015,10536,62.39,"湖南","理科",NA,161,401.491168175746,51000,34,51000,1
"1559",2015,10487,74.27,"湖北","理科",0.13603744149766,157,470.547455295736,51000,24,7502,0.147098039215686
"1560",2015,10703,62.64,"陕西","理科",NA,19,468.607682119205,51000,33,35464,0.695372549019608
"1561",2015,10141,67.81,"辽宁","理科",0.0361934477379095,52,651.937599635618,51000,27,12773,0.250450980392157
"1562",2015,10225,63.42,"黑龙江","理科",NA,24,392.365770936603,51000,34,51000,1
