"","Year","Ranking_Scores","Plan_Number","GDP_Per_Person","X1A_Number","Level"
"94",2010,95.06,34,653.387096774194,29550,"C"
"95",2010,2.94,8,680.747321629064,29550,"H"
"96",2010,14.25,31,653.387096774194,29550,"J"
"97",2010,4.55,36,172.892852779475,29550,"J"
"98",2010,55.83,34,680.747321629064,29550,"E"
"99",2010,100,15,653.387096774194,29550,"E"
"100",2010,5.3,26,680.747321629064,29550,"G"
"101",2010,22.14,47,653.387096774194,29550,"G"
"102",2010,NA,32,164.130158212363,29550,"F"
"103",2010,3.77,8,653.387096774194,29550,"I"
"104",2010,20.76,50,653.387096774194,29550,"K"
"105",2010,37.31,36,653.387096774194,29550,"F"
"106",2010,10.91,15,653.387096774194,29550,"K"
"107",2010,43.47,43,680.747321629064,29550,"E"
"108",2010,6.53,1946,389.751600745512,29550,"K"
"109",2010,2.95,1808,389.751600745512,29550,"K"
"110",2010,10.93,6,265.691445675385,29550,"K"
"111",2010,7.18,50,653.387096774194,29550,"K"
"112",2010,37.23,90,265.691445675385,29550,"K"
"113",2010,100,16,653.387096774194,29550,"D"
"114",2010,34.18,93,172.892852779475,29550,"J"
"115",2010,5.58,5457,389.751600745512,29550,"K"
"116",2010,4.46,64,653.387096774194,29550,"K"
"117",2010,7.95,18,653.387096774194,29550,"K"
"118",2010,9.77,92,172.892852779475,29550,"K"
"119",2010,5.27,15,159.785008237232,29550,"K"
"120",2010,11.65,80,357.925831283064,29550,"K"
"121",2010,10.77,6,653.387096774194,29550,"K"
"122",2010,1.22,25,612.448703751954,29550,"K"
"123",2010,11.61,36,680.747321629064,29550,"J"
"124",2010,10.91,37,357.925831283064,29550,"K"
"125",2010,5.45,27,441.179426726531,29550,"K"
"126",2010,1.81,640,389.751600745512,29550,"K"
"127",2010,5.29,1693,389.751600745512,29550,"K"
"128",2010,7.12,108,164.130158212363,29550,"K"
"129",2010,7.1,1253,389.751600745512,29550,"J"
"130",2010,7.71,38,680.747321629064,29550,"K"
"131",2010,3.49,25,441.179426726531,29550,"K"
"132",2010,11.01,40,441.179426726531,29550,"J"
"133",2010,8.38,88,653.387096774194,29550,"J"
"134",2010,1.71,50,680.747321629064,29550,"K"
"135",2010,1.12,17,441.179426726531,29550,"K"
"136",2010,5.56,11,396.231826280805,29550,"K"
"137",2010,4.51,20,172.892852779475,29550,"K"
"138",2010,1.48,47,441.179426726531,29550,"K"
"139",2010,5.11,10,164.130158212363,29550,"K"
"140",2010,9.13,24,441.179426726531,29550,"K"
"141",2010,43.99,42,441.179426726531,29550,"F"
"142",2010,7.78,25,680.747321629064,29550,"K"
"143",2010,NA,12,653.387096774194,29550,"J"
"144",2010,NA,4,245.017059024224,29550,"K"
"145",2010,6.21,9,653.387096774194,29550,"K"
"146",2010,5.29,5,245.017059024224,29550,"K"
"147",2010,16.2,40,245.017059024224,29550,"K"
"148",2010,1.31,408,389.751600745512,29550,"K"
"149",2010,3.21,10,245.017059024224,29550,"K"
"150",2010,9.94,71,653.387096774194,29550,"K"
"151",2010,8.89,30,205.337380956145,29550,"K"
"152",2010,11.73,27,653.387096774194,29550,"K"
"153",2010,17.15,61,653.387096774194,29550,"J"
"154",2010,53.16,73,435.794711401763,29550,"F"
"155",2010,NA,25,435.794711401763,29550,"K"
"156",2010,3.89,2,653.387096774194,29550,"J"
"157",2010,4.76,116,191.443980233083,29550,"K"
"158",2010,0.96,12,159.785008237232,29550,"K"
"159",2010,33.15,160,226.592657342657,29550,"I"
"160",2010,40.14,145,226.592657342657,29550,"I"
"161",2010,NA,10,653.387096774194,29550,"K"
"162",2010,8.75,184,226.592657342657,29550,"K"
"163",2010,8.16,77,441.179426726531,29550,"K"
"164",2010,19.43,40,441.179426726531,29550,"J"
"165",2010,3.85,33,653.387096774194,29550,"H"
"166",2010,11.48,42,441.179426726531,29550,"J"
"167",2010,3.29,40,441.179426726531,29550,"K"
"168",2010,21.62,80,680.747321629064,29550,"H"
"169",2010,11.73,56,226.592657342657,29550,"K"
"170",2010,10.88,28,226.592657342657,29550,"K"
"171",2010,11.77,24,226.592657342657,29550,"K"
"172",2010,4.67,33,203.866531376834,29550,"K"
"173",2010,10.77,81,441.179426726531,29550,"K"
"174",2010,4.01,15,653.387096774194,29550,"J"
"175",2010,0.94,7,203.866531376834,29550,"K"
"176",2010,5.43,40,441.179426726531,29550,"K"
"177",2010,6.2,40,214.693233275757,29550,"K"
"178",2010,28.22,236,203.866531376834,29550,"K"
"179",2010,13.84,148,203.866531376834,29550,"J"
"180",2010,8.28,26,203.866531376834,29550,"K"
"181",2010,14.36,38,132.590189086895,29550,"K"
"182",2010,1.5,1909,389.751600745512,29550,"K"
"183",2010,26.4,70,333.784233496999,29550,"J"
"184",2010,8.38,14,653.387096774194,29550,"K"
"185",2010,1.87,15,653.387096774194,29550,"K"
"186",2010,1.3,186,333.784233496999,29550,"K"
"187",2010,5.7,10,333.784233496999,29550,"K"
"188",2010,4.46,59,245.017059024224,29550,"K"
"189",2010,4.55,18,110.621430590896,29550,"K"
"190",2010,3.38,73,350.437687168855,29550,"K"
"191",2010,4.8,14,350.437687168855,29550,"K"
"192",2010,7.21,54,653.387096774194,29550,"K"
"193",2010,3.32,20,350.437687168855,29550,"K"
"194",2010,9.79,120,172.892852779475,29550,"K"
"195",2010,1.6,30,350.437687168855,29550,"K"
"196",2010,18.38,30,350.437687168855,29550,"J"
"197",2010,4.21,19,350.437687168855,29550,"K"
"198",2010,5.94,125,226.592657342657,29550,"J"
"199",2010,16.2,42,350.437687168855,29550,"K"
"200",2010,3.49,10,612.448703751954,29550,"K"
"201",2010,22.65,30,612.448703751954,29550,"I"
"202",2010,9.33,37,228.401888772298,29550,"K"
"203",2010,3.81,69,228.401888772298,29550,"K"
"204",2010,5.38,53,653.387096774194,29550,"H"
"205",2010,30.09,28,612.448703751954,29550,"G"
"206",2010,15.33,80,228.401888772298,29550,"K"
"207",2010,7.86,46,219.205795546016,29550,"K"
"208",2010,18.09,21,219.205795546016,29550,"K"
"209",2010,1.08,15,219.205795546016,29550,"K"
"210",2010,5.82,32,219.205795546016,29550,"K"
"211",2010,11.58,6,219.205795546016,29550,"K"
"212",2010,27.45,28,219.205795546016,29550,"I"
"213",2010,6.2,39,653.387096774194,29550,"I"
"214",2010,28.98,18,357.925831283064,29550,"K"
"215",2010,8.9,14,219.205795546016,29550,"K"
"216",2010,28.98,61,357.925831283064,29550,"J"
"217",2010,8.61,59,441.179426726531,29550,"K"
"218",2010,8.21,90,219.205795546016,29550,"K"
"219",2010,32.72,2810,389.751600745512,29550,"J"
"220",2010,16.15,2981,389.751600745512,29550,"J"
"221",2010,NA,7,219.205795546016,29550,"K"
"222",2010,7.42,22,172.719019206467,29550,"K"
"223",2010,2.72,1,219.205795546016,29550,"I"
"224",2010,1.81,246,389.751600745512,29550,"K"
"225",2010,28.32,63,224.437468799088,29550,"J"
"226",2010,NA,4,224.437468799088,29550,"K"
"227",2010,3.57,18,224.437468799088,29550,"K"
"228",2010,3.17,6,265.691445675385,29550,"K"
"229",2010,NA,5,224.437468799088,29550,"K"
"230",2010,5.46,16,224.437468799088,29550,"K"
"231",2010,10.44,20,224.437468799088,29550,"K"
"232",2010,1.67,10,350.437687168855,29550,"K"
"329",2011,7.76,47,719.383250930221,30392,"K"
"330",2011,5.47,7,472.13390610716,30392,"K"
"331",2011,94.72,27,719.383250930221,30392,"C"
"332",2011,8.18,27,745.484787159199,30392,"J"
"333",2011,1.33,27,745.484787159199,30392,"K"
"334",2011,3.65,8,719.383250930221,30392,"H"
"335",2011,1.39,23,709.961594409254,30392,"K"
"336",2011,3.85,32,719.383250930221,30392,"H"
"337",2011,29.13,61,408.536202514218,30392,"J"
"338",2011,29.16,28,709.961594409254,30392,"H"
"339",2011,100,12,719.383250930221,30392,"C"
"340",2011,5.85,39,719.383250930221,30392,"I"
"341",2011,NA,13,719.383250930221,30392,"J"
"342",2011,43.63,8,745.484787159199,30392,"G"
"343",2011,1.47,1908,440.698442860509,30392,"K"
"344",2011,10.02,20,213.619029151315,30392,"K"
"345",2011,33.78,2722,440.698442860509,30392,"I"
"346",2011,10.87,76,719.383250930221,30392,"J"
"347",2011,27.82,20,408.536202514218,30392,"K"
"348",2011,5.27,1899,440.698442860509,30392,"K"
"349",2011,7.54,14,719.383250930221,30392,"K"
"350",2011,13.8,42,719.383250930221,30392,"K"
"351",2011,NA,24,719.383250930221,30392,"K"
"352",2011,35.65,34,719.383250930221,30392,"F"
"353",2011,11.94,6,719.383250930221,30392,"K"
"354",2011,6.25,5324,440.698442860509,30392,"K"
"355",2011,2.8,9,745.484787159199,30392,"I"
"356",2011,7.36,1354,440.698442860509,30392,"J"
"357",2011,NA,5,719.383250930221,30392,"K"
"358",2011,54.89,36,745.484787159199,30392,"E"
"359",2011,3.77,5,709.961594409254,30392,"K"
"360",2011,1.36,310,440.698442860509,30392,"K"
"361",2011,11.94,90,526.416192463409,30392,"K"
"362",2011,7.8,36,745.484787159199,30392,"K"
"363",2011,1.78,675,440.698442860509,30392,"K"
"364",2011,16.6,65,719.383250930221,30392,"J"
"365",2011,5,10,207.486192019071,30392,"K"
"366",2011,4.04,6,719.383250930221,30392,"J"
"367",2011,7.28,105,207.486192019071,30392,"K"
"368",2011,1.85,55,745.484787159199,30392,"K"
"369",2011,5.45,25,745.484787159199,30392,"G"
"370",2011,8.44,81,526.416192463409,30392,"K"
"371",2011,19.73,50,526.416192463409,30392,"J"
"372",2011,1.45,46,526.416192463409,30392,"K"
"373",2011,3.46,23,526.416192463409,30392,"K"
"374",2011,8.49,69,526.416192463409,30392,"K"
"375",2011,4.97,40,526.416192463409,30392,"K"
"376",2011,20,45,719.383250930221,30392,"K"
"377",2011,8.33,17,719.383250930221,30392,"K"
"378",2011,42.47,47,526.416192463409,30392,"F"
"379",2011,3.55,40,526.416192463409,30392,"K"
"380",2011,5.37,25,526.416192463409,30392,"K"
"381",2011,3.11,1807,440.698442860509,30392,"K"
"382",2011,100,15,719.383250930221,30392,"E"
"383",2011,4.6,58,719.383250930221,30392,"H"
"384",2011,5.1,5,283.505616103203,30392,"K"
"385",2011,5.97,8,719.383250930221,30392,"K"
"386",2011,4.39,64,283.505616103203,30392,"K"
"387",2011,15.08,40,283.505616103203,30392,"K"
"388",2011,1.78,246,440.698442860509,30392,"K"
"389",2011,33.37,93,213.619029151315,30392,"K"
"390",2011,10.46,42,526.416192463409,30392,"K"
"391",2011,4.34,36,213.619029151315,30392,"K"
"392",2011,8.94,36,245.520532200943,30392,"K"
"393",2011,16.47,2880,440.698442860509,30392,"J"
"394",2011,52.91,74,508.992180313632,30392,"F"
"395",2011,NA,15,508.992180313632,30392,"K"
"396",2011,4.39,70,719.383250930221,30392,"J"
"397",2011,1.14,15,207.588937093275,30392,"K"
"398",2011,33.77,168,278.768311879247,30392,"I"
"399",2011,4.7,5,207.588937093275,30392,"K"
"400",2011,43.63,40,745.484787159199,30392,"E"
"401",2011,8.33,89,719.383250930221,30392,"J"
"402",2011,10.24,28,278.768311879247,30392,"K"
"403",2011,12.15,34,745.484787159199,30392,"K"
"404",2011,8.57,24,526.416192463409,30392,"K"
"405",2011,21.63,80,745.484787159199,30392,"G"
"406",2011,5.78,120,278.768311879247,30392,"K"
"407",2011,41.07,174,278.768311879247,30392,"I"
"408",2011,8.82,204,278.768311879247,30392,"K"
"409",2011,29.13,32,408.536202514218,30392,"K"
"410",2011,21.96,52,719.383250930221,30392,"G"
"411",2011,11.7,26,278.768311879247,30392,"K"
"412",2011,0.91,10,244.105264760049,30392,"K"
"413",2011,14.05,170,244.105264760049,30392,"K"
"414",2011,NA,14,719.383250930221,30392,"K"
"415",2011,11.06,17,719.383250930221,30392,"K"
"416",2011,8.25,28,244.105264760049,30392,"K"
"417",2011,4.58,43,244.105264760049,30392,"K"
"418",2011,27.77,205,244.105264760049,30392,"J"
"419",2011,7.66,69,719.383250930221,30392,"K"
"420",2011,11.82,29,719.383250930221,30392,"K"
"421",2011,10.68,41,526.416192463409,30392,"K"
"422",2011,14.61,54,160.968054437925,30392,"K"
"423",2011,6.91,20,211.804859204515,30392,"K"
"424",2011,10.81,9,315.57489259448,30392,"K"
"425",2011,35.41,100,315.57489259448,30392,"K"
"426",2011,26.03,87,399.055510425129,30392,"I"
"427",2011,1.64,182,399.055510425129,30392,"K"
"428",2011,NA,4,283.505616103203,30392,"K"
"429",2011,3.05,10,283.505616103203,30392,"K"
"430",2011,5,16,132.283989652199,30392,"K"
"431",2011,10.15,100,213.619029151315,30392,"K"
"432",2011,1.59,10,421.880457142857,30392,"K"
"433",2011,17.8,30,421.880457142857,30392,"J"
"434",2011,10.02,120,213.619029151315,30392,"K"
"435",2011,3.38,20,421.880457142857,30392,"K"
"436",2011,15.08,50,421.880457142857,30392,"K"
"437",2011,4.75,162,237.695008922918,30392,"K"
"438",2011,1.54,31,421.880457142857,30392,"K"
"439",2011,3.28,78,421.880457142857,30392,"K"
"440",2011,4.79,16,421.880457142857,30392,"K"
"441",2011,3.96,37,421.880457142857,30392,"K"
"442",2011,21.98,33,709.961594409254,30392,"J"
"443",2011,9.96,36,274.753000395199,30392,"K"
"444",2011,NA,35,207.486192019071,30392,"F"
"445",2011,11.82,49,278.768311879247,30392,"K"
"446",2011,15.19,86,274.753000395199,30392,"K"
"447",2011,3.77,68,274.753000395199,30392,"K"
"448",2011,26.73,30,271.043641231593,30392,"I"
"449",2011,1.15,12,526.416192463409,30392,"K"
"450",2011,11.63,4,271.043641231593,30392,"K"
"451",2011,2.74,4,271.043641231593,30392,"K"
"452",2011,11.21,86,408.536202514218,30392,"K"
"453",2011,8.57,50,271.043641231593,30392,"K"
"454",2011,8.31,91,271.043641231593,30392,"K"
"455",2011,11.06,40,408.536202514218,30392,"K"
"456",2011,1.05,5,271.043641231593,30392,"K"
"457",2011,5.42,30,257.430800954643,30392,"K"
"458",2011,17.08,21,271.043641231593,30392,"K"
"459",2011,8.74,14,271.043641231593,30392,"K"
"460",2011,5.8,43,271.043641231593,30392,"K"
"461",2011,3.18,54,271.043641231593,30392,"K"
"462",2011,NA,6,271.043641231593,30392,"K"
"463",2011,5.8,10,399.055510425129,30392,"K"
"464",2011,6.61,1874,440.698442860509,30392,"K"
"465",2011,5.11,19,270.484041373733,30392,"K"
"466",2011,27.82,75,270.484041373733,30392,"K"
"467",2011,NA,4,270.484041373733,30392,"K"
"468",2011,2.94,6,315.57489259448,30392,"K"
"469",2011,9.83,20,270.484041373733,30392,"K"
"470",2011,3.89,18,270.484041373733,30392,"K"
"471",2011,NA,5,270.484041373733,30392,"K"
"570",2012,42.52,8,817.721707718129,29207,"G"
"571",2012,12.54,36,817.721707718129,29207,"K"
"572",2012,NA,26,805.108986426236,29207,"J"
"573",2012,11.26,40,470.691907563034,29207,"K"
"574",2012,8.49,19,805.108986426236,29207,"K"
"575",2012,10.33,104,261.20099378882,29207,"K"
"576",2012,21.1,81,817.721707718129,29207,"G"
"577",2012,4.45,36,261.20099378882,29207,"J"
"578",2012,8.53,49,805.108986426236,29207,"K"
"579",2012,5.82,6,578.628445708806,29207,"K"
"580",2012,10.66,77,805.108986426236,29207,"J"
"581",2012,3.89,33,805.108986426236,29207,"H"
"582",2012,36.61,34,805.108986426236,29207,"F"
"583",2012,32.23,86,261.20099378882,29207,"J"
"584",2012,16.73,2731,506.523369823893,29207,"J"
"585",2012,2.86,10,817.721707718129,29207,"I"
"586",2012,1.26,208,506.523369823893,29207,"K"
"587",2012,11.11,86,470.691907563034,29207,"K"
"588",2012,4.6,72,805.108986426236,29207,"J"
"589",2012,6.15,5259,506.523369823893,29207,"K"
"590",2012,3.16,1462,506.523369823893,29207,"K"
"591",2012,13.97,49,805.108986426236,29207,"J"
"592",2012,11.26,16,805.108986426236,29207,"K"
"593",2012,55.57,40,817.721707718129,29207,"F"
"594",2012,NA,13,805.108986426236,29207,"J"
"595",2012,1.66,662,506.523369823893,29207,"K"
"596",2012,4.94,6,252.333046286329,29207,"K"
"597",2012,1.51,21,834.744348801843,29207,"K"
"598",2012,1.06,13,252.333046286329,29207,"K"
"599",2012,10.42,20,261.20099378882,29207,"K"
"600",2012,NA,33,256.378183646113,29207,"F"
"601",2012,12.25,96,621.743376782527,29207,"K"
"602",2012,8.95,88,621.743376782527,29207,"K"
"603",2012,3.4,21,621.743376782527,29207,"K"
"604",2012,6.64,1810,506.523369823893,29207,"K"
"605",2012,21.85,55,805.108986426236,29207,"H"
"606",2012,33.77,2677,506.523369823893,29207,"I"
"607",2012,5.92,25,817.721707718129,29207,"G"
"608",2012,9.85,43,621.743376782527,29207,"K"
"609",2012,1.3,27,817.721707718129,29207,"K"
"610",2012,4.77,31,621.743376782527,29207,"K"
"611",2012,9.25,71,621.743376782527,29207,"K"
"612",2012,22.17,40,834.744348801843,29207,"J"
"613",2012,7.73,36,817.721707718129,29207,"K"
"614",2012,19.22,50,621.743376782527,29207,"J"
"615",2012,100,12,805.108986426236,29207,"C"
"616",2012,1.24,12,621.743376782527,29207,"K"
"617",2012,8.02,50,256.378183646113,29207,"K"
"618",2012,8.61,26,621.743376782527,29207,"K"
"619",2012,100,16,805.108986426236,29207,"E"
"620",2012,9.3,54,621.743376782527,29207,"K"
"621",2012,NA,11,805.108986426236,29207,"K"
"622",2012,15.14,70,805.108986426236,29207,"J"
"623",2012,4.9,60,805.108986426236,29207,"G"
"624",2012,3.4,40,621.743376782527,29207,"K"
"625",2012,8.49,90,805.108986426236,29207,"J"
"626",2012,27.27,25,470.691907563034,29207,"K"
"627",2012,11.85,29,805.108986426236,29207,"K"
"628",2012,8.2,1412,506.523369823893,29207,"J"
"629",2012,19.6,43,805.108986426236,29207,"J"
"630",2012,4.6,67,338.591618546207,29207,"K"
"631",2012,3.34,20,338.591618546207,29207,"K"
"632",2012,4.84,5,338.591618546207,29207,"K"
"633",2012,21.25,12,817.721707718129,29207,"K"
"634",2012,4.36,1500,506.523369823893,29207,"K"
"635",2012,8.58,54,286.859198316191,29207,"K"
"636",2012,56.1,80,591.595277320154,29207,"F"
"637",2012,96.18,49,805.108986426236,29207,"C"
"638",2012,NA,15,591.595277320154,29207,"K"
"639",2012,5.48,4,299.271973233245,29207,"K"
"640",2012,4.76,140,287.521940322323,29207,"K"
"641",2012,6.45,34,805.108986426236,29207,"H"
"642",2012,11.86,38,340.956234803751,29207,"K"
"643",2012,34.56,150,340.956234803751,29207,"K"
"644",2012,8.16,22,817.721707718129,29207,"K"
"645",2012,42.52,40,817.721707718129,29207,"E"
"646",2012,1.89,55,817.721707718129,29207,"K"
"647",2012,36.61,4,621.743376782527,29207,"H"
"648",2012,11.85,47,340.956234803751,29207,"K"
"649",2012,8.11,74,805.108986426236,29207,"K"
"650",2012,39.37,169,340.956234803751,29207,"J"
"651",2012,9.11,200,340.956234803751,29207,"K"
"652",2012,1.76,46,621.743376782527,29207,"K"
"653",2012,42.9,46,621.743376782527,29207,"F"
"654",2012,5.87,125,340.956234803751,29207,"K"
"655",2012,5.92,8,805.108986426236,29207,"K"
"656",2012,8.22,24,298.22245133119,29207,"K"
"657",2012,7.47,18,805.108986426236,29207,"K"
"658",2012,1,10,298.22245133119,29207,"K"
"659",2012,3.61,8,805.108986426236,29207,"H"
"660",2012,27.62,202,298.22245133119,29207,"J"
"661",2012,4.36,35,298.22245133119,29207,"K"
"662",2012,13.92,185,298.22245133119,29207,"J"
"663",2012,11.08,8,384.403562946232,29207,"K"
"664",2012,13.82,60,195.787753637601,29207,"K"
"665",2012,2.98,6,384.403562946232,29207,"K"
"666",2012,4.57,6,805.108986426236,29207,"J"
"667",2012,6.61,19,260.732651080943,29207,"K"
"668",2012,NA,5,338.591618546207,29207,"K"
"669",2012,10.42,130,261.20099378882,29207,"J"
"670",2012,1.78,160,472.047849462366,29207,"K"
"671",2012,25.42,91,472.047849462366,29207,"I"
"672",2012,4.92,12,164.365523205535,29207,"K"
"673",2012,14.97,46,338.591618546207,29207,"K"
"674",2012,12.25,7,805.108986426236,29207,"K"
"675",2012,4.75,18,507.111567419576,29207,"K"
"676",2012,3.18,19,507.111567419576,29207,"K"
"677",2012,3.37,77,507.111567419576,29207,"K"
"678",2012,14.97,92,507.111567419576,29207,"K"
"679",2012,27.84,31,834.744348801843,29207,"H"
"680",2012,1.47,9,507.111567419576,29207,"K"
"681",2012,17.34,35,507.111567419576,29207,"J"
"682",2012,1.75,28,507.111567419576,29207,"K"
"683",2012,8.02,64,256.378183646113,29207,"K"
"684",2012,4.75,14,256.378183646113,29207,"K"
"685",2012,3.71,61,342.972593353888,29207,"K"
"686",2012,14.47,89,342.972593353888,29207,"K"
"687",2012,1.63,3,256.378183646113,29207,"K"
"688",2012,27.49,35,470.691907563034,29207,"K"
"689",2012,27.49,81,470.691907563034,29207,"K"
"690",2012,10.52,42,342.972593353888,29207,"K"
"691",2012,26.43,31,334.285332620892,29207,"I"
"692",2012,3.26,42,334.285332620892,29207,"K"
"693",2012,10.73,25,340.956234803751,29207,"K"
"694",2012,NA,7,334.285332620892,29207,"K"
"695",2012,2.76,3,334.285332620892,29207,"J"
"696",2012,5.63,30,312.737944162437,29207,"K"
"697",2012,6.11,41,621.743376782527,29207,"K"
"698",2012,7.81,92,334.285332620892,29207,"K"
"699",2012,11.59,4,334.285332620892,29207,"K"
"700",2012,8.48,10,334.285332620892,29207,"K"
"701",2012,9.48,50,334.285332620892,29207,"K"
"702",2012,5.97,39,334.285332620892,29207,"K"
"703",2012,1.16,5,334.285332620892,29207,"K"
"704",2012,1.66,242,506.523369823893,29207,"K"
"705",2012,15.62,25,334.285332620892,29207,"K"
"706",2012,33.68,108,384.403562946232,29207,"K"
"707",2012,1.37,1839,506.523369823893,29207,"K"
"708",2012,5.91,16,472.047849462366,29207,"K"
"709",2012,NA,5,328.168158142519,29207,"K"
"710",2012,5.02,23,328.168158142519,29207,"K"
"711",2012,27.27,65,328.168158142519,29207,"J"
"712",2012,NA,5,328.168158142519,29207,"K"
"713",2012,3.88,18,328.168158142519,29207,"K"
"714",2012,4.19,37,507.111567419576,29207,"K"
"715",2012,8.48,25,328.168158142519,29207,"K"
"814",2013,13,56,864.031314937418,40420,"J"
"815",2013,47.62,8,847.818251324341,40420,"E"
"816",2013,100,18,864.031314937418,40420,"D"
"817",2013,1.78,69,847.818251324341,40420,"K"
"818",2013,96.81,63,864.031314937418,40420,"C"
"819",2013,10.43,37,847.818251324341,40420,"K"
"820",2013,7.69,101,864.031314937418,40420,"I"
"821",2013,4.44,86,864.031314937418,40420,"K"
"822",2013,NA,26,864.031314937418,40420,"I"
"823",2013,21.52,98,847.818251324341,40420,"G"
"824",2013,9.61,112,295.594462742379,40420,"K"
"825",2013,47.62,43,847.818251324341,40420,"D"
"826",2013,5.15,32,847.818251324341,40420,"H"
"827",2013,5.8,42,864.031314937418,40420,"H"
"828",2013,11.87,34,864.031314937418,40420,"K"
"829",2013,1.42,34,847.818251324341,40420,"K"
"830",2013,1.52,26,912.42118671054,40420,"K"
"831",2013,4.42,20,287.442384769539,40420,"K"
"832",2013,3.61,20,295.594462742379,40420,"K"
"833",2013,7.89,67,287.442384769539,40420,"K"
"834",2013,7.89,80,287.442384769539,40420,"K"
"835",2013,5.22,9,864.031314937418,40420,"K"
"836",2013,9.95,19,864.031314937418,40420,"K"
"837",2013,16.98,2662,538.681517840287,40420,"I"
"838",2013,28.09,104,516.405899098284,40420,"J"
"839",2013,8.77,59,864.031314937418,40420,"K"
"840",2013,5.48,5622,538.681517840287,40420,"K"
"841",2013,7.58,1418,538.681517840287,40420,"J"
"842",2013,12.73,22,434.091041303083,40420,"K"
"843",2013,14.04,74,864.031314937418,40420,"I"
"844",2013,4.79,7,278.408799658266,40420,"K"
"845",2013,55.87,26,847.818251324341,40420,"D"
"846",2013,2.57,242,538.681517840287,40420,"J"
"847",2013,1.68,4949,538.681517840287,40420,"K"
"848",2013,1.59,11,682.555006452037,40420,"K"
"849",2013,10.71,94,682.555006452037,40420,"K"
"850",2013,10.06,30,295.594462742379,40420,"K"
"851",2013,18.73,20,847.818251324341,40420,"J"
"852",2013,2.53,8,847.818251324341,40420,"H"
"853",2013,9.31,88,864.031314937418,40420,"J"
"854",2013,4.46,30,682.555006452037,40420,"K"
"855",2013,9.16,83,682.555006452037,40420,"K"
"856",2013,27.91,33,912.42118671054,40420,"G"
"857",2013,25.8,30,516.405899098284,40420,"J"
"858",2013,NA,16,864.031314937418,40420,"K"
"859",2013,19.81,55,864.031314937418,40420,"G"
"860",2013,5.38,4,336.141939644748,40420,"K"
"861",2013,28.36,38,864.031314937418,40420,"E"
"862",2013,28.36,6,682.555006452037,40420,"H"
"863",2013,9.21,40,847.818251324341,40420,"J"
"864",2013,8.33,102,682.555006452037,40420,"K"
"865",2013,10.13,64,682.555006452037,40420,"J"
"866",2013,13.21,36,847.818251324341,40420,"J"
"867",2013,100,18,864.031314937418,40420,"C"
"868",2013,45.01,58,682.555006452037,40420,"F"
"869",2013,3.35,620,538.681517840287,40420,"K"
"870",2013,NA,18,864.031314937418,40420,"J"
"871",2013,6.71,12,864.031314937418,40420,"J"
"872",2013,7.69,24,864.031314937418,40420,"K"
"873",2013,9.7,47,682.555006452037,40420,"J"
"874",2013,10.71,10,864.031314937418,40420,"K"
"875",2013,6.38,42,287.501669929704,40420,"K"
"876",2013,6.15,1838,538.681517840287,40420,"K"
"877",2013,3.42,24,682.555006452037,40420,"K"
"878",2013,13.67,60,364.665159979197,40420,"K"
"879",2013,1.16,1821,538.681517840287,40420,"J"
"880",2013,4.36,5,364.665159979197,40420,"K"
"881",2013,2.96,20,364.665159979197,40420,"K"
"882",2013,8.47,60,314.678722544705,40420,"K"
"883",2013,55.87,15,847.818251324341,40420,"E"
"884",2013,54.27,88,632.925506664232,40420,"E"
"885",2013,1.76,15,632.925506664232,40420,"K"
"886",2013,1.41,10,278.408799658266,40420,"K"
"887",2013,4.08,10,864.031314937418,40420,"I"
"888",2013,3.99,119,322.095764480289,40420,"K"
"889",2013,32.05,170,385.022495241391,40420,"I"
"890",2013,6.85,87,864.031314937418,40420,"K"
"891",2013,11.06,54,385.022495241391,40420,"K"
"892",2013,3.88,38,864.031314937418,40420,"H"
"893",2013,18.1,49,864.031314937418,40420,"J"
"894",2013,3.22,8,864.031314937418,40420,"H"
"895",2013,9.85,237,385.022495241391,40420,"J"
"896",2013,3.82,40,682.555006452037,40420,"K"
"897",2013,5.38,7,637.812719641746,40420,"K"
"898",2013,21.17,65,682.555006452037,40420,"I"
"899",2013,6.2,46,682.555006452037,40420,"K"
"900",2013,8.82,33,682.555006452037,40420,"K"
"901",2013,5.13,136,385.022495241391,40420,"J"
"902",2013,37.06,202,385.022495241391,40420,"I"
"903",2013,10.56,38,385.022495241391,40420,"K"
"904",2013,7.79,24,333.701816407162,40420,"K"
"905",2013,14.31,176,333.701816407162,40420,"J"
"906",2013,4.46,72,864.031314937418,40420,"H"
"907",2013,34,152,434.091041303083,40420,"J"
"908",2013,3.16,6,434.091041303083,40420,"K"
"909",2013,3.84,33,333.701816407162,40420,"K"
"910",2013,26.1,293,333.701816407162,40420,"J"
"911",2013,0.89,10,333.701816407162,40420,"K"
"912",2013,4.26,63,295.594462742379,40420,"J"
"913",2013,15.6,65,219.208162790247,40420,"K"
"914",2013,24.63,111,525.661152614728,40420,"I"
"915",2013,1.95,165,525.661152614728,40420,"K"
"916",2013,1.81,107,682.555006452037,40420,"K"
"917",2013,30,94,295.594462742379,40420,"J"
"918",2013,6.4,16,525.661152614728,40420,"K"
"919",2013,4.44,79,364.665159979197,40420,"K"
"920",2013,10.06,150,295.594462742379,40420,"J"
"921",2013,4.5,14,196.672282703849,40420,"K"
"922",2013,20.99,45,912.42118671054,40420,"I"
"923",2013,13.67,119,566.106858054226,40420,"K"
"924",2013,18.82,42,566.106858054226,40420,"J"
"925",2013,1.59,23,566.106858054226,40420,"K"
"926",2013,4.44,18,566.106858054226,40420,"K"
"927",2013,2.15,8,287.442384769539,40420,"K"
"928",2013,1.81,12,566.106858054226,40420,"K"
"929",2013,3.15,31,566.106858054226,40420,"K"
"930",2013,4.37,47,566.106858054226,40420,"K"
"931",2013,NA,38,287.442384769539,40420,"F"
"932",2013,3.18,100,566.106858054226,40420,"K"
"933",2013,18.82,13,566.106858054226,40420,"K"
"934",2013,28.09,48,516.405899098284,40420,"K"
"935",2013,10.18,111,516.405899098284,40420,"K"
"936",2013,11.87,84,385.022495241391,40420,"K"
"937",2013,13.76,109,387.422750424448,40420,"J"
"938",2013,3.36,63,387.422750424448,40420,"K"
"939",2013,10.32,45,387.422750424448,40420,"K"
"940",2013,9.95,48,516.405899098284,40420,"K"
"941",2013,4.88,30,335.458329525345,40420,"K"
"942",2013,NA,6,385.123367972289,40420,"K"
"943",2013,2.65,5,385.123367972289,40420,"J"
"944",2013,9.91,50,385.123367972289,40420,"K"
"945",2013,10.79,4,385.123367972289,40420,"K"
"946",2013,37.85,2710,538.681517840287,40420,"I"
"947",2013,1.68,767,538.681517840287,40420,"K"
"948",2013,6.19,68,385.123367972289,40420,"K"
"949",2013,2.57,664,538.681517840287,40420,"K"
"950",2013,25.59,38,385.123367972289,40420,"I"
"951",2013,1.1,6,385.123367972289,40420,"K"
"952",2013,14.41,30,385.123367972289,40420,"J"
"953",2013,8.02,16,385.123367972289,40420,"K"
"954",2013,8.68,110,385.123367972289,40420,"K"
"955",2013,2.84,45,385.123367972289,40420,"K"
"956",2013,1,5,364.665159979197,40420,"K"
"957",2013,1.86,60,357.105820492222,40420,"K"
"958",2013,4.73,1262,538.681517840287,40420,"K"
"959",2013,1.41,441,538.681517840287,40420,"K"
"960",2013,4.67,18,357.105820492222,40420,"K"
"961",2013,2.84,1322,538.681517840287,40420,"K"
"962",2013,3.35,79,357.105820492222,40420,"K"
"963",2013,7.42,33,357.105820492222,40420,"K"
"964",2013,4.21,26,357.105820492222,40420,"K"
"965",2013,1,5,357.105820492222,40420,"K"
"966",2013,25.8,74,357.105820492222,40420,"I"
"1079",2014,79.72,25,894.442167153179,43106,"D"
"1080",2014,61.15,59,894.442167153179,43106,"K"
"1081",2014,62.15,37,894.442167153179,43106,"G"
"1082",2014,61.04,16,894.442167153179,43106,"K"
"1083",2014,63.22,97,922.09948931341,43106,"K"
"1084",2014,67.73,18,894.442167153179,43106,"I"
"1085",2014,82.51,28,894.442167153179,43106,"D"
"1086",2014,60.53,134,894.442167153179,43106,"K"
"1087",2014,67.61,2663,584.02827884254,43106,"I"
"1088",2014,82.51,11,894.442167153179,43106,"F"
"1089",2014,79.72,7,894.442167153179,43106,"H"
"1090",2014,70.55,40,426.280818278427,43106,"J"
"1091",2014,60.43,81,894.442167153179,43106,"K"
"1092",2014,61.08,1214,584.02827884254,43106,"K"
"1093",2014,63.49,23,894.442167153179,43106,"J"
"1094",2014,61.35,8,922.09948931341,43106,"H"
"1095",2014,68.92,94,894.442167153179,43106,"G"
"1096",2014,60.59,30,894.442167153179,43106,"K"
"1097",2014,64.17,70,426.280818278427,43106,"K"
"1098",2014,62.22,9,304.683195592286,43106,"K"
"1099",2014,65.76,36,894.442167153179,43106,"J"
"1100",2014,62.29,2,369.219626374597,43106,"K"
"1101",2014,64.15,32,894.442167153179,43106,"K"
"1102",2014,60.1,12,426.280818278427,43106,"K"
"1103",2014,62.18,6,673.939486148758,43106,"K"
"1104",2014,63.22,33,375.041851150711,43106,"K"
"1105",2014,62.1,8,922.09948931341,43106,"K"
"1106",2014,63.62,59,922.09948931341,43106,"K"
"1107",2014,NA,25,922.09948931341,43106,"K"
"1108",2014,100,20,922.09948931341,43106,"C"
"1109",2014,62.39,42,922.09948931341,43106,"K"
"1110",2014,60.17,18,922.09948931341,43106,"K"
"1111",2014,67.05,50,922.09948931341,43106,"J"
"1112",2014,61.89,16,375.041851150711,43106,"K"
"1113",2014,62.73,11,922.09948931341,43106,"K"
"1114",2014,68.96,62,745.158064308917,43106,"I"
"1115",2014,64.55,17,922.09948931341,43106,"K"
"1116",2014,60.99,242,584.02827884254,43106,"J"
"1117",2014,74.95,174,471.833473873979,43106,"J"
"1118",2014,63.22,26,922.09948931341,43106,"K"
"1119",2014,63.96,64,745.158064308917,43106,"J"
"1120",2014,63.8,87,922.09948931341,43106,"J"
"1121",2014,74.8,208,425.392136575272,43106,"H"
"1122",2014,60.72,15,745.158064308917,43106,"K"
"1123",2014,72.31,103,323.927100037005,43106,"J"
"1124",2014,65.77,72,922.09948931341,43106,"I"
"1125",2014,62.47,47,745.158064308917,43106,"K"
"1126",2014,62.15,86,922.09948931341,43106,"K"
"1127",2014,61.58,13,922.09948931341,43106,"K"
"1128",2014,64.77,35,922.09948931341,43106,"K"
"1129",2014,100,20,922.09948931341,43106,"E"
"1130",2014,60.58,21,976.094443048206,43106,"K"
"1131",2014,68.36,60,922.09948931341,43106,"G"
"1132",2014,62.15,80,385.966388502866,43106,"K"
"1133",2014,61.83,76,922.09948931341,43106,"H"
"1134",2014,62.04,20,315.7462934094,43106,"K"
"1135",2014,61.31,20,385.966388502866,43106,"K"
"1136",2014,72.36,37,922.09948931341,43106,"E"
"1137",2014,63.22,86,315.7462934094,43106,"K"
"1138",2014,63.4,69,341.59847450695,43106,"K"
"1139",2014,63.22,64,315.7462934094,43106,"K"
"1140",2014,60.86,130,683.311931611495,43106,"K"
"1141",2014,61.63,44,922.09948931341,43106,"H"
"1142",2014,82.18,106,683.311931611495,43106,"E"
"1143",2014,NA,6,922.09948931341,43106,"K"
"1144",2014,60.78,15,683.311931611495,43106,"K"
"1145",2014,61.81,96,351.449825752837,43106,"K"
"1146",2014,65.2,57,922.09948931341,43106,"J"
"1147",2014,64.62,64,425.392136575272,43106,"K"
"1148",2014,71.81,53,561.822037337454,43106,"K"
"1149",2014,63.77,17,922.09948931341,43106,"K"
"1150",2014,62.84,81,922.09948931341,43106,"K"
"1151",2014,98.25,64,922.09948931341,43106,"C"
"1152",2014,67.77,14,616.802961275626,43106,"K"
"1153",2014,60.76,12,616.802961275626,43106,"K"
"1154",2014,61.3,6,471.833473873979,43106,"K"
"1155",2014,65.27,17,471.833473873979,43106,"K"
"1156",2014,63.57,2,745.158064308917,43106,"K"
"1157",2014,62.04,1128,584.02827884254,43106,"K"
"1158",2014,63.84,110,323.927100037005,43106,"J"
"1159",2014,65.88,106,426.151178451178,43106,"J"
"1160",2014,61.81,49,323.927100037005,43106,"J"
"1161",2014,64.66,217,425.392136575272,43106,"J"
"1162",2014,70.54,280,366.210354826174,43106,"J"
"1163",2014,63.04,1439,584.02827884254,43106,"J"
"1164",2014,61.42,10,323.927100037005,43106,"K"
"1165",2014,64.47,135,323.927100037005,43106,"J"
"1166",2014,61.44,4,323.927100037005,43106,"K"
"1167",2014,64.47,55,323.927100037005,43106,"J"
"1168",2014,61.1,101,366.210354826174,43106,"K"
"1169",2014,61.99,26,366.210354826174,43106,"K"
"1170",2014,62.66,1891,584.02827884254,43106,"K"
"1171",2014,60.55,100,366.210354826174,43106,"K"
"1172",2014,68.56,51,976.094443048206,43106,"K"
"1173",2014,71.96,38,976.094443048206,43106,"H"
"1174",2014,60.41,10,385.966388502866,43106,"K"
"1175",2014,NA,30,315.7462934094,43106,"F"
"1176",2014,60.7,1183,584.02827884254,43106,"K"
"1177",2014,75,2641,584.02827884254,43106,"I"
"1178",2014,70.43,97,576.567037625861,43106,"I"
"1179",2014,61.33,34,375.041851150711,43106,"K"
"1180",2014,60.89,8,315.7462934094,43106,"K"
"1181",2014,64.09,111,561.822037337454,43106,"K"
"1182",2014,61.94,32,745.158064308917,43106,"K"
"1183",2014,70.68,35,561.822037337454,43106,"J"
"1184",2014,70.43,12,576.567037625861,43106,"K"
"1185",2014,61.95,8,228.620417906357,43106,"K"
"1186",2014,71.81,99,561.822037337454,43106,"J"
"1187",2014,63.77,55,561.822037337454,43106,"K"
"1188",2014,64.55,92,745.158064308917,43106,"K"
"1189",2014,62.08,30,347.188274836079,43106,"K"
"1190",2014,60.5,1929,584.02827884254,43106,"K"
"1191",2014,61.29,31,616.802961275626,43106,"K"
"1192",2014,60.77,7340,584.02827884254,43106,"K"
"1193",2014,64.13,39,426.151178451178,43106,"K"
"1194",2014,60.21,1129,584.02827884254,43106,"K"
"1195",2014,62.4,4754,584.02827884254,43106,"K"
"1196",2014,73.52,166,425.392136575272,43106,"I"
"1197",2014,60.99,242,584.02827884254,43106,"J"
"1198",2014,65.8,126,616.802961275626,43106,"K"
"1199",2014,72.36,10,745.158064308917,43106,"K"
"1200",2014,63.79,35,745.158064308917,43106,"J"
"1201",2014,61.94,44,375.041851150711,43106,"K"
"1202",2014,60.6,1129,584.02827884254,43106,"K"
"1203",2014,61.44,63,426.151178451178,43106,"K"
"1204",2014,61.37,24,745.158064308917,43106,"K"
"1205",2014,61.05,36,426.280818278427,43106,"K"
"1206",2014,61.81,42,745.158064308917,43106,"K"
"1207",2014,61.46,1211,584.02827884254,43106,"K"
"1208",2014,63.37,98,745.158064308917,43106,"K"
"1209",2014,60.99,652,584.02827884254,43106,"K"
"1210",2014,60.79,93,317.072631381091,43106,"K"
"1211",2014,60.41,6,366.210354826174,43106,"K"
"1212",2014,62.62,72,426.280818278427,43106,"K"
"1213",2014,60.36,30,425.392136575272,43106,"K"
"1214",2014,63.59,81,745.158064308917,43106,"K"
"1215",2014,61.91,10,385.966388502866,43106,"K"
"1216",2014,66.35,71,242.741017279973,43106,"K"
"1217",2014,65.8,67,385.966388502866,43106,"K"
"1218",2014,60.86,156,576.567037625861,43106,"K"
"1219",2014,64.77,84,425.392136575272,43106,"K"
"1220",2014,60.62,10,304.683195592286,43106,"K"
"1221",2014,63.62,110,426.280818278427,43106,"J"
"1222",2014,63.89,52,745.158064308917,43106,"J"
"1223",2014,60.47,10,426.280818278427,43106,"K"
"1224",2014,78.71,65,745.158064308917,43106,"F"
"1225",2014,70.68,74,375.041851150711,43106,"I"
"1226",2014,60.8,46,375.041851150711,43106,"K"
"1227",2014,66.41,186,366.210354826174,43106,"J"
"1228",2014,61.89,18,616.802961275626,43106,"K"
"1229",2014,60.75,22,616.802961275626,43106,"K"
"1230",2014,61.85,35,616.802961275626,43106,"K"
"1231",2014,60.99,242,584.02827884254,43106,"J"
"1232",2014,62.87,49,317.072631381091,43106,"K"
"1233",2014,61.44,4,426.151178451178,43106,"K"
"1234",2014,61.27,104,616.802961275626,43106,"K"
"1235",2014,60.7,104,745.158064308917,43106,"K"
"1236",2014,62.06,129,425.392136575272,43106,"J"
"1237",2014,65.87,34,426.280818278427,43106,"K"
"1238",2014,67.77,47,616.802961275626,43106,"J"
"1239",2014,63.58,16,426.280818278427,43106,"K"
"1240",2014,63.21,32,366.210354826174,43106,"K"
"1241",2014,64.52,40,425.392136575272,43106,"K"
"1242",2014,61.14,11,426.280818278427,43106,"K"
"1243",2014,64.59,3,426.280818278427,43106,"K"
"1244",2014,60.41,10,375.041851150711,43106,"K"
"1245",2014,62.93,35,576.567037625861,43106,"K"
"1246",2014,60.58,94,366.210354826174,43106,"K"
"1375",2015,62.83,59,971.184666117065,51000,"J"
"1376",2015,62.49,94,349.765350877193,51000,"K"
"1377",2015,63.71,32,971.184666117065,51000,"J"
"1378",2015,61.8,127,971.184666117065,51000,"K"
"1379",2015,70.14,94,971.184666117065,51000,"G"
"1380",2015,61.91,1288,632.15441999254,51000,"K"
"1381",2015,62.44,10,971.184666117065,51000,"I"
"1382",2015,66.08,37,971.184666117065,51000,"I"
"1383",2015,80.92,12,971.184666117065,51000,"C"
"1384",2015,81.08,25,971.184666117065,51000,"C"
"1385",2015,64.02,38,971.184666117065,51000,"F"
"1386",2015,64.03,10,971.184666117065,51000,"J"
"1387",2015,80.92,5,971.184666117065,51000,"D"
"1388",2015,62.05,657,632.15441999254,51000,"K"
"1389",2015,68.38,2657,632.15441999254,51000,"I"
"1390",2015,70.65,83,991.209572490706,51000,"G"
"1391",2015,78.71,10,817.692462311558,51000,"H"
"1392",2015,61.84,81,971.184666117065,51000,"K"
"1393",2015,81.08,5,971.184666117065,51000,"D"
"1394",2015,69.9,25,971.184666117065,51000,"I"
"1395",2015,62.09,16,971.184666117065,51000,"J"
"1396",2015,62.69,24,651.937599635618,51000,"J"
"1397",2015,62.53,104,651.937599635618,51000,"K"
"1398",2015,61.94,6,651.937599635618,51000,"K"
"1399",2015,63.4,41,709.361676646707,51000,"K"
"1400",2015,64.26,96,991.209572490706,51000,"J"
"1401",2015,62.59,1299,632.15441999254,51000,"K"
"1402",2015,63.43,87,991.209572490706,51000,"J"
"1403",2015,100,20,991.209572490706,51000,"B"
"1404",2015,67,114,651.937599635618,51000,"J"
"1405",2015,100,21,991.209572490706,51000,"D"
"1406",2015,64.26,28,991.209572490706,51000,"J"
"1407",2015,63.04,25,651.937599635618,51000,"K"
"1408",2015,68.46,49,991.209572490706,51000,"J"
"1409",2015,97.8,60,991.209572490706,51000,"C"
"1410",2015,63.35,14,329.679638199411,51000,"K"
"1411",2015,65.15,48,476.944165830826,51000,"K"
"1412",2015,66.45,58,991.209572490706,51000,"J"
"1413",2015,63.31,17,991.209572490706,51000,"J"
"1414",2015,65.81,36,991.209572490706,51000,"K"
"1415",2015,76.03,254,501.591933139535,51000,"J"
"1416",2015,NA,28,991.209572490706,51000,"I"
"1417",2015,65.15,30,476.944165830826,51000,"K"
"1418",2015,64.35,49,991.209572490706,51000,"I"
"1419",2015,64.57,72,991.209572490706,51000,"J"
"1420",2015,65.14,34,817.692462311558,51000,"J"
"1421",2015,78.71,48,991.209572490706,51000,"E"
"1422",2015,64.48,86,991.209572490706,51000,"K"
"1423",2015,NA,18,991.209572490706,51000,"J"
"1424",2015,63.97,13,991.209572490706,51000,"K"
"1425",2015,63.4,75,991.209572490706,51000,"H"
"1426",2015,62.96,42,817.692462311558,51000,"K"
"1427",2015,65.81,88,470.547455295736,51000,"K"
"1428",2015,NA,12,991.209572490706,51000,"K"
"1429",2015,65.44,105,991.209572490706,51000,"J"
"1430",2015,62.96,10,350.573218673219,51000,"K"
"1431",2015,65.81,37,470.547455295736,51000,"K"
"1432",2015,67.33,76,991.209572490706,51000,"I"
"1433",2015,NA,7,991.209572490706,51000,"K"
"1434",2015,66.79,20,991.209572490706,51000,"K"
"1435",2015,69.69,67,817.692462311558,51000,"I"
"1436",2015,65.22,55,817.692462311558,51000,"J"
"1437",2015,65.1,5,817.692462311558,51000,"K"
"1438",2015,63.87,8,991.209572490706,51000,"J"
"1439",2015,64.9,40,392.365770936603,51000,"K"
"1440",2015,74.35,20,991.209572490706,51000,"G"
"1441",2015,61.78,100,345.851827388815,51000,"K"
"1442",2015,71.59,75,392.365770936603,51000,"I"
"1443",2015,62.24,90,345.851827388815,51000,"K"
"1444",2015,65.1,19,991.209572490706,51000,"K"
"1445",2015,63.25,27,392.365770936603,51000,"K"
"1446",2015,62.77,8,991.209572490706,51000,"G"
"1447",2015,65.24,114,607.075186433752,51000,"J"
"1448",2015,63.09,49,991.209572490706,51000,"G"
"1449",2015,61.92,100,607.075186433752,51000,"K"
"1450",2015,71.59,42,607.075186433752,51000,"J"
"1451",2015,62.98,20,398.444609967497,51000,"K"
"1452",2015,67,67,398.444609967497,51000,"K"
"1453",2015,63.43,82,398.444609967497,51000,"K"
"1454",2015,63.09,54,398.444609967497,51000,"K"
"1455",2015,62.15,94,401.491168175746,51000,"K"
"1456",2015,63.44,94,370.277448071217,51000,"K"
"1457",2015,62.33,150,501.591933139535,51000,"K"
"1458",2015,64.55,46,370.277448071217,51000,"K"
"1459",2015,66.34,25,501.591933139535,51000,"K"
"1460",2015,62.62,8,501.591933139535,51000,"K"
"1461",2015,63.39,48,350.573218673219,51000,"I"
"1462",2015,64.73,121,350.573218673219,51000,"J"
"1463",2015,80.45,86,729.003267973856,51000,"E"
"1464",2015,64.67,1419,632.15441999254,51000,"I"
"1465",2015,62.9,4,350.573218673219,51000,"J"
"1466",2015,63.39,8,350.573218673219,51000,"K"
"1467",2015,NA,1311,632.15441999254,51000,"K"
"1468",2015,74.05,107,350.573218673219,51000,"I"
"1469",2015,65.89,135,350.573218673219,51000,"I"
"1470",2015,63.41,52,632.048344718865,51000,"K"
"1471",2015,78.3,75,817.692462311558,51000,"F"
"1472",2015,65.89,55,350.573218673219,51000,"J"
"1473",2015,65.15,209,470.547455295736,51000,"J"
"1474",2015,62.37,64,350.573218673219,51000,"K"
"1475",2015,63.52,4996,632.15441999254,51000,"K"
"1476",2015,80.72,198,470.547455295736,51000,"H"
"1477",2015,72.67,53,1036.41858932103,51000,"G"
"1478",2015,70.03,57,1036.41858932103,51000,"I"
"1479",2015,61.81,13,392.365770936603,51000,"K"
"1480",2015,61.97,30,1036.41858932103,51000,"J"
"1481",2015,62.24,8,342.737958244287,51000,"K"
"1482",2015,63.28,20,401.491168175746,51000,"K"
"1483",2015,72.98,30,342.737958244287,51000,"E"
"1484",2015,64.31,90,342.737958244287,51000,"K"
"1485",2015,63.46,25,342.737958244287,51000,"K"
"1486",2015,64.31,64,342.737958244287,51000,"K"
"1487",2015,63.37,2017,632.15441999254,51000,"J"
"1488",2015,72.58,99,607.075186433752,51000,"J"
"1489",2015,62.9,4,476.944165830826,51000,"J"
"1490",2015,61.87,15,329.679638199411,51000,"K"
"1491",2015,72.58,62,607.075186433752,51000,"K"
"1492",2015,61.8,3,401.491168175746,51000,"K"
"1493",2015,65.1,60,607.075186433752,51000,"K"
"1494",2015,61.78,180,401.491168175746,51000,"K"
"1495",2015,66.79,118,817.692462311558,51000,"K"
"1496",2015,63.48,30,349.765350877193,51000,"K"
"1497",2015,72.28,280,401.491168175746,51000,"I"
"1498",2015,65.14,28,468.607682119205,51000,"K"
"1499",2015,NA,688,632.15441999254,51000,"K"
"1500",2015,62.08,3228,632.15441999254,51000,"K"
"1501",2015,NA,13,468.607682119205,51000,"K"
"1502",2015,61.98,6792,632.15441999254,51000,"K"
"1503",2015,62.16,166,632.048344718865,51000,"K"
"1504",2015,62.81,24,817.692462311558,51000,"J"
"1505",2015,63.23,1522,632.15441999254,51000,"K"
"1506",2015,71.66,16,632.048344718865,51000,"J"
"1507",2015,62.54,36,468.607682119205,51000,"K"
"1508",2015,63.96,20,632.048344718865,51000,"K"
"1509",2015,63.78,53,817.692462311558,51000,"K"
"1510",2015,64.85,67,817.692462311558,51000,"J"
"1511",2015,64.09,1779,632.15441999254,51000,"J"
"1512",2015,72.13,44,468.607682119205,51000,"I"
"1513",2015,63.34,6,263.711801596351,51000,"K"
"1514",2015,64.09,20,632.15441999254,51000,"K"
"1515",2015,66.67,12,468.607682119205,51000,"K"
"1516",2015,63.61,14,651.937599635618,51000,"K"
"1517",2015,61.96,46,392.365770936603,51000,"K"
"1518",2015,63.23,61,392.365770936603,51000,"K"
"1519",2015,64.04,126,470.547455295736,51000,"J"
"1520",2015,75.33,2656,632.15441999254,51000,"H"
"1521",2015,61.97,1858,632.15441999254,51000,"J"
"1522",2015,62.33,121,392.365770936603,51000,"K"
"1523",2015,62.69,10,651.937599635618,51000,"K"
"1524",2015,62.9,38,476.944165830826,51000,"J"
"1525",2015,63.94,74,345.851827388815,51000,"K"
"1526",2015,62.12,18,651.937599635618,51000,"K"
"1527",2015,61.7,59,345.851827388815,51000,"K"
"1528",2015,62.61,130,401.491168175746,51000,"K"
"1529",2015,61.81,13,398.444609967497,51000,"K"
"1530",2015,62.05,240,632.15441999254,51000,"K"
"1531",2015,67.92,215,401.491168175746,51000,"J"
"1532",2015,64.75,39,401.491168175746,51000,"K"
"1533",2015,61.83,1,403.137510879025,51000,"K"
"1534",2015,61.96,26,817.692462311558,51000,"K"
"1535",2015,71.66,107,632.048344718865,51000,"I"
"1536",2015,64.85,106,817.692462311558,51000,"J"
"1537",2015,61.84,15,468.607682119205,51000,"K"
"1538",2015,61.96,72,401.491168175746,51000,"K"
"1539",2015,63.14,30,817.692462311558,51000,"K"
"1540",2015,67.82,41,468.607682119205,51000,"J"
"1541",2015,66.62,80,263.808182169047,51000,"J"
"1542",2015,62.13,16,729.003267973856,51000,"K"
"1543",2015,62.41,80,817.692462311558,51000,"K"
"1544",2015,67.26,104,476.944165830826,51000,"J"
"1545",2015,64.5,112,468.607682119205,51000,"J"
"1546",2015,62.12,109,817.692462311558,51000,"K"
"1547",2015,63.44,71,387.676633444075,51000,"K"
"1548",2015,64.06,81,468.607682119205,51000,"K"
"1549",2015,65.84,90,468.607682119205,51000,"K"
"1550",2015,65.37,77,817.692462311558,51000,"K"
"1551",2015,61.79,34,470.547455295736,51000,"K"
"1552",2015,62.94,24,392.365770936603,51000,"K"
"1553",2015,62.25,130,729.003267973856,51000,"K"
"1554",2015,66.72,71,470.547455295736,51000,"K"
"1555",2015,80.45,20,729.003267973856,51000,"I"
"1556",2015,67,15,651.937599635618,51000,"K"
"1557",2015,67.81,15,651.937599635618,51000,"K"
"1558",2015,62.39,161,401.491168175746,51000,"K"
"1559",2015,74.27,157,470.547455295736,51000,"I"
"1560",2015,62.64,19,468.607682119205,51000,"K"
"1561",2015,67.81,52,651.937599635618,51000,"J"
"1562",2015,63.42,24,392.365770936603,51000,"K"
