"","Year","University_Name_Location","Province","Topic","Plan_Number","GDP_Per_Person","X1A_Number","Level"
"1",2010,"复旦大学","上海","文科",15,680.747321629064,10869,"E"
"2",2010,"上海财经大学","上海","文科",9,680.747321629064,10869,"G"
"3",2010,"中南财经政法大学","湖北","文科",100,226.592657342657,10869,"J"
"4",2010,"华东师范大学","上海","文科",4,680.747321629064,10869,"J"
"5",2010,"上海外国语大学","上海","文科",8,680.747321629064,10869,"H"
"6",2010,"中国地质大学(北京)","北京","文科",4,653.387096774194,10869,"K"
"7",2010,"南京邮电大学","江苏","文科",3,441.179426726531,10869,"K"
"8",2010,"南京信息工程大学","江苏","文科",8,441.179426726531,10869,"K"
"9",2010,"南京农业大学","江苏","文科",10,441.179426726531,10869,"K"
"10",2010,"北京航空航天大学","北京","文科",3,653.387096774194,10869,"J"
"11",2010,"上海大学","上海","文科",5,680.747321629064,10869,"J"
"12",2010,"中南大学","湖南","文科",22,203.866531376834,10869,"K"
"13",2010,"苏州大学","江苏","文科",6,441.179426726531,10869,"J"
"14",2010,"贵州大学","贵州","文科",6,110.621430590896,10869,"K"
"15",2010,"内蒙古大学","内蒙古","文科",4,396.231826280805,10869,"K"
"16",2010,"对外经济贸易大学","北京","文科",32,653.387096774194,10869,"G"
"17",2010,"北京外国语大学","北京","文科",8,653.387096774194,10869,"F"
"18",2010,"江南大学","江苏","文科",21,441.179426726531,10869,"K"
"19",2010,"中国人民大学","北京","文科",37,653.387096774194,10869,"E"
"20",2010,"清华大学","北京","文科",2,653.387096774194,10869,"B"
"21",2010,"北京体育大学","北京","文科",7,653.387096774194,10869,"K"
"22",2010,"南昌大学","江西","文科",20,172.719019206467,10869,"K"
"23",2010,"北京语言大学","北京","文科",15,653.387096774194,10869,"I"
"24",2010,"华北电力大学(保定)","河北","文科",4,245.017059024224,10869,"K"
"25",2010,"北京化工大学","北京","文科",8,653.387096774194,10869,"K"
"26",2010,"吉林大学","吉林","文科",10,265.691445675385,10869,"K"
"27",2010,"华中农业大学","湖北","文科",12,226.592657342657,10869,"K"
"28",2010,"石家庄铁道大学","黑龙江","文科",1,224.437468799088,10869,"K"
"29",2010,"石家庄铁道大学","河北","文科",1,245.017059024224,10869,"K"
"30",2010,"北京理工大学","北京","文科",4,653.387096774194,10869,"I"
"31",2010,"郑州大学","河南","文科",12,205.337380956145,10869,"K"
"32",2010,"浙江大学","浙江","文科",12,435.794711401763,10869,"F"
"33",2010,"中国政法大学","北京","文科",48,653.387096774194,10869,"H"
"34",2010,"西南财经大学","四川","文科",25,172.892852779475,10869,"J"
"35",2010,"海南大学","海南","文科",49,191.443980233083,10869,"K"
"36",2010,"武汉理工大学","湖北","文科",16,226.592657342657,10869,"K"
"37",2010,"西南交通大学","四川","文科",4,172.892852779475,10869,"K"
"38",2010,"辽宁大学","辽宁","文科",41,350.437687168855,10869,"K"
"39",2010,"东北财经大学","辽宁","文科",20,350.437687168855,10869,"J"
"40",2010,"湘潭大学","湖南","文科",27,203.866531376834,10869,"K"
"41",2010,"南开大学","天津","文科",10,612.448703751954,10869,"G"
"42",2010,"中国传媒大学","北京","文科",9,653.387096774194,10869,"I"
"43",2010,"天津财经大学","天津","文科",20,612.448703751954,10869,"J"
"44",2010,"华中科技大学","湖北","文科",24,226.592657342657,10869,"J"
"45",2010,"华北电力大学(北京)","北京","文科",9,653.387096774194,10869,"K"
"46",2010,"武汉大学","湖北","文科",30,226.592657342657,10869,"H"
"47",2010,"北京工业大学","北京","文科",2,653.387096774194,10869,"K"
"48",2010,"北京交通大学","北京","文科",4,653.387096774194,10869,"I"
"49",2010,"广东外语外贸大学","广东","文科",2024,389.751600745512,10869,"K"
"50",2010,"华侨大学","福建","文科",44,333.784233496999,10869,"K"
"51",2010,"北京第二外国语学院","北京","文科",13,653.387096774194,10869,"I"
"52",2010,"山东大学威海分校","山东","文科",12,357.925831283064,10869,"K"
"53",2010,"华南师范大学","广东","文科",1347,389.751600745512,10869,"K"
"54",2010,"广州中医药大学","广东","文科",576,389.751600745512,10869,"K"
"55",2010,"中央民族大学","北京","文科",8,653.387096774194,10869,"K"
"56",2010,"中国海洋大学","山东","文科",20,357.925831283064,10869,"K"
"57",2010,"北京林业大学","北京","文科",16,653.387096774194,10869,"K"
"58",2010,"北京大学","北京","文科",12,653.387096774194,10869,"C"
"59",2010,"西北工业大学","陕西","文科",4,219.205795546016,10869,"K"
"60",2010,"华南理工大学","广东","文科",203,389.751600745512,10869,"K"
"61",2010,"中央财经大学","北京","文科",17,653.387096774194,10869,"G"
"62",2010,"华中师范大学","湖北","文科",17,226.592657342657,10869,"K"
"63",2010,"兰州大学","甘肃","文科",12,132.590189086895,10869,"K"
"64",2010,"厦门大学","福建","文科",22,333.784233496999,10869,"I"
"65",2010,"延边大学","吉林","文科",4,265.691445675385,10869,"K"
"66",2010,"中山大学","广东","文科",940,389.751600745512,10869,"I"
"67",2010,"西南大学","重庆","文科",13,228.401888772298,10869,"K"
"68",2010,"中国矿业大学","江苏","文科",12,441.179426726531,10869,"K"
"69",2010,"东北师范大学","吉林","文科",4,265.691445675385,10869,"K"
"70",2010,"安徽大学","安徽","文科",10,164.130158212363,10869,"K"
"71",2010,"暨南大学","广东","文科",649,389.751600745512,10869,"J"
"72",2010,"四川大学","四川","文科",16,172.892852779475,10869,"J"
"73",2010,"大连海事大学","辽宁","文科",14,350.437687168855,10869,"K"
"74",2010,"山东大学","山东","文科",19,357.925831283064,10869,"J"
"75",2010,"中国地质大学(武汉)","湖北","文科",12,226.592657342657,10869,"K"
"76",2010,"西北农林科技大学","陕西","文科",6,219.205795546016,10869,"K"
"77",2010,"华南农业大学","广东","文科",1608,389.751600745512,10869,"K"
"78",2010,"河海大学","江苏","文科",11,441.179426726531,10869,"K"
"79",2010,"哈尔滨工业大学","黑龙江","文科",2,224.437468799088,10869,"K"
"80",2010,"重庆大学","重庆","文科",12,228.401888772298,10869,"K"
"81",2010,"南京大学","江苏","文科",17,441.179426726531,10869,"F"
"82",2010,"南方医科大学","广东","文科",200,389.751600745512,10869,"K"
"83",2010,"陕西师范大学","陕西","文科",10,219.205795546016,10869,"K"
"84",2010,"湖南大学","湖南","文科",23,203.866531376834,10869,"K"
"85",2010,"合肥工业大学","安徽","文科",6,164.130158212363,10869,"K"
"86",2010,"东北林业大学","黑龙江","文科",3,224.437468799088,10869,"K"
"87",2010,"西安建筑科技大学","陕西","文科",2,219.205795546016,10869,"K"
"88",2010,"长安大学","陕西","文科",4,219.205795546016,10869,"K"
"89",2010,"湖南师范大学","湖南","文科",22,203.866531376834,10869,"K"
"90",2010,"西北大学","陕西","文科",2,219.205795546016,10869,"K"
"91",2010,"西南政法大学","重庆","文科",65,228.401888772298,10869,"J"
"92",2010,"汕头大学","广东","文科",354,389.751600745512,10869,"K"
"93",2010,"西安外国语大学","陕西","文科",13,219.205795546016,10869,"K"
"94",2010,"清华大学","北京","理科",34,653.387096774194,29550,"C"
"95",2010,"上海外国语大学","上海","理科",8,680.747321629064,29550,"H"
"96",2010,"北京科技大学","北京","理科",31,653.387096774194,29550,"J"
"97",2010,"西南财经大学","四川","理科",36,172.892852779475,29550,"J"
"98",2010,"复旦大学","上海","理科",34,680.747321629064,29550,"E"
"99",2010,"北京大学医学部","北京","理科",15,653.387096774194,29550,"E"
"100",2010,"上海财经大学","上海","理科",26,680.747321629064,29550,"G"
"101",2010,"北京航空航天大学","北京","理科",47,653.387096774194,29550,"G"
"102",2010,"中国科学技术大学","安徽","理科",32,164.130158212363,29550,"F"
"103",2010,"北京外国语大学","北京","理科",8,653.387096774194,29550,"I"
"104",2010,"中国农业大学","北京","理科",50,653.387096774194,29550,"K"
"105",2010,"中国人民大学","北京","理科",36,653.387096774194,29550,"F"
"106",2010,"中国石油大学(北京)","北京","理科",15,653.387096774194,29550,"K"
"107",2010,"上海交通大学","上海","理科",43,680.747321629064,29550,"E"
"108",2010,"华南师范大学","广东","理科",1946,389.751600745512,29550,"K"
"109",2010,"广州中医药大学","广东","理科",1808,389.751600745512,29550,"K"
"110",2010,"东北师范大学","吉林","理科",6,265.691445675385,29550,"K"
"111",2010,"北京化工大学","北京","理科",50,653.387096774194,29550,"K"
"112",2010,"吉林大学","吉林","理科",90,265.691445675385,29550,"K"
"113",2010,"北京大学","北京","理科",16,653.387096774194,29550,"D"
"114",2010,"四川大学","四川","理科",93,172.892852779475,29550,"J"
"115",2010,"华南农业大学","广东","理科",5457,389.751600745512,29550,"K"
"116",2010,"华北电力大学(北京)","北京","理科",64,653.387096774194,29550,"K"
"117",2010,"北京工业大学","北京","理科",18,653.387096774194,29550,"K"
"118",2010,"西南交通大学","四川","理科",92,172.892852779475,29550,"K"
"119",2010,"广西大学","广西","理科",15,159.785008237232,29550,"K"
"120",2010,"中国海洋大学","山东","理科",80,357.925831283064,29550,"K"
"121",2010,"中国矿业大学(北京)","北京","理科",6,653.387096774194,29550,"K"
"122",2010,"天津财经大学","天津","理科",25,612.448703751954,29550,"K"
"123",2010,"华东理工大学","上海","理科",36,680.747321629064,29550,"J"
"124",2010,"中国石油大学(华东)","山东","理科",37,357.925831283064,29550,"K"
"125",2010,"江南大学","江苏","理科",27,441.179426726531,29550,"K"
"126",2010,"汕头大学","广东","理科",640,389.751600745512,29550,"K"
"127",2010,"南方医科大学","广东","理科",1693,389.751600745512,29550,"K"
"128",2010,"合肥工业大学","安徽","理科",108,164.130158212363,29550,"K"
"129",2010,"暨南大学","广东","理科",1253,389.751600745512,29550,"J"
"130",2010,"东华大学","上海","理科",38,680.747321629064,29550,"K"
"131",2010,"中国药科大学","江苏","理科",25,441.179426726531,29550,"K"
"132",2010,"南京航空航天大学","江苏","理科",40,441.179426726531,29550,"J"
"133",2010,"北京邮电大学","北京","理科",88,653.387096774194,29550,"J"
"134",2010,"上海理工大学","上海","理科",50,680.747321629064,29550,"K"
"135",2010,"南京信息工程大学","江苏","理科",17,441.179426726531,29550,"K"
"136",2010,"内蒙古大学","内蒙古","理科",11,396.231826280805,29550,"K"
"137",2010,"四川农业大学","四川","理科",20,172.892852779475,29550,"K"
"138",2010,"南京邮电大学","江苏","理科",47,441.179426726531,29550,"K"
"139",2010,"安徽大学","安徽","理科",10,164.130158212363,29550,"K"
"140",2010,"苏州大学","江苏","理科",24,441.179426726531,29550,"K"
"141",2010,"南京大学","江苏","理科",42,441.179426726531,29550,"F"
"142",2010,"上海大学","上海","理科",25,680.747321629064,29550,"K"
"143",2010,"北京第二外国语学院","北京","理科",12,653.387096774194,29550,"J"
"144",2010,"石家庄铁道大学","河北","理科",4,245.017059024224,29550,"K"
"145",2010,"中央民族大学","北京","理科",9,653.387096774194,29550,"K"
"146",2010,"燕山大学","河北","理科",5,245.017059024224,29550,"K"
"147",2010,"东北大学秦皇岛分校","河北","理科",40,245.017059024224,29550,"K"
"148",2010,"广州医科大学","广东","理科",408,389.751600745512,29550,"K"
"149",2010,"河北工业大学","河北","理科",10,245.017059024224,29550,"K"
"150",2010,"北京交通大学","北京","理科",71,653.387096774194,29550,"K"
"151",2010,"郑州大学","河南","理科",30,205.337380956145,29550,"K"
"152",2010,"中国地质大学(北京)","北京","理科",27,653.387096774194,29550,"K"
"153",2010,"北京理工大学","北京","理科",61,653.387096774194,29550,"J"
"154",2010,"浙江大学","浙江","理科",73,435.794711401763,29550,"F"
"155",2010,"温州医学院","浙江","理科",25,435.794711401763,29550,"K"
"156",2010,"北京中医药大学","北京","理科",2,653.387096774194,29550,"J"
"157",2010,"海南大学","海南","理科",116,191.443980233083,29550,"K"
"158",2010,"广西医科大学","广西","理科",12,159.785008237232,29550,"K"
"159",2010,"华中科技大学","湖北","理科",160,226.592657342657,29550,"I"
"160",2010,"武汉大学","湖北","理科",145,226.592657342657,29550,"I"
"161",2010,"北京协和医学院","北京","理科",10,653.387096774194,29550,"K"
"162",2010,"武汉理工大学","湖北","理科",184,226.592657342657,29550,"K"
"163",2010,"河海大学","江苏","理科",77,441.179426726531,29550,"K"
"164",2010,"东南大学","江苏","理科",40,441.179426726531,29550,"J"
"165",2010,"对外经济贸易大学","北京","理科",33,653.387096774194,29550,"H"
"166",2010,"南京理工大学","江苏","理科",42,441.179426726531,29550,"J"
"167",2010,"江苏大学","江苏","理科",40,441.179426726531,29550,"K"
"168",2010,"同济大学","上海","理科",80,680.747321629064,29550,"H"
"169",2010,"中国地质大学(武汉)","湖北","理科",56,226.592657342657,29550,"K"
"170",2010,"华中农业大学","湖北","理科",28,226.592657342657,29550,"K"
"171",2010,"华中师范大学","湖北","理科",24,226.592657342657,29550,"K"
"172",2010,"湘潭大学","湖南","理科",33,203.866531376834,29550,"K"
"173",2010,"中国矿业大学","江苏","理科",81,441.179426726531,29550,"K"
"174",2010,"中国传媒大学","北京","理科",15,653.387096774194,29550,"J"
"175",2010,"湖南中医药大学","湖南","理科",7,203.866531376834,29550,"K"
"176",2010,"南京工业大学","江苏","理科",40,441.179426726531,29550,"K"
"177",2010,"太原理工大学","山西","理科",40,214.693233275757,29550,"K"
"178",2010,"中南大学","湖南","理科",236,203.866531376834,29550,"K"
"179",2010,"湖南大学","湖南","理科",148,203.866531376834,29550,"J"
"180",2010,"湖南师范大学","湖南","理科",26,203.866531376834,29550,"K"
"181",2010,"兰州大学","甘肃","理科",38,132.590189086895,29550,"K"
"182",2010,"广东外语外贸大学","广东","理科",1909,389.751600745512,29550,"K"
"183",2010,"厦门大学","福建","理科",70,333.784233496999,29550,"J"
"184",2010,"北京邮电大学(宏福校区)","北京","理科",14,653.387096774194,29550,"K"
"185",2010,"北京体育大学","北京","理科",15,653.387096774194,29550,"K"
"186",2010,"华侨大学","福建","理科",186,333.784233496999,29550,"K"
"187",2010,"福州大学","福建","理科",10,333.784233496999,29550,"K"
"188",2010,"华北电力大学(保定)","河北","理科",59,245.017059024224,29550,"K"
"189",2010,"贵州大学","贵州","理科",18,110.621430590896,29550,"K"
"190",2010,"大连海事大学","辽宁","理科",73,350.437687168855,29550,"K"
"191",2010,"辽宁大学","辽宁","理科",14,350.437687168855,29550,"K"
"192",2010,"北京林业大学","北京","理科",54,653.387096774194,29550,"K"
"193",2010,"东北财经大学","辽宁","理科",20,350.437687168855,29550,"K"
"194",2010,"电子科技大学","四川","理科",120,172.892852779475,29550,"K"
"195",2010,"辽宁工程技术大学","辽宁","理科",30,350.437687168855,29550,"K"
"196",2010,"大连理工大学","辽宁","理科",30,350.437687168855,29550,"J"
"197",2010,"中国医科大学","辽宁","理科",19,350.437687168855,29550,"K"
"198",2010,"中南财经政法大学","湖北","理科",125,226.592657342657,29550,"J"
"199",2010,"东北大学","辽宁","理科",42,350.437687168855,29550,"K"
"200",2010,"天津医科大学","天津","理科",10,612.448703751954,29550,"K"
"201",2010,"天津大学","天津","理科",30,612.448703751954,29550,"I"
"202",2010,"西南大学","重庆","理科",37,228.401888772298,29550,"K"
"203",2010,"西南政法大学","重庆","理科",69,228.401888772298,29550,"K"
"204",2010,"中央财经大学","北京","理科",53,653.387096774194,29550,"H"
"205",2010,"南开大学","天津","理科",28,612.448703751954,29550,"G"
"206",2010,"重庆大学","重庆","理科",80,228.401888772298,29550,"K"
"207",2010,"长安大学","陕西","理科",46,219.205795546016,29550,"K"
"208",2010,"西北工业大学","陕西","理科",21,219.205795546016,29550,"K"
"209",2010,"陕西科技大学","陕西","理科",15,219.205795546016,29550,"K"
"210",2010,"陕西师范大学","陕西","理科",32,219.205795546016,29550,"K"
"211",2010,"西北大学","陕西","理科",6,219.205795546016,29550,"K"
"212",2010,"西安交通大学","陕西","理科",28,219.205795546016,29550,"I"
"213",2010,"中国政法大学","北京","理科",39,653.387096774194,29550,"I"
"214",2010,"山东大学威海分校","山东","理科",18,357.925831283064,29550,"K"
"215",2010,"西北农林科技大学","陕西","理科",14,219.205795546016,29550,"K"
"216",2010,"山东大学","山东","理科",61,357.925831283064,29550,"J"
"217",2010,"南京农业大学","江苏","理科",59,441.179426726531,29550,"K"
"218",2010,"西安电子科技大学","陕西","理科",90,219.205795546016,29550,"K"
"219",2010,"中山大学","广东","理科",2810,389.751600745512,29550,"J"
"220",2010,"华南理工大学","广东","理科",2981,389.751600745512,29550,"J"
"221",2010,"西安外国语大学","陕西","理科",7,219.205795546016,29550,"K"
"222",2010,"南昌大学","江西","理科",22,172.719019206467,29550,"K"
"223",2010,"西安建筑科技大学","陕西","理科",1,219.205795546016,29550,"I"
"224",2010,"汕头大学（汕头大学医）","广东","理科",246,389.751600745512,29550,"K"
"225",2010,"哈尔滨工业大学","黑龙江","理科",63,224.437468799088,29550,"J"
"226",2010,"石家庄铁道大学","黑龙江","理科",4,224.437468799088,29550,"K"
"227",2010,"哈尔滨医科大学","黑龙江","理科",18,224.437468799088,29550,"K"
"228",2010,"延边大学","吉林","理科",6,265.691445675385,29550,"K"
"229",2010,"东北石油大学","黑龙江","理科",5,224.437468799088,29550,"K"
"230",2010,"东北林业大学","黑龙江","理科",16,224.437468799088,29550,"K"
"231",2010,"哈尔滨工程大学","黑龙江","理科",20,224.437468799088,29550,"K"
"232",2010,"沈阳药科大学","辽宁","理科",10,350.437687168855,29550,"K"
"233",2011,"上海交通大学","上海","文科",1,745.484787159199,10919,"C"
"234",2011,"上海大学","上海","文科",3,745.484787159199,10919,"J"
"235",2011,"海南大学","海南","文科",53,237.695008922918,10919,"K"
"236",2011,"北京交通大学","北京","文科",5,719.383250930221,10919,"J"
"237",2011,"广西大学","广西","文科",4,207.588937093275,10919,"K"
"238",2011,"中国农业大学","北京","文科",5,719.383250930221,10919,"K"
"239",2011,"中国矿业大学","江苏","文科",8,526.416192463409,10919,"K"
"240",2011,"上海外国语大学","上海","文科",9,745.484787159199,10919,"H"
"241",2011,"河海大学","江苏","文科",13,526.416192463409,10919,"K"
"242",2011,"南京信息工程大学","江苏","文科",6,526.416192463409,10919,"K"
"243",2011,"上海财经大学","上海","文科",10,745.484787159199,10919,"G"
"244",2011,"中国药科大学","江苏","文科",2,526.416192463409,10919,"K"
"245",2011,"华东政法大学","上海","文科",23,745.484787159199,10919,"J"
"246",2011,"复旦大学","上海","文科",16,745.484787159199,10919,"D"
"247",2011,"南京大学","江苏","文科",18,526.416192463409,10919,"F"
"248",2011,"北京林业大学","北京","文科",17,719.383250930221,10919,"K"
"249",2011,"武汉大学","湖北","文科",38,278.768311879247,10919,"I"
"250",2011,"对外经济贸易大学","北京","文科",33,719.383250930221,10919,"G"
"251",2011,"内蒙古大学","内蒙古","文科",5,472.13390610716,10919,"K"
"252",2011,"山东大学","山东","文科",21,408.536202514218,10919,"J"
"253",2011,"北京化工大学","北京","文科",12,719.383250930221,10919,"K"
"254",2011,"湘潭大学","湖南","文科",27,244.105264760049,10919,"K"
"255",2011,"南京邮电大学","江苏","文科",4,526.416192463409,10919,"K"
"256",2011,"陕西师范大学","陕西","文科",22,271.043641231593,10919,"K"
"257",2011,"北京外国语大学","北京","文科",9,719.383250930221,10919,"F"
"258",2011,"湖南师范大学","湖南","文科",24,244.105264760049,10919,"K"
"259",2011,"华北电力大学(北京)","北京","文科",9,719.383250930221,10919,"K"
"260",2011,"中国地质大学(北京)","北京","文科",4,719.383250930221,10919,"J"
"261",2011,"南昌大学","江西","文科",11,211.804859204515,10919,"K"
"262",2011,"延边大学","吉林","文科",4,315.57489259448,10919,"K"
"263",2011,"华侨大学","福建","文科",48,399.055510425129,10919,"K"
"264",2011,"石家庄铁道大学","河北","文科",1,283.505616103203,10919,"K"
"265",2011,"吉林大学","吉林","文科",10,315.57489259448,10919,"K"
"266",2011,"东北师范大学","吉林","文科",10,315.57489259448,10919,"K"
"267",2011,"北京第二外国语学院","北京","文科",9,719.383250930221,10919,"J"
"268",2011,"西南交通大学","四川","文科",7,213.619029151315,10919,"K"
"269",2011,"清华大学","北京","文科",2,719.383250930221,10919,"C"
"270",2011,"北京工业大学","北京","文科",6,719.383250930221,10919,"K"
"271",2011,"北京大学","北京","文科",12,719.383250930221,10919,"C"
"272",2011,"中国石油大学(北京)","北京","文科",2,719.383250930221,10919,"K"
"273",2011,"大连海事大学","辽宁","文科",12,421.880457142857,10919,"K"
"274",2011,"北京航空航天大学","北京","文科",3,719.383250930221,10919,"H"
"275",2011,"四川大学","四川","文科",20,213.619029151315,10919,"J"
"276",2011,"天津大学","天津","文科",2,709.961594409254,10919,"J"
"277",2011,"南开大学","天津","文科",11,709.961594409254,10919,"K"
"278",2011,"中央财经大学","北京","文科",23,719.383250930221,10919,"G"
"279",2011,"中国政法大学","北京","文科",48,719.383250930221,10919,"H"
"280",2011,"武汉理工大学","湖北","文科",16,278.768311879247,10919,"K"
"281",2011,"西南大学","重庆","文科",7,274.753000395199,10919,"K"
"282",2011,"中国人民大学","北京","文科",35,719.383250930221,10919,"E"
"283",2011,"中央民族大学","北京","文科",8,719.383250930221,10919,"K"
"284",2011,"北京理工大学","北京","文科",5,719.383250930221,10919,"J"
"285",2011,"中国传媒大学","北京","文科",13,719.383250930221,10919,"H"
"286",2011,"北京体育大学","北京","文科",6,719.383250930221,10919,"K"
"287",2011,"江南大学","江苏","文科",23,526.416192463409,10919,"K"
"288",2011,"中国海洋大学","山东","文科",14,408.536202514218,10919,"K"
"289",2011,"华中农业大学","湖北","文科",12,278.768311879247,10919,"K"
"290",2011,"石家庄铁道大学","黑龙江","文科",1,270.484041373733,10919,"K"
"291",2011,"福州大学","福建","文科",4,399.055510425129,10919,"K"
"292",2011,"西北工业大学","陕西","文科",4,271.043641231593,10919,"K"
"293",2011,"中南大学","湖南","文科",22,244.105264760049,10919,"K"
"294",2011,"西北大学","陕西","文科",2,271.043641231593,10919,"K"
"295",2011,"山东大学威海分校","山东","文科",18,408.536202514218,10919,"K"
"296",2011,"广州中医药大学","广东","文科",555,440.698442860509,10919,"K"
"297",2011,"辽宁大学","辽宁","文科",43,421.880457142857,10919,"K"
"298",2011,"南方医科大学","广东","文科",266,440.698442860509,10919,"K"
"299",2011,"湖南大学","湖南","文科",24,244.105264760049,10919,"J"
"300",2011,"北京语言大学","北京","文科",15,719.383250930221,10919,"I"
"301",2011,"兰州大学","甘肃","文科",26,160.968054437925,10919,"K"
"302",2011,"汕头大学","广东","文科",327,440.698442860509,10919,"K"
"303",2011,"西安交通大学","陕西","文科",2,271.043641231593,10919,"K"
"304",2011,"东北财经大学","辽宁","文科",20,421.880457142857,10919,"K"
"305",2011,"浙江大学","浙江","文科",16,508.992180313632,10919,"F"
"306",2011,"华南师范大学","广东","文科",1265,440.698442860509,10919,"K"
"307",2011,"厦门大学","福建","文科",25,399.055510425129,10919,"I"
"308",2011,"东北林业大学","黑龙江","文科",3,270.484041373733,10919,"K"
"309",2011,"西安外国语大学","陕西","文科",19,271.043641231593,10919,"K"
"310",2011,"西南政法大学","重庆","文科",67,274.753000395199,10919,"K"
"311",2011,"暨南大学","广东","文科",601,440.698442860509,10919,"I"
"312",2011,"西南财经大学","四川","文科",24,213.619029151315,10919,"J"
"313",2011,"广东外语外贸大学","广东","文科",1993,440.698442860509,10919,"K"
"314",2011,"华南理工大学","广东","文科",205,440.698442860509,10919,"J"
"315",2011,"华南农业大学","广东","文科",1499,440.698442860509,10919,"K"
"316",2011,"天津财经大学","天津","文科",18,709.961594409254,10919,"K"
"317",2011,"重庆大学","重庆","文科",10,274.753000395199,10919,"J"
"318",2011,"合肥工业大学","安徽","文科",10,207.486192019071,10919,"K"
"319",2011,"中国地质大学(武汉)","湖北","文科",16,278.768311879247,10919,"K"
"320",2011,"安徽大学","安徽","文科",10,207.486192019071,10919,"K"
"321",2011,"中山大学","广东","文科",925,440.698442860509,10919,"I"
"322",2011,"华中师范大学","湖北","文科",17,278.768311879247,10919,"K"
"323",2011,"贵州大学","贵州","文科",2,132.283989652199,10919,"K"
"324",2011,"华北电力大学(保定)","河北","文科",4,283.505616103203,10919,"K"
"325",2011,"郑州大学","河南","文科",10,245.520532200943,10919,"K"
"326",2011,"苏州大学","江苏","文科",6,526.416192463409,10919,"K"
"327",2011,"华中科技大学","湖北","文科",22,278.768311879247,10919,"K"
"328",2011,"中南财经政法大学","湖北","文科",97,278.768311879247,10919,"J"
"329",2011,"北京化工大学","北京","理科",47,719.383250930221,30392,"K"
"330",2011,"内蒙古大学","内蒙古","理科",7,472.13390610716,30392,"K"
"331",2011,"清华大学","北京","理科",27,719.383250930221,30392,"C"
"332",2011,"上海大学","上海","理科",27,745.484787159199,30392,"J"
"333",2011,"华东政法大学","上海","理科",27,745.484787159199,30392,"K"
"334",2011,"北京外国语大学","北京","理科",8,719.383250930221,30392,"H"
"335",2011,"天津财经大学","天津","理科",23,709.961594409254,30392,"K"
"336",2011,"对外经济贸易大学","北京","理科",32,719.383250930221,30392,"H"
"337",2011,"山东大学","山东","理科",61,408.536202514218,30392,"J"
"338",2011,"南开大学","天津","理科",28,709.961594409254,30392,"H"
"339",2011,"北京大学","北京","理科",12,719.383250930221,30392,"C"
"340",2011,"中国政法大学","北京","理科",39,719.383250930221,30392,"I"
"341",2011,"北京第二外国语学院","北京","理科",13,719.383250930221,30392,"J"
"342",2011,"上海交通大学医学","上海","理科",8,745.484787159199,30392,"G"
"343",2011,"广东外语外贸大学","广东","理科",1908,440.698442860509,30392,"K"
"344",2011,"电子科技大学(沙河校区)","四川","理科",20,213.619029151315,30392,"K"
"345",2011,"中山大学","广东","理科",2722,440.698442860509,30392,"I"
"346",2011,"北京交通大学","北京","理科",76,719.383250930221,30392,"J"
"347",2011,"哈尔滨工业大学(威海)","山东","理科",20,408.536202514218,30392,"K"
"348",2011,"南方医科大学","广东","理科",1899,440.698442860509,30392,"K"
"349",2011,"北京工业大学","北京","理科",14,719.383250930221,30392,"K"
"350",2011,"北京科技大学","北京","理科",42,719.383250930221,30392,"K"
"351",2011,"中国传媒大学","北京","理科",24,719.383250930221,30392,"K"
"352",2011,"中国人民大学","北京","理科",34,719.383250930221,30392,"F"
"353",2011,"中国矿业大学(北京)","北京","理科",6,719.383250930221,30392,"K"
"354",2011,"华南农业大学","广东","理科",5324,440.698442860509,30392,"K"
"355",2011,"上海外国语大学","上海","理科",9,745.484787159199,30392,"I"
"356",2011,"暨南大学","广东","理科",1354,440.698442860509,30392,"J"
"357",2011,"北京协和医学院","北京","理科",5,719.383250930221,30392,"K"
"358",2011,"复旦大学","上海","理科",36,745.484787159199,30392,"E"
"359",2011,"天津医科大学","天津","理科",5,709.961594409254,30392,"K"
"360",2011,"广州医科大学","广东","理科",310,440.698442860509,30392,"K"
"361",2011,"中国矿业大学","江苏","理科",90,526.416192463409,30392,"K"
"362",2011,"东华大学","上海","理科",36,745.484787159199,30392,"K"
"363",2011,"汕头大学","广东","理科",675,440.698442860509,30392,"K"
"364",2011,"北京理工大学","北京","理科",65,719.383250930221,30392,"J"
"365",2011,"安徽大学","安徽","理科",10,207.486192019071,30392,"K"
"366",2011,"北京中医药大学","北京","理科",6,719.383250930221,30392,"J"
"367",2011,"合肥工业大学","安徽","理科",105,207.486192019071,30392,"K"
"368",2011,"上海理工大学","上海","理科",55,745.484787159199,30392,"K"
"369",2011,"上海财经大学","上海","理科",25,745.484787159199,30392,"G"
"370",2011,"河海大学","江苏","理科",81,526.416192463409,30392,"K"
"371",2011,"东南大学","江苏","理科",50,526.416192463409,30392,"J"
"372",2011,"南京邮电大学","江苏","理科",46,526.416192463409,30392,"K"
"373",2011,"中国药科大学","江苏","理科",23,526.416192463409,30392,"K"
"374",2011,"南京农业大学","江苏","理科",69,526.416192463409,30392,"K"
"375",2011,"南京工业大学","江苏","理科",40,526.416192463409,30392,"K"
"376",2011,"中国农业大学","北京","理科",45,719.383250930221,30392,"K"
"377",2011,"北京邮电大学(宏福校区)","北京","理科",17,719.383250930221,30392,"K"
"378",2011,"南京大学","江苏","理科",47,526.416192463409,30392,"F"
"379",2011,"江苏大学","江苏","理科",40,526.416192463409,30392,"K"
"380",2011,"江南大学","江苏","理科",25,526.416192463409,30392,"K"
"381",2011,"广州中医药大学","广东","理科",1807,440.698442860509,30392,"K"
"382",2011,"北京大学医学部","北京","理科",15,719.383250930221,30392,"E"
"383",2011,"中央财经大学","北京","理科",58,719.383250930221,30392,"H"
"384",2011,"燕山大学","河北","理科",5,283.505616103203,30392,"K"
"385",2011,"中央民族大学","北京","理科",8,719.383250930221,30392,"K"
"386",2011,"华北电力大学(保定)","河北","理科",64,283.505616103203,30392,"K"
"387",2011,"东北大学秦皇岛分校","河北","理科",40,283.505616103203,30392,"K"
"388",2011,"汕头大学（汕头大学医）","广东","理科",246,440.698442860509,30392,"K"
"389",2011,"四川大学","四川","理科",93,213.619029151315,30392,"K"
"390",2011,"南京航空航天大学","江苏","理科",42,526.416192463409,30392,"K"
"391",2011,"西南财经大学","四川","理科",36,213.619029151315,30392,"K"
"392",2011,"郑州大学","河南","理科",36,245.520532200943,30392,"K"
"393",2011,"华南理工大学","广东","理科",2880,440.698442860509,30392,"J"
"394",2011,"浙江大学","浙江","理科",74,508.992180313632,30392,"F"
"395",2011,"温州医学院","浙江","理科",15,508.992180313632,30392,"K"
"396",2011,"华北电力大学(北京)","北京","理科",70,719.383250930221,30392,"J"
"397",2011,"广西医科大学","广西","理科",15,207.588937093275,30392,"K"
"398",2011,"华中科技大学","湖北","理科",168,278.768311879247,30392,"I"
"399",2011,"广西大学","广西","理科",5,207.588937093275,30392,"K"
"400",2011,"上海交通大学","上海","理科",40,745.484787159199,30392,"E"
"401",2011,"北京邮电大学","北京","理科",89,719.383250930221,30392,"J"
"402",2011,"华中农业大学","湖北","理科",28,278.768311879247,30392,"K"
"403",2011,"华东理工大学","上海","理科",34,745.484787159199,30392,"K"
"404",2011,"苏州大学","江苏","理科",24,526.416192463409,30392,"K"
"405",2011,"同济大学","上海","理科",80,745.484787159199,30392,"G"
"406",2011,"中南财经政法大学","湖北","理科",120,278.768311879247,30392,"K"
"407",2011,"武汉大学","湖北","理科",174,278.768311879247,30392,"I"
"408",2011,"武汉理工大学","湖北","理科",204,278.768311879247,30392,"K"
"409",2011,"山东大学威海分校","山东","理科",32,408.536202514218,30392,"K"
"410",2011,"北京航空航天大学","北京","理科",52,719.383250930221,30392,"G"
"411",2011,"华中师范大学","湖北","理科",26,278.768311879247,30392,"K"
"412",2011,"湖南中医药大学","湖南","理科",10,244.105264760049,30392,"K"
"413",2011,"湖南大学","湖南","理科",170,244.105264760049,30392,"K"
"414",2011,"北京体育大学","北京","理科",14,719.383250930221,30392,"K"
"415",2011,"中国石油大学(北京)","北京","理科",17,719.383250930221,30392,"K"
"416",2011,"湖南师范大学","湖南","理科",28,244.105264760049,30392,"K"
"417",2011,"湘潭大学","湖南","理科",43,244.105264760049,30392,"K"
"418",2011,"中南大学","湖南","理科",205,244.105264760049,30392,"J"
"419",2011,"北京林业大学","北京","理科",69,719.383250930221,30392,"K"
"420",2011,"中国地质大学(北京)","北京","理科",29,719.383250930221,30392,"K"
"421",2011,"南京理工大学","江苏","理科",41,526.416192463409,30392,"K"
"422",2011,"兰州大学","甘肃","理科",54,160.968054437925,30392,"K"
"423",2011,"南昌大学","江西","理科",20,211.804859204515,30392,"K"
"424",2011,"东北师范大学","吉林","理科",9,315.57489259448,30392,"K"
"425",2011,"吉林大学","吉林","理科",100,315.57489259448,30392,"K"
"426",2011,"厦门大学","福建","理科",87,399.055510425129,30392,"I"
"427",2011,"华侨大学","福建","理科",182,399.055510425129,30392,"K"
"428",2011,"石家庄铁道大学","河北","理科",4,283.505616103203,30392,"K"
"429",2011,"河北工业大学","河北","理科",10,283.505616103203,30392,"K"
"430",2011,"贵州大学","贵州","理科",16,132.283989652199,30392,"K"
"431",2011,"西南交通大学","四川","理科",100,213.619029151315,30392,"K"
"432",2011,"沈阳药科大学","辽宁","理科",10,421.880457142857,30392,"K"
"433",2011,"大连理工大学","辽宁","理科",30,421.880457142857,30392,"J"
"434",2011,"电子科技大学","四川","理科",120,213.619029151315,30392,"K"
"435",2011,"东北财经大学","辽宁","理科",20,421.880457142857,30392,"K"
"436",2011,"东北大学","辽宁","理科",50,421.880457142857,30392,"K"
"437",2011,"海南大学","海南","理科",162,237.695008922918,30392,"K"
"438",2011,"辽宁工程技术大学","辽宁","理科",31,421.880457142857,30392,"K"
"439",2011,"大连海事大学","辽宁","理科",78,421.880457142857,30392,"K"
"440",2011,"辽宁大学","辽宁","理科",16,421.880457142857,30392,"K"
"441",2011,"中国医科大学","辽宁","理科",37,421.880457142857,30392,"K"
"442",2011,"天津大学","天津","理科",33,709.961594409254,30392,"J"
"443",2011,"西南大学","重庆","理科",36,274.753000395199,30392,"K"
"444",2011,"中国科学技术大学","安徽","理科",35,207.486192019071,30392,"F"
"445",2011,"中国地质大学(武汉)","湖北","理科",49,278.768311879247,30392,"K"
"446",2011,"重庆大学","重庆","理科",86,274.753000395199,30392,"K"
"447",2011,"西南政法大学","重庆","理科",68,274.753000395199,30392,"K"
"448",2011,"西安交通大学","陕西","理科",30,271.043641231593,30392,"I"
"449",2011,"南京信息工程大学","江苏","理科",12,526.416192463409,30392,"K"
"450",2011,"西北大学","陕西","理科",4,271.043641231593,30392,"K"
"451",2011,"西安建筑科技大学","陕西","理科",4,271.043641231593,30392,"K"
"452",2011,"中国海洋大学","山东","理科",86,408.536202514218,30392,"K"
"453",2011,"长安大学","陕西","理科",50,271.043641231593,30392,"K"
"454",2011,"西安电子科技大学","陕西","理科",91,271.043641231593,30392,"K"
"455",2011,"中国石油大学(华东)","山东","理科",40,408.536202514218,30392,"K"
"456",2011,"陕西科技大学","陕西","理科",5,271.043641231593,30392,"K"
"457",2011,"太原理工大学","山西","理科",30,257.430800954643,30392,"K"
"458",2011,"西北工业大学","陕西","理科",21,271.043641231593,30392,"K"
"459",2011,"西北农林科技大学","陕西","理科",14,271.043641231593,30392,"K"
"460",2011,"陕西师范大学","陕西","理科",43,271.043641231593,30392,"K"
"461",2011,"西安理工大学","陕西","理科",54,271.043641231593,30392,"K"
"462",2011,"西安外国语大学","陕西","理科",6,271.043641231593,30392,"K"
"463",2011,"福州大学","福建","理科",10,399.055510425129,30392,"K"
"464",2011,"华南师范大学","广东","理科",1874,440.698442860509,30392,"K"
"465",2011,"东北林业大学","黑龙江","理科",19,270.484041373733,30392,"K"
"466",2011,"哈尔滨工业大学","黑龙江","理科",75,270.484041373733,30392,"K"
"467",2011,"石家庄铁道大学","黑龙江","理科",4,270.484041373733,30392,"K"
"468",2011,"延边大学","吉林","理科",6,315.57489259448,30392,"K"
"469",2011,"哈尔滨工程大学","黑龙江","理科",20,270.484041373733,30392,"K"
"470",2011,"哈尔滨医科大学","黑龙江","理科",18,270.484041373733,30392,"K"
"471",2011,"东北石油大学","黑龙江","理科",5,270.484041373733,30392,"K"
"472",2012,"上海交通大学","上海","文科",1,817.721707718129,10000,"G"
"473",2012,"郑州大学","河南","文科",26,286.859198316191,10000,"K"
"474",2012,"华东师范大学","上海","文科",8,817.721707718129,10000,"J"
"475",2012,"中山大学","广东","文科",914,506.523369823893,10000,"I"
"476",2012,"上海大学","上海","文科",3,817.721707718129,10000,"K"
"477",2012,"广西大学","广西","文科",5,252.333046286329,10000,"K"
"478",2012,"上海财经大学","上海","文科",11,817.721707718129,10000,"H"
"479",2012,"新疆大学","新疆","文科",2,299.271973233245,10000,"K"
"480",2012,"华中科技大学","湖北","文科",19,340.956234803751,10000,"J"
"481",2012,"华东政法大学","上海","文科",23,817.721707718129,10000,"J"
"482",2012,"上海外国语大学","上海","文科",5,817.721707718129,10000,"H"
"483",2012,"中国矿业大学","江苏","文科",2,621.743376782527,10000,"K"
"484",2012,"南京信息工程大学","江苏","文科",6,621.743376782527,10000,"K"
"485",2012,"南京工业大学","江苏","文科",9,621.743376782527,10000,"K"
"486",2012,"复旦大学","上海","文科",12,817.721707718129,10000,"D"
"487",2012,"中央财经大学","北京","文科",23,805.108986426236,10000,"G"
"488",2012,"南京大学","江苏","文科",16,621.743376782527,10000,"F"
"489",2012,"中国农业大学","北京","文科",5,805.108986426236,10000,"K"
"490",2012,"中央民族大学","北京","文科",7,805.108986426236,10000,"J"
"491",2012,"清华大学","北京","文科",4,805.108986426236,10000,"B"
"492",2012,"内蒙古大学","内蒙古","文科",6,578.628445708806,10000,"K"
"493",2012,"北京第二外国语学院","北京","文科",11,805.108986426236,10000,"J"
"494",2012,"河海大学","江苏","文科",8,621.743376782527,10000,"K"
"495",2012,"华北电力大学(北京)","北京","文科",8,805.108986426236,10000,"K"
"496",2012,"中国石油大学(北京)","北京","文科",3,805.108986426236,10000,"J"
"497",2012,"中国地质大学(北京)","北京","文科",4,805.108986426236,10000,"K"
"498",2012,"江南大学","江苏","文科",8,621.743376782527,10000,"K"
"499",2012,"对外经济贸易大学","北京","文科",33,805.108986426236,10000,"H"
"500",2012,"中国人民大学(苏州校区)","江苏","文科",6,621.743376782527,10000,"J"
"501",2012,"苏州大学","江苏","文科",8,621.743376782527,10000,"K"
"502",2012,"南京邮电大学","江苏","文科",4,621.743376782527,10000,"K"
"503",2012,"浙江大学","浙江","文科",16,591.595277320154,10000,"F"
"504",2012,"北京交通大学","北京","文科",5,805.108986426236,10000,"I"
"505",2012,"南昌大学","江西","文科",10,260.732651080943,10000,"K"
"506",2012,"北京航空航天大学","北京","文科",3,805.108986426236,10000,"H"
"507",2012,"东北师范大学","吉林","文科",4,384.403562946232,10000,"K"
"508",2012,"华北电力大学(保定)","河北","文科",4,338.591618546207,10000,"K"
"509",2012,"辽宁大学","辽宁","文科",45,507.111567419576,10000,"K"
"510",2012,"北京外国语大学","北京","文科",8,805.108986426236,10000,"K"
"511",2012,"中国人民大学","北京","文科",36,805.108986426236,10000,"F"
"512",2012,"中国传媒大学","北京","文科",19,805.108986426236,10000,"I"
"513",2012,"西南交通大学","四川","文科",6,261.20099378882,10000,"K"
"514",2012,"北京林业大学","北京","文科",12,805.108986426236,10000,"K"
"515",2012,"中国地质大学(武汉)","湖北","文科",14,340.956234803751,10000,"K"
"516",2012,"中南大学","湖南","文科",20,298.22245133119,10000,"K"
"517",2012,"延边大学","吉林","文科",4,384.403562946232,10000,"K"
"518",2012,"中国政法大学","北京","文科",43,805.108986426236,10000,"H"
"519",2012,"天津财经大学","天津","文科",15,834.744348801843,10000,"K"
"520",2012,"北京体育大学","北京","文科",6,805.108986426236,10000,"K"
"521",2012,"北京化工大学","北京","文科",10,805.108986426236,10000,"K"
"522",2012,"陕西师范大学","陕西","文科",20,334.285332620892,10000,"K"
"523",2012,"南方医科大学","广东","文科",60,506.523369823893,10000,"K"
"524",2012,"华南理工大学","广东","文科",258,506.523369823893,10000,"J"
"525",2012,"北京语言大学","北京","文科",15,805.108986426236,10000,"J"
"526",2012,"北京大学","北京","文科",12,805.108986426236,10000,"C"
"527",2012,"西南政法大学","重庆","文科",70,342.972593353888,10000,"J"
"528",2012,"华南师范大学","广东","文科",1192,506.523369823893,10000,"K"
"529",2012,"重庆大学","重庆","文科",11,342.972593353888,10000,"J"
"530",2012,"南开大学","天津","文科",12,834.744348801843,10000,"I"
"531",2012,"中国海洋大学","山东","文科",18,470.691907563034,10000,"K"
"532",2012,"北京工业大学","北京","文科",4,805.108986426236,10000,"K"
"533",2012,"吉林大学","吉林","文科",12,384.403562946232,10000,"J"
"534",2012,"北京理工大学","北京","文科",5,805.108986426236,10000,"I"
"535",2012,"厦门大学","福建","文科",23,472.047849462366,10000,"I"
"536",2012,"湘潭大学","湖南","文科",25,298.22245133119,10000,"K"
"537",2012,"大连海事大学","辽宁","文科",14,507.111567419576,10000,"K"
"538",2012,"湖南大学","湖南","文科",23,298.22245133119,10000,"J"
"539",2012,"华南农业大学","广东","文科",1423,506.523369823893,10000,"K"
"540",2012,"广州中医药大学","广东","文科",578,506.523369823893,10000,"K"
"541",2012,"西南财经大学","四川","文科",24,261.20099378882,10000,"J"
"542",2012,"东北林业大学","黑龙江","文科",3,328.168158142519,10000,"K"
"543",2012,"汕头大学","广东","文科",303,506.523369823893,10000,"K"
"544",2012,"兰州大学","甘肃","文科",26,195.787753637601,10000,"K"
"545",2012,"福州大学","福建","文科",4,472.047849462366,10000,"K"
"546",2012,"海南大学","海南","文科",52,287.521940322323,10000,"K"
"547",2012,"中南财经政法大学","湖北","文科",100,340.956234803751,10000,"K"
"548",2012,"山东大学","山东","文科",25,470.691907563034,10000,"K"
"549",2012,"西安交通大学","陕西","文科",2,334.285332620892,10000,"I"
"550",2012,"武汉大学","湖北","文科",38,340.956234803751,10000,"I"
"551",2012,"山东大学威海分校","山东","文科",20,470.691907563034,10000,"K"
"552",2012,"四川大学","四川","文科",16,261.20099378882,10000,"J"
"553",2012,"西南大学","重庆","文科",6,342.972593353888,10000,"K"
"554",2012,"东北财经大学","辽宁","文科",21,507.111567419576,10000,"K"
"555",2012,"贵州大学","贵州","文科",6,164.365523205535,10000,"K"
"556",2012,"西北农林科技大学","陕西","文科",4,334.285332620892,10000,"K"
"557",2012,"西北工业大学","陕西","文科",2,334.285332620892,10000,"K"
"558",2012,"暨南大学","广东","文科",547,506.523369823893,10000,"J"
"559",2012,"华中师范大学","湖北","文科",24,340.956234803751,10000,"K"
"560",2012,"湖南师范大学","湖南","文科",24,298.22245133119,10000,"K"
"561",2012,"华侨大学","福建","文科",47,472.047849462366,10000,"K"
"562",2012,"西安外国语大学","陕西","文科",18,334.285332620892,10000,"K"
"563",2012,"中国药科大学","江苏","文科",2,621.743376782527,10000,"K"
"564",2012,"广东外语外贸大学","广东","文科",1940,506.523369823893,10000,"K"
"565",2012,"安徽大学","安徽","文科",16,256.378183646113,10000,"K"
"566",2012,"西安理工大学","陕西","文科",8,334.285332620892,10000,"K"
"567",2012,"华中农业大学","湖北","文科",16,340.956234803751,10000,"K"
"568",2012,"西北大学","陕西","文科",2,334.285332620892,10000,"K"
"569",2012,"武汉理工大学","湖北","文科",16,340.956234803751,10000,"K"
"570",2012,"上海交通大学医","上海","理科",8,817.721707718129,29207,"G"
"571",2012,"华东理工大学","上海","理科",36,817.721707718129,29207,"K"
"572",2012,"中国传媒大学","北京","理科",26,805.108986426236,29207,"J"
"573",2012,"中国石油大学(华东)","山东","理科",40,470.691907563034,29207,"K"
"574",2012,"北京邮电大学(宏福校区)","北京","理科",19,805.108986426236,29207,"K"
"575",2012,"西南交通大学","四川","理科",104,261.20099378882,29207,"K"
"576",2012,"同济大学","上海","理科",81,817.721707718129,29207,"G"
"577",2012,"西南财经大学","四川","理科",36,261.20099378882,29207,"J"
"578",2012,"北京化工大学","北京","理科",49,805.108986426236,29207,"K"
"579",2012,"内蒙古大学","内蒙古","理科",6,578.628445708806,29207,"K"
"580",2012,"北京交通大学","北京","理科",77,805.108986426236,29207,"J"
"581",2012,"对外经济贸易大学","北京","理科",33,805.108986426236,29207,"H"
"582",2012,"中国人民大学","北京","理科",34,805.108986426236,29207,"F"
"583",2012,"四川大学","四川","理科",86,261.20099378882,29207,"J"
"584",2012,"华南理工大学","广东","理科",2731,506.523369823893,29207,"J"
"585",2012,"上海外国语大学","上海","理科",10,817.721707718129,29207,"I"
"586",2012,"广州医科大学","广东","理科",208,506.523369823893,29207,"K"
"587",2012,"中国海洋大学","山东","理科",86,470.691907563034,29207,"K"
"588",2012,"华北电力大学(北京)","北京","理科",72,805.108986426236,29207,"J"
"589",2012,"华南农业大学","广东","理科",5259,506.523369823893,29207,"K"
"590",2012,"广州中医药大学","广东","理科",1462,506.523369823893,29207,"K"
"591",2012,"北京科技大学","北京","理科",49,805.108986426236,29207,"J"
"592",2012,"中国石油大学(北京)","北京","理科",16,805.108986426236,29207,"K"
"593",2012,"复旦大学","上海","理科",40,817.721707718129,29207,"F"
"594",2012,"北京第二外国语学院","北京","理科",13,805.108986426236,29207,"J"
"595",2012,"汕头大学","广东","理科",662,506.523369823893,29207,"K"
"596",2012,"广西大学","广西","理科",6,252.333046286329,29207,"K"
"597",2012,"天津财经大学","天津","理科",21,834.744348801843,29207,"K"
"598",2012,"广西医科大学","广西","理科",13,252.333046286329,29207,"K"
"599",2012,"电子科技大学(沙河校区)","四川","理科",20,261.20099378882,29207,"K"
"600",2012,"中国科学技术大学","安徽","理科",33,256.378183646113,29207,"F"
"601",2012,"中国矿业大学","江苏","理科",96,621.743376782527,29207,"K"
"602",2012,"河海大学","江苏","理科",88,621.743376782527,29207,"K"
"603",2012,"中国药科大学","江苏","理科",21,621.743376782527,29207,"K"
"604",2012,"华南师范大学","广东","理科",1810,506.523369823893,29207,"K"
"605",2012,"北京航空航天大学","北京","理科",55,805.108986426236,29207,"H"
"606",2012,"中山大学","广东","理科",2677,506.523369823893,29207,"I"
"607",2012,"上海财经大学","上海","理科",25,817.721707718129,29207,"G"
"608",2012,"南京理工大学","江苏","理科",43,621.743376782527,29207,"K"
"609",2012,"华东政法大学","上海","理科",27,817.721707718129,29207,"K"
"610",2012,"南京工业大学","江苏","理科",31,621.743376782527,29207,"K"
"611",2012,"南京农业大学","江苏","理科",71,621.743376782527,29207,"K"
"612",2012,"天津大学","天津","理科",40,834.744348801843,29207,"J"
"613",2012,"东华大学","上海","理科",36,817.721707718129,29207,"K"
"614",2012,"东南大学","江苏","理科",50,621.743376782527,29207,"J"
"615",2012,"北京大学","北京","理科",12,805.108986426236,29207,"C"
"616",2012,"南京信息工程大学","江苏","理科",12,621.743376782527,29207,"K"
"617",2012,"合肥工业大学","安徽","理科",50,256.378183646113,29207,"K"
"618",2012,"苏州大学","江苏","理科",26,621.743376782527,29207,"K"
"619",2012,"北京大学医学部","北京","理科",16,805.108986426236,29207,"E"
"620",2012,"南京航空航天大学","江苏","理科",54,621.743376782527,29207,"K"
"621",2012,"北京体育大学","北京","理科",11,805.108986426236,29207,"K"
"622",2012,"北京理工大学","北京","理科",70,805.108986426236,29207,"J"
"623",2012,"中央财经大学","北京","理科",60,805.108986426236,29207,"G"
"624",2012,"江苏大学","江苏","理科",40,621.743376782527,29207,"K"
"625",2012,"北京邮电大学","北京","理科",90,805.108986426236,29207,"J"
"626",2012,"哈尔滨工业大学(威海)","山东","理科",25,470.691907563034,29207,"K"
"627",2012,"中国地质大学(北京)","北京","理科",29,805.108986426236,29207,"K"
"628",2012,"暨南大学","广东","理科",1412,506.523369823893,29207,"J"
"629",2012,"中国农业大学","北京","理科",43,805.108986426236,29207,"J"
"630",2012,"华北电力大学(保定)","河北","理科",67,338.591618546207,29207,"K"
"631",2012,"河北工业大学","河北","理科",20,338.591618546207,29207,"K"
"632",2012,"燕山大学","河北","理科",5,338.591618546207,29207,"K"
"633",2012,"华东师范大学","上海","理科",12,817.721707718129,29207,"K"
"634",2012,"南方医科大学","广东","理科",1500,506.523369823893,29207,"K"
"635",2012,"郑州大学","河南","理科",54,286.859198316191,29207,"K"
"636",2012,"浙江大学","浙江","理科",80,591.595277320154,29207,"F"
"637",2012,"清华大学","北京","理科",49,805.108986426236,29207,"C"
"638",2012,"温州医学院","浙江","理科",15,591.595277320154,29207,"K"
"639",2012,"新疆大学","新疆","理科",4,299.271973233245,29207,"K"
"640",2012,"海南大学","海南","理科",140,287.521940322323,29207,"K"
"641",2012,"中国政法大学","北京","理科",34,805.108986426236,29207,"H"
"642",2012,"华中师范大学","湖北","理科",38,340.956234803751,29207,"K"
"643",2012,"华中科技大学","湖北","理科",150,340.956234803751,29207,"K"
"644",2012,"上海大学","上海","理科",22,817.721707718129,29207,"K"
"645",2012,"上海交通大学","上海","理科",40,817.721707718129,29207,"E"
"646",2012,"上海理工大学","上海","理科",55,817.721707718129,29207,"K"
"647",2012,"中国人民大学(苏州校区)","江苏","理科",4,621.743376782527,29207,"H"
"648",2012,"中国地质大学(武汉)","湖北","理科",47,340.956234803751,29207,"K"
"649",2012,"北京林业大学","北京","理科",74,805.108986426236,29207,"K"
"650",2012,"武汉大学","湖北","理科",169,340.956234803751,29207,"J"
"651",2012,"武汉理工大学","湖北","理科",200,340.956234803751,29207,"K"
"652",2012,"南京邮电大学","江苏","理科",46,621.743376782527,29207,"K"
"653",2012,"南京大学","江苏","理科",46,621.743376782527,29207,"F"
"654",2012,"中南财经政法大学","湖北","理科",125,340.956234803751,29207,"K"
"655",2012,"中央民族大学","北京","理科",8,805.108986426236,29207,"K"
"656",2012,"湖南师范大学","湖南","理科",24,298.22245133119,29207,"K"
"657",2012,"北京工业大学","北京","理科",18,805.108986426236,29207,"K"
"658",2012,"湖南中医药大学","湖南","理科",10,298.22245133119,29207,"K"
"659",2012,"北京外国语大学","北京","理科",8,805.108986426236,29207,"H"
"660",2012,"中南大学","湖南","理科",202,298.22245133119,29207,"J"
"661",2012,"湘潭大学","湖南","理科",35,298.22245133119,29207,"K"
"662",2012,"湖南大学","湖南","理科",185,298.22245133119,29207,"J"
"663",2012,"东北师范大学","吉林","理科",8,384.403562946232,29207,"K"
"664",2012,"兰州大学","甘肃","理科",60,195.787753637601,29207,"K"
"665",2012,"延边大学","吉林","理科",6,384.403562946232,29207,"K"
"666",2012,"北京中医药大学","北京","理科",6,805.108986426236,29207,"J"
"667",2012,"南昌大学","江西","理科",19,260.732651080943,29207,"K"
"668",2012,"石家庄铁道大学","河北","理科",5,338.591618546207,29207,"K"
"669",2012,"电子科技大学","四川","理科",130,261.20099378882,29207,"J"
"670",2012,"华侨大学","福建","理科",160,472.047849462366,29207,"K"
"671",2012,"厦门大学","福建","理科",91,472.047849462366,29207,"I"
"672",2012,"贵州大学","贵州","理科",12,164.365523205535,29207,"K"
"673",2012,"东北大学秦皇岛分校","河北","理科",46,338.591618546207,29207,"K"
"674",2012,"中国矿业大学(北京)","北京","理科",7,805.108986426236,29207,"K"
"675",2012,"辽宁大学","辽宁","理科",18,507.111567419576,29207,"K"
"676",2012,"东北财经大学","辽宁","理科",19,507.111567419576,29207,"K"
"677",2012,"大连海事大学","辽宁","理科",77,507.111567419576,29207,"K"
"678",2012,"东北大学","辽宁","理科",92,507.111567419576,29207,"K"
"679",2012,"南开大学","天津","理科",31,834.744348801843,29207,"H"
"680",2012,"沈阳药科大学","辽宁","理科",9,507.111567419576,29207,"K"
"681",2012,"大连理工大学","辽宁","理科",35,507.111567419576,29207,"J"
"682",2012,"辽宁工程技术大学","辽宁","理科",28,507.111567419576,29207,"K"
"683",2012,"合肥工业大学(宣城校区)","安徽","理科",64,256.378183646113,29207,"K"
"684",2012,"安徽大学","安徽","理科",14,256.378183646113,29207,"K"
"685",2012,"西南政法大学","重庆","理科",61,342.972593353888,29207,"K"
"686",2012,"重庆大学","重庆","理科",89,342.972593353888,29207,"K"
"687",2012,"安徽医科大学","安徽","理科",3,256.378183646113,29207,"K"
"688",2012,"山东大学威海分校","山东","理科",35,470.691907563034,29207,"K"
"689",2012,"山东大学","山东","理科",81,470.691907563034,29207,"K"
"690",2012,"西南大学","重庆","理科",42,342.972593353888,29207,"K"
"691",2012,"西安交通大学","陕西","理科",31,334.285332620892,29207,"I"
"692",2012,"西安理工大学","陕西","理科",42,334.285332620892,29207,"K"
"693",2012,"华中农业大学","湖北","理科",25,340.956234803751,29207,"K"
"694",2012,"西安外国语大学","陕西","理科",7,334.285332620892,29207,"K"
"695",2012,"西安建筑科技大学","陕西","理科",3,334.285332620892,29207,"J"
"696",2012,"太原理工大学","山西","理科",30,312.737944162437,29207,"K"
"697",2012,"江南大学","江苏","理科",41,621.743376782527,29207,"K"
"698",2012,"西安电子科技大学","陕西","理科",92,334.285332620892,29207,"K"
"699",2012,"西北大学","陕西","理科",4,334.285332620892,29207,"K"
"700",2012,"西北农林科技大学","陕西","理科",10,334.285332620892,29207,"K"
"701",2012,"长安大学","陕西","理科",50,334.285332620892,29207,"K"
"702",2012,"陕西师范大学","陕西","理科",39,334.285332620892,29207,"K"
"703",2012,"陕西科技大学","陕西","理科",5,334.285332620892,29207,"K"
"704",2012,"汕头大学（汕头大学医）","广东","理科",242,506.523369823893,29207,"K"
"705",2012,"西北工业大学","陕西","理科",25,334.285332620892,29207,"K"
"706",2012,"吉林大学","吉林","理科",108,384.403562946232,29207,"K"
"707",2012,"广东外语外贸大学","广东","理科",1839,506.523369823893,29207,"K"
"708",2012,"福州大学","福建","理科",16,472.047849462366,29207,"K"
"709",2012,"东北石油大学","黑龙江","理科",5,328.168158142519,29207,"K"
"710",2012,"东北林业大学","黑龙江","理科",23,328.168158142519,29207,"K"
"711",2012,"哈尔滨工业大学","黑龙江","理科",65,328.168158142519,29207,"J"
"712",2012,"石家庄铁道大学","黑龙江","理科",5,328.168158142519,29207,"K"
"713",2012,"哈尔滨医科大学","黑龙江","理科",18,328.168158142519,29207,"K"
"714",2012,"中国医科大学","辽宁","理科",37,507.111567419576,29207,"K"
"715",2012,"哈尔滨工程大学","黑龙江","理科",25,328.168158142519,29207,"K"
"716",2013,"复旦大学","上海","文科",15,847.818251324341,12924,"D"
"717",2013,"东北林业大学","黑龙江","文科",4,357.105820492222,12924,"K"
"718",2013,"西南交通大学","四川","文科",12,295.594462742379,12924,"K"
"719",2013,"华东政法大学","上海","文科",26,847.818251324341,12924,"J"
"720",2013,"南开大学","天津","文科",18,912.42118671054,12924,"I"
"721",2013,"上海财经大学","上海","文科",13,847.818251324341,12924,"H"
"722",2013,"中山大学","广东","文科",837,538.681517840287,12924,"H"
"723",2013,"中央财经大学","北京","文科",28,864.031314937418,12924,"K"
"724",2013,"广西大学","广西","文科",6,278.408799658266,12924,"K"
"725",2013,"北京第二外国语学院","北京","文科",13,864.031314937418,12924,"I"
"726",2013,"上海大学","上海","文科",3,847.818251324341,12924,"J"
"727",2013,"中央民族大学","北京","文科",11,864.031314937418,12924,"K"
"728",2013,"对外经济贸易大学","北京","文科",38,864.031314937418,12924,"K"
"729",2013,"中国矿业大学","江苏","文科",2,682.555006452037,12924,"K"
"730",2013,"北京理工大学","北京","文科",8,864.031314937418,12924,"K"
"731",2013,"河海大学","江苏","文科",10,682.555006452037,12924,"K"
"732",2013,"华东师范大学","上海","文科",8,847.818251324341,12924,"I"
"733",2013,"武汉大学","湖北","文科",41,385.022495241391,12924,"H"
"734",2013,"上海外国语大学","上海","文科",4,847.818251324341,12924,"I"
"735",2013,"上海交通大学","上海","文科",1,847.818251324341,12924,"C"
"736",2013,"中国药科大学","江苏","文科",2,682.555006452037,12924,"K"
"737",2013,"北京外国语大学","北京","文科",7,864.031314937418,12924,"G"
"738",2013,"北京航空航天大学","北京","文科",3,864.031314937418,12924,"I"
"739",2013,"北京大学","北京","文科",18,864.031314937418,12924,"C"
"740",2013,"南昌大学","江西","文科",14,287.501669929704,12924,"K"
"741",2013,"北京化工大学","北京","文科",12,864.031314937418,12924,"K"
"742",2013,"清华大学","北京","文科",4,864.031314937418,12924,"B"
"743",2013,"北京体育大学","北京","文科",10,864.031314937418,12924,"K"
"744",2013,"华北电力大学(北京)","北京","文科",10,864.031314937418,12924,"K"
"745",2013,"南京农业大学","江苏","文科",2,682.555006452037,12924,"K"
"746",2013,"南京工业大学","江苏","文科",10,682.555006452037,12924,"K"
"747",2013,"湖南师范大学","湖南","文科",26,333.701816407162,12924,"K"
"748",2013,"中国人民大学","北京","文科",39,864.031314937418,12924,"E"
"749",2013,"中国人民大学(苏州校区)","江苏","文科",6,682.555006452037,12924,"H"
"750",2013,"南京大学","江苏","文科",19,682.555006452037,12924,"F"
"751",2013,"南京信息工程大学","江苏","文科",7,682.555006452037,12924,"K"
"752",2013,"中国农业大学","北京","文科",6,864.031314937418,12924,"K"
"753",2013,"海南大学","海南","文科",43,322.095764480289,12924,"K"
"754",2013,"中国政法大学","北京","文科",55,864.031314937418,12924,"K"
"755",2013,"四川大学","四川","文科",16,295.594462742379,12924,"I"
"756",2013,"华北电力大学(保定)","河北","文科",6,364.665159979197,12924,"K"
"757",2013,"北京工业大学","北京","文科",6,864.031314937418,12924,"K"
"758",2013,"华中师范大学","湖北","文科",39,385.022495241391,12924,"J"
"759",2013,"贵州大学","贵州","文科",6,196.672282703849,12924,"K"
"760",2013,"哈尔滨工业大学","黑龙江","文科",6,357.105820492222,12924,"K"
"761",2013,"东北财经大学","辽宁","文科",29,566.106858054226,12924,"K"
"762",2013,"北京林业大学","北京","文科",14,864.031314937418,12924,"K"
"763",2013,"郑州大学","河南","文科",20,314.678722544705,12924,"K"
"764",2013,"中国石油大学(北京)","北京","文科",4,864.031314937418,12924,"K"
"765",2013,"中国海洋大学","山东","文科",27,516.405899098284,12924,"J"
"766",2013,"西安外国语大学","陕西","文科",19,385.123367972289,12924,"K"
"767",2013,"北京语言大学","北京","文科",19,864.031314937418,12924,"J"
"768",2013,"暨南大学","广东","文科",596,538.681517840287,12924,"I"
"769",2013,"合肥工业大学","安徽","文科",2,287.442384769539,12924,"K"
"770",2013,"辽宁大学","辽宁","文科",50,566.106858054226,12924,"K"
"771",2013,"东北农业大学","黑龙江","文科",21,357.105820492222,12924,"K"
"772",2013,"华中科技大学","湖北","文科",23,385.022495241391,12924,"I"
"773",2013,"西南大学","重庆","文科",13,387.422750424448,12924,"K"
"774",2013,"重庆大学","重庆","文科",11,387.422750424448,12924,"J"
"775",2013,"北京交通大学","北京","文科",6,864.031314937418,12924,"K"
"776",2013,"中国传媒大学","北京","文科",18,864.031314937418,12924,"I"
"777",2013,"武汉理工大学","湖北","文科",21,385.022495241391,12924,"K"
"778",2013,"兰州大学","甘肃","文科",31,219.208162790247,12924,"K"
"779",2013,"南方医科大学","广东","文科",58,538.681517840287,12924,"K"
"780",2013,"西南财经大学","四川","文科",27,295.594462742379,12924,"J"
"781",2013,"西北农林科技大学","陕西","文科",2,385.123367972289,12924,"K"
"782",2013,"华南农业大学","广东","文科",1080,538.681517840287,12924,"K"
"783",2013,"湘潭大学","湖南","文科",25,333.701816407162,12924,"K"
"784",2013,"华南理工大学","广东","文科",238,538.681517840287,12924,"J"
"785",2013,"延边大学","吉林","文科",4,434.091041303083,12924,"K"
"786",2013,"中南大学","湖南","文科",27,333.701816407162,12924,"J"
"787",2013,"苏州大学","江苏","文科",10,682.555006452037,12924,"J"
"788",2013,"吉林大学","吉林","文科",8,434.091041303083,12924,"J"
"789",2013,"江南大学","江苏","文科",5,682.555006452037,12924,"K"
"790",2013,"东北师范大学","吉林","文科",13,434.091041303083,12924,"K"
"791",2013,"汕头大学","广东","文科",305,538.681517840287,12924,"K"
"792",2013,"中南财经政法大学","湖北","文科",110,385.022495241391,12924,"J"
"793",2013,"大连海事大学","辽宁","文科",16,566.106858054226,12924,"K"
"794",2013,"浙江大学","浙江","文科",17,632.925506664232,12924,"F"
"795",2013,"华南师范大学","广东","文科",1386,538.681517840287,12924,"K"
"796",2013,"福州大学","福建","文科",6,525.661152614728,12924,"K"
"797",2013,"湖南大学","湖南","文科",25,333.701816407162,12924,"J"
"798",2013,"安徽大学","安徽","文科",15,287.442384769539,12924,"K"
"799",2013,"厦门大学","福建","文科",27,525.661152614728,12924,"H"
"800",2013,"西北工业大学","陕西","文科",4,385.123367972289,12924,"K"
"801",2013,"广东外语外语大学","广东","文科",1971,538.681517840287,12924,"K"
"802",2013,"天津财经大学","天津","文科",19,912.42118671054,12924,"K"
"803",2013,"山东大学","山东","文科",28,516.405899098284,12924,"J"
"804",2013,"西南政法大学","重庆","文科",69,387.422750424448,12924,"J"
"805",2013,"华中农业大学","湖北","文科",12,385.022495241391,12924,"K"
"806",2013,"中国地质大学(武汉)","湖北","文科",15,385.022495241391,12924,"K"
"807",2013,"华侨大学","福建","文科",55,525.661152614728,12924,"K"
"808",2013,"南京邮电大学","江苏","文科",23,682.555006452037,12924,"K"
"809",2013,"陕西师范大学","陕西","文科",25,385.123367972289,12924,"K"
"810",2013,"山东大学威海分校","山东","文科",22,516.405899098284,12924,"K"
"811",2013,"西北大学","陕西","文科",2,385.123367972289,12924,"K"
"812",2013,"广州中医药大学","广东","文科",681,538.681517840287,12924,"K"
"813",2013,"西安交通大学","陕西","文科",2,385.123367972289,12924,"J"
"814",2013,"北京科技大学","北京","理科",56,864.031314937418,40420,"J"
"815",2013,"上海交通大学医学","上海","理科",8,847.818251324341,40420,"E"
"816",2013,"北京大学医学部","北京","理科",18,864.031314937418,40420,"D"
"817",2013,"上海理工大学","上海","理科",69,847.818251324341,40420,"K"
"818",2013,"清华大学","北京","理科",63,864.031314937418,40420,"C"
"819",2013,"东华大学","上海","理科",37,847.818251324341,40420,"K"
"820",2013,"北京邮电大学","北京","理科",101,864.031314937418,40420,"I"
"821",2013,"华北电力大学(北京)","北京","理科",86,864.031314937418,40420,"K"
"822",2013,"中国传媒大学","北京","理科",26,864.031314937418,40420,"I"
"823",2013,"同济大学","上海","理科",98,847.818251324341,40420,"G"
"824",2013,"西南交通大学","四川","理科",112,295.594462742379,40420,"K"
"825",2013,"上海交通大学","上海","理科",43,847.818251324341,40420,"D"
"826",2013,"上海财经大学","上海","理科",32,847.818251324341,40420,"H"
"827",2013,"中国政法大学","北京","理科",42,864.031314937418,40420,"H"
"828",2013,"中国地质大学(北京)","北京","理科",34,864.031314937418,40420,"K"
"829",2013,"华东政法大学","上海","理科",34,847.818251324341,40420,"K"
"830",2013,"天津财经大学","天津","理科",26,912.42118671054,40420,"K"
"831",2013,"安徽大学","安徽","理科",20,287.442384769539,40420,"K"
"832",2013,"四川农业大学","四川","理科",20,295.594462742379,40420,"K"
"833",2013,"合肥工业大学","安徽","理科",67,287.442384769539,40420,"K"
"834",2013,"合肥工业大学(宣城校区)","安徽","理科",80,287.442384769539,40420,"K"
"835",2013,"中央民族大学","北京","理科",9,864.031314937418,40420,"K"
"836",2013,"中国石油大学(北京)","北京","理科",19,864.031314937418,40420,"K"
"837",2013,"华南理工大学","广东","理科",2662,538.681517840287,40420,"I"
"838",2013,"山东大学","山东","理科",104,516.405899098284,40420,"J"
"839",2013,"北京化工大学","北京","理科",59,864.031314937418,40420,"K"
"840",2013,"华南农业大学","广东","理科",5622,538.681517840287,40420,"K"
"841",2013,"暨南大学","广东","理科",1418,538.681517840287,40420,"J"
"842",2013,"东北师范大学","吉林","理科",22,434.091041303083,40420,"K"
"843",2013,"北京理工大学","北京","理科",74,864.031314937418,40420,"I"
"844",2013,"广西大学","广西","理科",7,278.408799658266,40420,"K"
"845",2013,"复旦大学","上海","理科",26,847.818251324341,40420,"D"
"846",2013,"汕头大学（汕头大学医学）","广东","理科",242,538.681517840287,40420,"J"
"847",2013,"广东工业大学","广东","理科",4949,538.681517840287,40420,"K"
"848",2013,"南京信息工程大学","江苏","理科",11,682.555006452037,40420,"K"
"849",2013,"中国矿业大学","江苏","理科",94,682.555006452037,40420,"K"
"850",2013,"电子科技大学(沙河校区)","四川","理科",30,295.594462742379,40420,"K"
"851",2013,"华东师范大学","上海","理科",20,847.818251324341,40420,"J"
"852",2013,"上海外国语大学","上海","理科",8,847.818251324341,40420,"H"
"853",2013,"北京交通大学","北京","理科",88,864.031314937418,40420,"J"
"854",2013,"南京工业大学","江苏","理科",30,682.555006452037,40420,"K"
"855",2013,"南京农业大学","江苏","理科",83,682.555006452037,40420,"K"
"856",2013,"南开大学","天津","理科",33,912.42118671054,40420,"G"
"857",2013,"哈尔滨工业大学(威海)","山东","理科",30,516.405899098284,40420,"J"
"858",2013,"北京体育大学","北京","理科",16,864.031314937418,40420,"K"
"859",2013,"北京航空航天大学","北京","理科",55,864.031314937418,40420,"G"
"860",2013,"新疆大学","新疆","理科",4,336.141939644748,40420,"K"
"861",2013,"中国人民大学","北京","理科",38,864.031314937418,40420,"E"
"862",2013,"中国人民大学(苏州校区)","江苏","理科",6,682.555006452037,40420,"H"
"863",2013,"上海大学","上海","理科",40,847.818251324341,40420,"J"
"864",2013,"河海大学","江苏","理科",102,682.555006452037,40420,"K"
"865",2013,"南京航空航天大学","江苏","理科",64,682.555006452037,40420,"J"
"866",2013,"华东理工大学","上海","理科",36,847.818251324341,40420,"J"
"867",2013,"北京大学","北京","理科",18,864.031314937418,40420,"C"
"868",2013,"南京大学","江苏","理科",58,682.555006452037,40420,"F"
"869",2013,"深圳大学","广东","理科",620,538.681517840287,40420,"K"
"870",2013,"北京第二外国语学院","北京","理科",18,864.031314937418,40420,"J"
"871",2013,"北京工业大学","北京","理科",12,864.031314937418,40420,"J"
"872",2013,"北京邮电大学(宏福校区)","北京","理科",24,864.031314937418,40420,"K"
"873",2013,"南京理工大学","江苏","理科",47,682.555006452037,40420,"J"
"874",2013,"中国矿业大学(北京)","北京","理科",10,864.031314937418,40420,"K"
"875",2013,"南昌大学","江西","理科",42,287.501669929704,40420,"K"
"876",2013,"华南师范大学","广东","理科",1838,538.681517840287,40420,"K"
"877",2013,"中国药科大学","江苏","理科",24,682.555006452037,40420,"K"
"878",2013,"东北大学秦皇岛分校","河北","理科",60,364.665159979197,40420,"K"
"879",2013,"广东外语外贸大学","广东","理科",1821,538.681517840287,40420,"J"
"880",2013,"燕山大学","河北","理科",5,364.665159979197,40420,"K"
"881",2013,"河北工业大学","河北","理科",20,364.665159979197,40420,"K"
"882",2013,"郑州大学","河南","理科",60,314.678722544705,40420,"K"
"883",2013,"复旦大学医学","上海","理科",15,847.818251324341,40420,"E"
"884",2013,"浙江大学","浙江","理科",88,632.925506664232,40420,"E"
"885",2013,"温州医科大学","浙江","理科",15,632.925506664232,40420,"K"
"886",2013,"广西医科大学","广西","理科",10,278.408799658266,40420,"K"
"887",2013,"北京中医药大学","北京","理科",10,864.031314937418,40420,"I"
"888",2013,"海南大学","海南","理科",119,322.095764480289,40420,"K"
"889",2013,"华中科技大学","湖北","理科",170,385.022495241391,40420,"I"
"890",2013,"北京林业大学","北京","理科",87,864.031314937418,40420,"K"
"891",2013,"华中师范大学","湖北","理科",54,385.022495241391,40420,"K"
"892",2013,"对外经济贸易大学","北京","理科",38,864.031314937418,40420,"H"
"893",2013,"中国农业大学","北京","理科",49,864.031314937418,40420,"J"
"894",2013,"北京外国语大学","北京","理科",8,864.031314937418,40420,"H"
"895",2013,"武汉理工大学","湖北","理科",237,385.022495241391,40420,"J"
"896",2013,"江苏大学","江苏","理科",40,682.555006452037,40420,"K"
"897",2013,"内蒙古大学","内蒙古","理科",7,637.812719641746,40420,"K"
"898",2013,"东南大学","江苏","理科",65,682.555006452037,40420,"I"
"899",2013,"江南大学","江苏","理科",46,682.555006452037,40420,"K"
"900",2013,"苏州大学","江苏","理科",33,682.555006452037,40420,"K"
"901",2013,"中南财经政法大学","湖北","理科",136,385.022495241391,40420,"J"
"902",2013,"武汉大学","湖北","理科",202,385.022495241391,40420,"I"
"903",2013,"华中农业大学","湖北","理科",38,385.022495241391,40420,"K"
"904",2013,"湖南师范大学","湖南","理科",24,333.701816407162,40420,"K"
"905",2013,"湖南大学","湖南","理科",176,333.701816407162,40420,"J"
"906",2013,"中央财经大学","北京","理科",72,864.031314937418,40420,"H"
"907",2013,"吉林大学","吉林","理科",152,434.091041303083,40420,"J"
"908",2013,"延边大学","吉林","理科",6,434.091041303083,40420,"K"
"909",2013,"湘潭大学","湖南","理科",33,333.701816407162,40420,"K"
"910",2013,"中南大学","湖南","理科",293,333.701816407162,40420,"J"
"911",2013,"湖南中医药大学","湖南","理科",10,333.701816407162,40420,"K"
"912",2013,"西南财经大学","四川","理科",63,295.594462742379,40420,"J"
"913",2013,"兰州大学","甘肃","理科",65,219.208162790247,40420,"K"
"914",2013,"厦门大学","福建","理科",111,525.661152614728,40420,"I"
"915",2013,"华侨大学","福建","理科",165,525.661152614728,40420,"K"
"916",2013,"南京邮电大学","江苏","理科",107,682.555006452037,40420,"K"
"917",2013,"四川大学","四川","理科",94,295.594462742379,40420,"J"
"918",2013,"福州大学","福建","理科",16,525.661152614728,40420,"K"
"919",2013,"华北电力大学(保定)","河北","理科",79,364.665159979197,40420,"K"
"920",2013,"电子科技大学","四川","理科",150,295.594462742379,40420,"J"
"921",2013,"贵州大学","贵州","理科",14,196.672282703849,40420,"K"
"922",2013,"天津大学","天津","理科",45,912.42118671054,40420,"I"
"923",2013,"东北大学","辽宁","理科",119,566.106858054226,40420,"K"
"924",2013,"大连理工大学","辽宁","理科",42,566.106858054226,40420,"J"
"925",2013,"辽宁工程技术大学","辽宁","理科",23,566.106858054226,40420,"K"
"926",2013,"辽宁大学","辽宁","理科",18,566.106858054226,40420,"K"
"927",2013,"安徽医科大学","安徽","理科",8,287.442384769539,40420,"K"
"928",2013,"沈阳药科大学","辽宁","理科",12,566.106858054226,40420,"K"
"929",2013,"东北财经大学","辽宁","理科",31,566.106858054226,40420,"K"
"930",2013,"中国医科大学","辽宁","理科",47,566.106858054226,40420,"K"
"931",2013,"中国科学技术大学","安徽","理科",38,287.442384769539,40420,"F"
"932",2013,"大连海事大学","辽宁","理科",100,566.106858054226,40420,"K"
"933",2013,"大连理工大学盘锦校区","辽宁","理科",13,566.106858054226,40420,"K"
"934",2013,"山东大学威海分校","山东","理科",48,516.405899098284,40420,"K"
"935",2013,"中国海洋大学","山东","理科",111,516.405899098284,40420,"K"
"936",2013,"中国地质大学(武汉)","湖北","理科",84,385.022495241391,40420,"K"
"937",2013,"重庆大学","重庆","理科",109,387.422750424448,40420,"J"
"938",2013,"西南政法大学","重庆","理科",63,387.422750424448,40420,"K"
"939",2013,"西南大学","重庆","理科",45,387.422750424448,40420,"K"
"940",2013,"中国石油大学(华东)","山东","理科",48,516.405899098284,40420,"K"
"941",2013,"太原理工大学","山西","理科",30,335.458329525345,40420,"K"
"942",2013,"西安外国语大学","陕西","理科",6,385.123367972289,40420,"K"
"943",2013,"西安建筑科技大学","陕西","理科",5,385.123367972289,40420,"J"
"944",2013,"长安大学","陕西","理科",50,385.123367972289,40420,"K"
"945",2013,"西北大学","陕西","理科",4,385.123367972289,40420,"K"
"946",2013,"中山大学","广东","理科",2710,538.681517840287,40420,"I"
"947",2013,"广州大学","广东","理科",767,538.681517840287,40420,"K"
"948",2013,"陕西师范大学","陕西","理科",68,385.123367972289,40420,"K"
"949",2013,"汕头大学","广东","理科",664,538.681517840287,40420,"K"
"950",2013,"西安交通大学","陕西","理科",38,385.123367972289,40420,"I"
"951",2013,"陕西科技大学","陕西","理科",6,385.123367972289,40420,"K"
"952",2013,"西北工业大学","陕西","理科",30,385.123367972289,40420,"J"
"953",2013,"西北农林科技大学","陕西","理科",16,385.123367972289,40420,"K"
"954",2013,"西安电子科技大学","陕西","理科",110,385.123367972289,40420,"K"
"955",2013,"西安理工大学","陕西","理科",45,385.123367972289,40420,"K"
"956",2013,"石家庄铁道大学","河北","理科",5,364.665159979197,40420,"K"
"957",2013,"东北石油大学","黑龙江","理科",60,357.105820492222,40420,"K"
"958",2013,"南方医科大学","广东","理科",1262,538.681517840287,40420,"K"
"959",2013,"广州医科大学","广东","理科",441,538.681517840287,40420,"K"
"960",2013,"哈尔滨医科大学","黑龙江","理科",18,357.105820492222,40420,"K"
"961",2013,"广州中医药大学","广东","理科",1322,538.681517840287,40420,"K"
"962",2013,"东北农业大学","黑龙江","理科",79,357.105820492222,40420,"K"
"963",2013,"哈尔滨工程大学","黑龙江","理科",33,357.105820492222,40420,"K"
"964",2013,"东北林业大学","黑龙江","理科",26,357.105820492222,40420,"K"
"965",2013,"石家庄铁道大学","黑龙江","理科",5,357.105820492222,40420,"K"
"966",2013,"哈尔滨工业大学","黑龙江","理科",74,357.105820492222,40420,"I"
"967",2014,"上海财经大学","上海","文科",16,894.442167153179,14000,"H"
"968",2014,"延边大学","吉林","文科",4,471.833473873979,14000,"K"
"969",2014,"广东工业大学","广东","文科",1135,584.02827884254,14000,"K"
"970",2014,"华北电力大学(北京)","北京","文科",10,922.09948931341,14000,"K"
"971",2014,"复旦大学","上海","文科",21,894.442167153179,14000,"D"
"972",2014,"北京交通大学","北京","文科",6,922.09948931341,14000,"J"
"973",2014,"上海海洋大学","上海","文科",26,894.442167153179,14000,"K"
"974",2014,"广州中医药大学","广东","文科",409,584.02827884254,14000,"K"
"975",2014,"上海大学","上海","文科",2,894.442167153179,14000,"I"
"976",2014,"江西财经大学","江西","文科",47,317.072631381091,14000,"K"
"977",2014,"北京工业大学","北京","文科",4,922.09948931341,14000,"J"
"978",2014,"苏州大学","江苏","文科",11,745.158064308917,14000,"J"
"979",2014,"暨南大学","广东","文科",606,584.02827884254,14000,"I"
"980",2014,"安徽大学","安徽","文科",15,315.7462934094,14000,"K"
"981",2014,"北京语言大学","北京","文科",16,922.09948931341,14000,"J"
"982",2014,"南方医科大学","广东","文科",38,584.02827884254,14000,"K"
"983",2014,"北京外国语大学","北京","文科",7,922.09948931341,14000,"F"
"984",2014,"浙江理工大学","浙江","文科",20,683.311931611495,14000,"K"
"985",2014,"内蒙古大学","内蒙古","文科",1,673.939486148758,14000,"K"
"986",2014,"东北师范大学","吉林","文科",13,471.833473873979,14000,"K"
"987",2014,"北京化工大学","北京","文科",13,922.09948931341,14000,"K"
"988",2014,"中国石油大学(北京)","北京","文科",4,922.09948931341,14000,"K"
"989",2014,"南京大学","江苏","文科",24,745.158064308917,14000,"F"
"990",2014,"中央财经大学","北京","文科",26,922.09948931341,14000,"I"
"991",2014,"中国药科大学","江苏","文科",2,745.158064308917,14000,"K"
"992",2014,"清华大学","北京","文科",4,922.09948931341,14000,"A"
"993",2014,"郑州大学","河南","文科",16,341.59847450695,14000,"K"
"994",2014,"中国农业大学","北京","文科",5,922.09948931341,14000,"K"
"995",2014,"上海外国语大学","上海","文科",8,894.442167153179,14000,"H"
"996",2014,"华东政法大学","上海","文科",22,894.442167153179,14000,"J"
"997",2014,"中国政法大学","北京","文科",55,922.09948931341,14000,"I"
"998",2014,"南京信息工程大学","江苏","文科",3,745.158064308917,14000,"K"
"999",2014,"四川大学","四川","文科",17,323.927100037005,14000,"I"
"1000",2014,"中国地质大学(武汉)","湖北","文科",15,425.392136575272,14000,"K"
"1001",2014,"江南大学","江苏","文科",5,745.158064308917,14000,"K"
"1002",2014,"西南政法大学(中外合作办学专业)","四川","文科",4,323.927100037005,14000,"J"
"1003",2014,"北京体育大学","北京","文科",9,922.09948931341,14000,"K"
"1004",2014,"中山大学","广东","文科",856,584.02827884254,14000,"H"
"1005",2014,"武汉理工大学","湖北","文科",20,425.392136575272,14000,"K"
"1006",2014,"中南财经政法大学","湖北","文科",118,425.392136575272,14000,"I"
"1007",2014,"华中师范大学","湖北","文科",31,425.392136575272,14000,"J"
"1008",2014,"吉林大学","吉林","文科",24,471.833473873979,14000,"J"
"1009",2014,"深圳大学","广东","文科",289,584.02827884254,14000,"J"
"1010",2014,"北京大学","北京","文科",20,922.09948931341,14000,"C"
"1011",2014,"华东师范大学","上海","文科",9,894.442167153179,14000,"H"
"1012",2014,"天津财经大学","天津","文科",16,976.094443048206,14000,"K"
"1013",2014,"中南大学","湖南","文科",36,366.210354826174,14000,"J"
"1014",2014,"湘潭大学","湖南","文科",20,366.210354826174,14000,"K"
"1015",2014,"湖南大学","湖南","文科",29,366.210354826174,14000,"J"
"1016",2014,"中国传媒大学","北京","文科",17,922.09948931341,14000,"I"
"1017",2014,"兰州大学","甘肃","文科",27,242.741017279973,14000,"K"
"1018",2014,"中南林业科技大学","湖南","文科",6,366.210354826174,14000,"K"
"1019",2014,"对外经济贸易大学","北京","文科",36,922.09948931341,14000,"H"
"1020",2014,"华侨大学","福建","文科",58,576.567037625861,14000,"K"
"1021",2014,"山东大学威海分校","山东","文科",22,561.822037337454,14000,"K"
"1022",2014,"西南财经大学","四川","文科",32,323.927100037005,14000,"I"
"1023",2014,"北京第二外国语学院","北京","文科",13,922.09948931341,14000,"K"
"1024",2014,"厦门大学(中外合作办学专业)","福建","文科",10,576.567037625861,14000,"J"
"1025",2014,"中国人民大学","北京","文科",38,922.09948931341,14000,"E"
"1026",2014,"中国海洋大学","山东","文科",27,561.822037337454,14000,"J"
"1027",2014,"海南大学","海南","文科",34,351.449825752837,14000,"K"
"1028",2014,"北京林业大学","北京","文科",19,922.09948931341,14000,"K"
"1029",2014,"武汉大学","湖北","文科",46,425.392136575272,14000,"H"
"1030",2014,"辽宁大学","辽宁","文科",50,616.802961275626,14000,"K"
"1031",2014,"华北电力大学(保定)","河北","文科",6,385.966388502866,14000,"K"
"1032",2014,"合肥工业大学","安徽","文科",2,315.7462934094,14000,"K"
"1033",2014,"华南理工大学","广东","文科",193,584.02827884254,14000,"I"
"1034",2014,"华南农业大学","广东","文科",1142,584.02827884254,14000,"K"
"1035",2014,"浙江大学","浙江","文科",32,683.311931611495,14000,"F"
"1036",2014,"大连海事大学","辽宁","文科",16,616.802961275626,14000,"K"
"1037",2014,"华中农业大学","湖北","文科",12,425.392136575272,14000,"K"
"1038",2014,"华中科技大学","湖北","文科",21,425.392136575272,14000,"I"
"1039",2014,"华南师范大学","广东","文科",1280,584.02827884254,14000,"K"
"1040",2014,"广州大学","广东","文科",459,584.02827884254,14000,"K"
"1041",2014,"西南政法大学(中外合作办学专业)","重庆","文科",4,426.151178451178,14000,"J"
"1042",2014,"西南大学","重庆","文科",12,426.151178451178,14000,"K"
"1043",2014,"西南交通大学","四川","文科",14,323.927100037005,14000,"K"
"1044",2014,"重庆大学","重庆","文科",10,426.151178451178,14000,"J"
"1045",2014,"广州医科大学","广东","文科",324,584.02827884254,14000,"K"
"1046",2014,"湖南师范大学","湖南","文科",31,366.210354826174,14000,"K"
"1047",2014,"汕头大学","广东","文科",297,584.02827884254,14000,"K"
"1048",2014,"上海海事大学","上海","文科",33,894.442167153179,14000,"K"
"1049",2014,"西安交通大学","陕西","文科",2,426.280818278427,14000,"I"
"1050",2014,"南开大学","天津","文科",19,976.094443048206,14000,"H"
"1051",2014,"南昌大学","江西","文科",14,317.072631381091,14000,"K"
"1052",2014,"广东外语外贸大学","广东","文科",2086,584.02827884254,14000,"K"
"1053",2014,"广州医科大学","广东","文科",324,584.02827884254,14000,"K"
"1054",2014,"西安外国语大学","陕西","文科",13,426.280818278427,14000,"K"
"1055",2014,"陕西师范大学","陕西","文科",25,426.280818278427,14000,"K"
"1056",2014,"西北大学","陕西","文科",2,426.280818278427,14000,"K"
"1057",2014,"西北工业大学","陕西","文科",4,426.280818278427,14000,"K"
"1058",2014,"西南政法大学","重庆","文科",68,426.151178451178,14000,"J"
"1059",2014,"广西大学","广西","文科",6,304.683195592286,14000,"K"
"1060",2014,"西北农林科技大学","陕西","文科",2,426.280818278427,14000,"K"
"1061",2014,"中央民族大学","北京","文科",9,922.09948931341,14000,"J"
"1062",2014,"上海交通大学","上海","文科",1,894.442167153179,14000,"D"
"1063",2014,"福州大学","福建","文科",7,576.567037625861,14000,"K"
"1064",2014,"中国矿业大学","江苏","文科",8,745.158064308917,14000,"K"
"1065",2014,"山东大学","山东","文科",32,561.822037337454,14000,"J"
"1066",2014,"河海大学","江苏","文科",14,745.158064308917,14000,"K"
"1067",2014,"贵州大学","贵州","文科",6,228.620417906357,14000,"K"
"1068",2014,"哈尔滨工业大学","黑龙江","文科",6,375.041851150711,14000,"J"
"1069",2014,"东北林业大学","黑龙江","文科",4,375.041851150711,14000,"K"
"1070",2014,"东北农业大学","黑龙江","文科",12,375.041851150711,14000,"K"
"1071",2014,"厦门大学","福建","文科",18,576.567037625861,14000,"H"
"1072",2014,"哈尔滨医科大学","黑龙江","文科",12,375.041851150711,14000,"K"
"1073",2014,"中国人民大学(苏州校区)","江苏","文科",10,745.158064308917,14000,"I"
"1074",2014,"南京工业大学","江苏","文科",10,745.158064308917,14000,"K"
"1075",2014,"南京邮电大学","江苏","文科",28,745.158064308917,14000,"K"
"1076",2014,"北京理工大学","北京","文科",6,922.09948931341,14000,"I"
"1077",2014,"东北财经大学","辽宁","文科",29,616.802961275626,14000,"K"
"1078",2014,"南京农业大学","江苏","文科",6,745.158064308917,14000,"K"
"1079",2014,"上海交通大学","上海","理科",25,894.442167153179,43106,"D"
"1080",2014,"上海理工大学","上海","理科",59,894.442167153179,43106,"K"
"1081",2014,"上海财经大学","上海","理科",37,894.442167153179,43106,"G"
"1082",2014,"上海外国语大学","上海","理科",16,894.442167153179,43106,"K"
"1083",2014,"北京邮电大学","北京","理科",97,922.09948931341,43106,"K"
"1084",2014,"华东师范大学","上海","理科",18,894.442167153179,43106,"I"
"1085",2014,"复旦大学","上海","理科",28,894.442167153179,43106,"D"
"1086",2014,"上海海事大学","上海","理科",134,894.442167153179,43106,"K"
"1087",2014,"华南理工大学","广东","理科",2663,584.02827884254,43106,"I"
"1088",2014,"复旦大学医学","上海","理科",11,894.442167153179,43106,"F"
"1089",2014,"上海交通大学医学","上海","理科",7,894.442167153179,43106,"H"
"1090",2014,"西安交通大学","陕西","理科",40,426.280818278427,43106,"J"
"1091",2014,"上海海洋大学","上海","理科",81,894.442167153179,43106,"K"
"1092",2014,"广州中医药大学","广东","理科",1214,584.02827884254,43106,"K"
"1093",2014,"上海大学","上海","理科",23,894.442167153179,43106,"J"
"1094",2014,"北京外国语大学","北京","理科",8,922.09948931341,43106,"H"
"1095",2014,"同济大学","上海","理科",94,894.442167153179,43106,"G"
"1096",2014,"华东政法大学","上海","理科",30,894.442167153179,43106,"K"
"1097",2014,"长安大学","陕西","理科",70,426.280818278427,43106,"K"
"1098",2014,"广西大学","广西","理科",9,304.683195592286,43106,"K"
"1099",2014,"华东理工大学","上海","理科",36,894.442167153179,43106,"J"
"1100",2014,"新疆大学","新疆","理科",2,369.219626374597,43106,"K"
"1101",2014,"东华大学","上海","理科",32,894.442167153179,43106,"K"
"1102",2014,"西安外国语大学","陕西","理科",12,426.280818278427,43106,"K"
"1103",2014,"内蒙古大学","内蒙古","理科",6,673.939486148758,43106,"K"
"1104",2014,"哈尔滨工程大学","黑龙江","理科",33,375.041851150711,43106,"K"
"1105",2014,"中央民族大学","北京","理科",8,922.09948931341,43106,"K"
"1106",2014,"北京化工大学","北京","理科",59,922.09948931341,43106,"K"
"1107",2014,"中国传媒大学","北京","理科",25,922.09948931341,43106,"K"
"1108",2014,"北京大学","北京","理科",20,922.09948931341,43106,"C"
"1109",2014,"中国政法大学","北京","理科",42,922.09948931341,43106,"K"
"1110",2014,"北京第二外国语学院","北京","理科",18,922.09948931341,43106,"K"
"1111",2014,"中国农业大学","北京","理科",50,922.09948931341,43106,"J"
"1112",2014,"东北林业大学","黑龙江","理科",16,375.041851150711,43106,"K"
"1113",2014,"北京工业大学","北京","理科",11,922.09948931341,43106,"K"
"1114",2014,"东南大学","江苏","理科",62,745.158064308917,43106,"I"
"1115",2014,"中国矿业大学(北京)","北京","理科",17,922.09948931341,43106,"K"
"1116",2014,"汕头大学(汕头大学医)","广东","理科",242,584.02827884254,43106,"J"
"1117",2014,"吉林大学","吉林","理科",174,471.833473873979,43106,"J"
"1118",2014,"北京邮电大学(宏福校区)","北京","理科",26,922.09948931341,43106,"K"
"1119",2014,"南京航空航天大学","江苏","理科",64,745.158064308917,43106,"J"
"1120",2014,"北京交通大学","北京","理科",87,922.09948931341,43106,"J"
"1121",2014,"武汉大学","湖北","理科",208,425.392136575272,43106,"H"
"1122",2014,"南京信息工程大学","江苏","理科",15,745.158064308917,43106,"K"
"1123",2014,"四川大学","四川","理科",103,323.927100037005,43106,"J"
"1124",2014,"北京理工大学","北京","理科",72,922.09948931341,43106,"I"
"1125",2014,"江南大学","江苏","理科",47,745.158064308917,43106,"K"
"1126",2014,"华北电力大学(北京)","北京","理科",86,922.09948931341,43106,"K"
"1127",2014,"北京中医药大学","北京","理科",13,922.09948931341,43106,"K"
"1128",2014,"中国地质大学(北京)","北京","理科",35,922.09948931341,43106,"K"
"1129",2014,"北京大学医学部","北京","理科",20,922.09948931341,43106,"E"
"1130",2014,"天津财经大学","天津","理科",21,976.094443048206,43106,"K"
"1131",2014,"北京航空航天大学","北京","理科",60,922.09948931341,43106,"G"
"1132",2014,"华北电力大学(保定)","河北","理科",80,385.966388502866,43106,"K"
"1133",2014,"中央财经大学","北京","理科",76,922.09948931341,43106,"H"
"1134",2014,"安徽大学","安徽","理科",20,315.7462934094,43106,"K"
"1135",2014,"河北工业大学","河北","理科",20,385.966388502866,43106,"K"
"1136",2014,"中国人民大学","北京","理科",37,922.09948931341,43106,"E"
"1137",2014,"合肥工业大学","安徽","理科",86,315.7462934094,43106,"K"
"1138",2014,"郑州大学","河南","理科",69,341.59847450695,43106,"K"
"1139",2014,"合肥工业大学(宣城校区)","安徽","理科",64,315.7462934094,43106,"K"
"1140",2014,"浙江理工大学","浙江","理科",130,683.311931611495,43106,"K"
"1141",2014,"对外经济贸易大学","北京","理科",44,922.09948931341,43106,"H"
"1142",2014,"浙江大学","浙江","理科",106,683.311931611495,43106,"E"
"1143",2014,"北京体育大学","北京","理科",6,922.09948931341,43106,"K"
"1144",2014,"温州医科大学","浙江","理科",15,683.311931611495,43106,"K"
"1145",2014,"海南大学","海南","理科",96,351.449825752837,43106,"K"
"1146",2014,"北京科技大学","北京","理科",57,922.09948931341,43106,"J"
"1147",2014,"华中师范大学","湖北","理科",64,425.392136575272,43106,"K"
"1148",2014,"山东大学威海分校","山东","理科",53,561.822037337454,43106,"K"
"1149",2014,"中国石油大学(北京)","北京","理科",17,922.09948931341,43106,"K"
"1150",2014,"北京林业大学","北京","理科",81,922.09948931341,43106,"K"
"1151",2014,"清华大学","北京","理科",64,922.09948931341,43106,"C"
"1152",2014,"大连理工大学(盘锦校区)","辽宁","理科",14,616.802961275626,43106,"K"
"1153",2014,"沈阳药科大学","辽宁","理科",12,616.802961275626,43106,"K"
"1154",2014,"延边大学","吉林","理科",6,471.833473873979,43106,"K"
"1155",2014,"东北师范大学","吉林","理科",17,471.833473873979,43106,"K"
"1156",2014,"南京师范大学","江苏","理科",2,745.158064308917,43106,"K"
"1157",2014,"南方医科大学","广东","理科",1128,584.02827884254,43106,"K"
"1158",2014,"西南交通大学","四川","理科",110,323.927100037005,43106,"J"
"1159",2014,"重庆大学","重庆","理科",106,426.151178451178,43106,"J"
"1160",2014,"西南财经大学","四川","理科",49,323.927100037005,43106,"J"
"1161",2014,"武汉理工大学","湖北","理科",217,425.392136575272,43106,"J"
"1162",2014,"中南大学","湖南","理科",280,366.210354826174,43106,"J"
"1163",2014,"暨南大学","广东","理科",1439,584.02827884254,43106,"J"
"1164",2014,"四川农业大学","四川","理科",10,323.927100037005,43106,"K"
"1165",2014,"电子科技大学","四川","理科",135,323.927100037005,43106,"J"
"1166",2014,"西南政法大学(中外合作办学专业)","四川","理科",4,323.927100037005,43106,"K"
"1167",2014,"电子科技大学(沙河校区)","四川","理科",55,323.927100037005,43106,"J"
"1168",2014,"湖南农业大学","湖南","理科",101,366.210354826174,43106,"K"
"1169",2014,"湘潭大学","湖南","理科",26,366.210354826174,43106,"K"
"1170",2014,"华南师范大学","广东","理科",1891,584.02827884254,43106,"K"
"1171",2014,"南华大学","湖南","理科",100,366.210354826174,43106,"K"
"1172",2014,"天津大学","天津","理科",51,976.094443048206,43106,"K"
"1173",2014,"南开大学","天津","理科",38,976.094443048206,43106,"H"
"1174",2014,"石家庄铁道大学","河北","理科",10,385.966388502866,43106,"K"
"1175",2014,"中国科学技术大学","安徽","理科",30,315.7462934094,43106,"F"
"1176",2014,"广州大学","广东","理科",1183,584.02827884254,43106,"K"
"1177",2014,"中山大学","广东","理科",2641,584.02827884254,43106,"I"
"1178",2014,"厦门大学","福建","理科",97,576.567037625861,43106,"I"
"1179",2014,"东北农业大学","黑龙江","理科",34,375.041851150711,43106,"K"
"1180",2014,"安徽医科大学","安徽","理科",8,315.7462934094,43106,"K"
"1181",2014,"中国海洋大学","山东","理科",111,561.822037337454,43106,"K"
"1182",2014,"南京工业大学","江苏","理科",32,745.158064308917,43106,"K"
"1183",2014,"哈尔滨工业大学(威海)","山东","理科",35,561.822037337454,43106,"J"
"1184",2014,"厦门大学(中外合作办学专业)","福建","理科",12,576.567037625861,43106,"K"
"1185",2014,"贵州大学","贵州","理科",8,228.620417906357,43106,"K"
"1186",2014,"山东大学","山东","理科",99,561.822037337454,43106,"J"
"1187",2014,"中国石油大学(华东)","山东","理科",55,561.822037337454,43106,"K"
"1188",2014,"中国矿业大学","江苏","理科",92,745.158064308917,43106,"K"
"1189",2014,"太原理工大学","山西","理科",30,347.188274836079,43106,"K"
"1190",2014,"广东外语外贸大学","广东","理科",1929,584.02827884254,43106,"K"
"1191",2014,"东北财经大学","辽宁","理科",31,616.802961275626,43106,"K"
"1192",2014,"广东工业大学","广东","理科",7340,584.02827884254,43106,"K"
"1193",2014,"西南大学","重庆","理科",39,426.151178451178,43106,"K"
"1194",2014,"广州医科大学","广东","理科",1129,584.02827884254,43106,"K"
"1195",2014,"华南农业大学","广东","理科",4754,584.02827884254,43106,"K"
"1196",2014,"华中科技大学","湖北","理科",166,425.392136575272,43106,"I"
"1197",2014,"汕头大学(汕头大学医)","广东","理科",242,584.02827884254,43106,"J"
"1198",2014,"东北大学","辽宁","理科",126,616.802961275626,43106,"K"
"1199",2014,"中国人民大学(苏州校区)","江苏","理科",10,745.158064308917,43106,"K"
"1200",2014,"苏州大学","江苏","理科",35,745.158064308917,43106,"J"
"1201",2014,"哈尔滨医科大学","黑龙江","理科",44,375.041851150711,43106,"K"
"1202",2014,"广州医科大学","广东","理科",1129,584.02827884254,43106,"K"
"1203",2014,"西南政法大学","重庆","理科",63,426.151178451178,43106,"K"
"1204",2014,"中国药科大学","江苏","理科",24,745.158064308917,43106,"K"
"1205",2014,"西安理工大学","陕西","理科",36,426.280818278427,43106,"K"
"1206",2014,"江苏大学","江苏","理科",42,745.158064308917,43106,"K"
"1207",2014,"深圳大学","广东","理科",1211,584.02827884254,43106,"K"
"1208",2014,"河海大学","江苏","理科",98,745.158064308917,43106,"K"
"1209",2014,"汕头大学","广东","理科",652,584.02827884254,43106,"K"
"1210",2014,"江西财经大学","江西","理科",93,317.072631381091,43106,"K"
"1211",2014,"湖南中医药大学","湖南","理科",6,366.210354826174,43106,"K"
"1212",2014,"陕西师范大学","陕西","理科",72,426.280818278427,43106,"K"
"1213",2014,"武汉工程大学","湖北","理科",30,425.392136575272,43106,"K"
"1214",2014,"南京农业大学","江苏","理科",81,745.158064308917,43106,"K"
"1215",2014,"燕山大学","河北","理科",10,385.966388502866,43106,"K"
"1216",2014,"兰州大学","甘肃","理科",71,242.741017279973,43106,"K"
"1217",2014,"东北大学秦皇岛分校","河北","理科",67,385.966388502866,43106,"K"
"1218",2014,"华侨大学","福建","理科",156,576.567037625861,43106,"K"
"1219",2014,"中国地质大学(武汉)","湖北","理科",84,425.392136575272,43106,"K"
"1220",2014,"广西医科大学","广西","理科",10,304.683195592286,43106,"K"
"1221",2014,"西安电子科技大学","陕西","理科",110,426.280818278427,43106,"J"
"1222",2014,"南京理工大学","江苏","理科",52,745.158064308917,43106,"J"
"1223",2014,"陕西科技大学","陕西","理科",10,426.280818278427,43106,"K"
"1224",2014,"南京大学","江苏","理科",65,745.158064308917,43106,"F"
"1225",2014,"哈尔滨工业大学","黑龙江","理科",74,375.041851150711,43106,"I"
"1226",2014,"东北石油大学","黑龙江","理科",46,375.041851150711,43106,"K"
"1227",2014,"湖南大学","湖南","理科",186,366.210354826174,43106,"J"
"1228",2014,"辽宁大学","辽宁","理科",18,616.802961275626,43106,"K"
"1229",2014,"辽宁工程技术大学","辽宁","理科",22,616.802961275626,43106,"K"
"1230",2014,"中国医科大学","辽宁","理科",35,616.802961275626,43106,"K"
"1231",2014,"汕头大学(汕头大学医)","广东","理科",242,584.02827884254,43106,"J"
"1232",2014,"南昌大学","江西","理科",49,317.072631381091,43106,"K"
"1233",2014,"西南政法大学(中外合作办学专业)","重庆","理科",4,426.151178451178,43106,"K"
"1234",2014,"大连海事大学","辽宁","理科",104,616.802961275626,43106,"K"
"1235",2014,"南京邮电大学","江苏","理科",104,745.158064308917,43106,"K"
"1236",2014,"中南财经政法大学","湖北","理科",129,425.392136575272,43106,"J"
"1237",2014,"西北工业大学","陕西","理科",34,426.280818278427,43106,"K"
"1238",2014,"大连理工大学","辽宁","理科",47,616.802961275626,43106,"J"
"1239",2014,"西北农林科技大学","陕西","理科",16,426.280818278427,43106,"K"
"1240",2014,"湖南师范大学","湖南","理科",32,366.210354826174,43106,"K"
"1241",2014,"华中农业大学","湖北","理科",40,425.392136575272,43106,"K"
"1242",2014,"西安建筑科技大学","陕西","理科",11,426.280818278427,43106,"K"
"1243",2014,"西北大学","陕西","理科",3,426.280818278427,43106,"K"
"1244",2014,"石家庄铁道大学","黑龙江","理科",10,375.041851150711,43106,"K"
"1245",2014,"福州大学","福建","理科",35,576.567037625861,43106,"K"
"1246",2014,"中南林业科技大学","湖南","理科",94,366.210354826174,43106,"K"
"1247",2015,"中北大学","山西","文科",6,349.765350877193,16964,"K"
"1248",2015,"天津财经大学","天津","文科",20,1036.41858932103,16964,"K"
"1249",2015,"深圳大学","广东","文科",422,632.15441999254,16964,"J"
"1250",2015,"东北师范大学","吉林","文科",17,501.591933139535,16964,"K"
"1251",2015,"北京交通大学","北京","文科",7,991.209572490706,16964,"I"
"1252",2015,"北京外国语大学","北京","文科",8,991.209572490706,16964,"F"
"1253",2015,"南京林业大学","江苏","文科",30,817.692462311558,16964,"K"
"1254",2015,"上海海事大学","上海","文科",34,971.184666117065,16964,"K"
"1255",2015,"北京航空航天大学","北京","文科",4,991.209572490706,16964,"H"
"1256",2015,"上海财经大学","上海","文科",16,971.184666117065,16964,"G"
"1257",2015,"清华大学","北京","文科",4,991.209572490706,16964,"A"
"1258",2015,"中国药科大学","江苏","文科",2,817.692462311558,16964,"K"
"1259",2015,"吉林大学","吉林","文科",41,501.591933139535,16964,"J"
"1260",2015,"中国农业大学","北京","文科",8,991.209572490706,16964,"K"
"1261",2015,"北京师范大学","北京","文科",10,991.209572490706,16964,"G"
"1262",2015,"中央财经大学","北京","文科",29,991.209572490706,16964,"H"
"1263",2015,"河南大学","河南","文科",56,370.277448071217,16964,"K"
"1264",2015,"郑州大学","河南","文科",14,370.277448071217,16964,"K"
"1265",2015,"北京理工大学","北京","文科",8,991.209572490706,16964,"I"
"1266",2015,"南京工业大学","江苏","文科",10,817.692462311558,16964,"K"
"1267",2015,"华东政法大学","上海","文科",15,971.184666117065,16964,"I"
"1268",2015,"四川大学","四川","文科",13,350.573218673219,16964,"I"
"1269",2015,"中国传媒大学(中外合作办学专业)","北京","文科",13,991.209572490706,16964,"K"
"1270",2015,"海南大学","海南","文科",29,387.676633444075,16964,"K"
"1271",2015,"北京电影学院","北京","文科",2,991.209572490706,16964,"J"
"1272",2015,"中国人民大学(苏州校区)","江苏","文科",10,817.692462311558,16964,"I"
"1273",2015,"南京农业大学","江苏","文科",10,817.692462311558,16964,"K"
"1274",2015,"华东师范大学","上海","文科",11,971.184666117065,16964,"H"
"1275",2015,"广州大学","广东","文科",2147,632.15441999254,16964,"K"
"1276",2015,"华南理工大学","广东","文科",182,632.15441999254,16964,"I"
"1277",2015,"中国地质大学(武汉)","湖北","文科",11,470.547455295736,16964,"K"
"1278",2015,"西南交通大学","四川","文科",17,350.573218673219,16964,"J"
"1279",2015,"西南政法大学(中外合作办学专业)","四川","文科",6,350.573218673219,16964,"J"
"1280",2015,"北京大学","北京","文科",20,991.209572490706,16964,"C"
"1281",2015,"南开大学","天津","文科",27,1036.41858932103,16964,"H"
"1282",2015,"上海海洋大学","上海","文科",26,971.184666117065,16964,"K"
"1283",2015,"内蒙古大学","内蒙古","文科",16,709.361676646707,16964,"K"
"1284",2015,"武汉理工大学","湖北","文科",18,470.547455295736,16964,"J"
"1285",2015,"华中科技大学","湖北","文科",21,470.547455295736,16964,"I"
"1286",2015,"中央民族大学","北京","文科",10,991.209572490706,16964,"J"
"1287",2015,"安徽大学","安徽","文科",20,342.737958244287,16964,"K"
"1288",2015,"湖南农业大学","湖南","文科",13,401.491168175746,16964,"K"
"1289",2015,"北京语言大学","北京","文科",14,991.209572490706,16964,"I"
"1290",2015,"北京林业大学","北京","文科",18,991.209572490706,16964,"J"
"1291",2015,"长沙理工大学","湖南","文科",33,401.491168175746,16964,"K"
"1292",2015,"中国人民大学","北京","文科",44,991.209572490706,16964,"E"
"1293",2015,"湖南科技大学","湖南","文科",28,401.491168175746,16964,"K"
"1294",2015,"燕山大学","河北","文科",6,398.444609967497,16964,"K"
"1295",2015,"华北电力大学(保定)","河北","文科",6,398.444609967497,16964,"K"
"1296",2015,"对外经济贸易大学","北京","文科",32,991.209572490706,16964,"G"
"1297",2015,"中国海洋大学","山东","文科",28,607.075186433752,16964,"J"
"1298",2015,"中国传媒大学","北京","文科",21,991.209572490706,16964,"I"
"1299",2015,"山东大学威海分校","山东","文科",22,607.075186433752,16964,"K"
"1300",2015,"山东大学","山东","文科",37,607.075186433752,16964,"I"
"1301",2015,"延边大学","吉林","文科",2,501.591933139535,16964,"K"
"1302",2015,"上海交通大学","上海","文科",1,971.184666117065,16964,"C"
"1303",2015,"湖南师范大学","湖南","文科",33,401.491168175746,16964,"K"
"1304",2015,"中南大学","湖南","文科",32,401.491168175746,16964,"I"
"1305",2015,"上海外国语大学","上海","文科",6,971.184666117065,16964,"H"
"1306",2015,"兰州大学","甘肃","文科",28,263.808182169047,16964,"K"
"1307",2015,"厦门大学(中外合作办学专业)","福建","文科",10,632.048344718865,16964,"J"
"1308",2015,"西南财经大学(中外合作办学专业)","四川","文科",6,350.573218673219,16964,"J"
"1309",2015,"浙江理工大学","浙江","文科",35,729.003267973856,16964,"K"
"1310",2015,"华侨大学","福建","文科",63,632.048344718865,16964,"K"
"1311",2015,"南方医科大学","广东","文科",50,632.15441999254,16964,"K"
"1312",2015,"西南财经大学","四川","文科",26,350.573218673219,16964,"I"
"1313",2015,"华南师范大学","广东","文科",1171,632.15441999254,16964,"K"
"1314",2015,"武汉大学","湖北","文科",45,470.547455295736,16964,"G"
"1315",2015,"华中师范大学","湖北","文科",44,470.547455295736,16964,"J"
"1316",2015,"成都理工大学","四川","文科",36,350.573218673219,16964,"K"
"1317",2015,"贵州大学","贵州","文科",6,263.711801596351,16964,"K"
"1318",2015,"广东工业大学","广东","文科",832,632.15441999254,16964,"K"
"1319",2015,"东北财经大学","辽宁","文科",16,651.937599635618,16964,"J"
"1320",2015,"中南财经政法大学","湖北","文科",113,470.547455295736,16964,"I"
"1321",2015,"广州医科大学","广东","文科",137,632.15441999254,16964,"K"
"1322",2015,"华南师范大学(中外合作办学专业)","广东","文科",20,632.15441999254,16964,"K"
"1323",2015,"广州中医药大学","广东","文科",463,632.15441999254,16964,"K"
"1324",2015,"汕头大学","广东","文科",300,632.15441999254,16964,"K"
"1325",2015,"大连海事大学","辽宁","文科",17,651.937599635618,16964,"K"
"1326",2015,"华中农业大学","湖北","文科",16,470.547455295736,16964,"K"
"1327",2015,"东北财经大学(中外合作办学专业)","辽宁","文科",10,651.937599635618,16964,"K"
"1328",2015,"辽宁大学","辽宁","文科",30,651.937599635618,16964,"K"
"1329",2015,"中南林业科技大学","湖南","文科",6,401.491168175746,16964,"K"
"1330",2015,"中国政法大学","北京","文科",56,991.209572490706,16964,"H"
"1331",2015,"广东外语外贸大学","广东","文科",2089,632.15441999254,16964,"K"
"1332",2015,"华东交通大学","江西","文科",6,345.851827388815,16964,"K"
"1333",2015,"暨南大学","广东","文科",697,632.15441999254,16964,"J"
"1334",2015,"湘潭大学","湖南","文科",17,401.491168175746,16964,"K"
"1335",2015,"重庆大学","重庆","文科",12,476.944165830826,16964,"I"
"1336",2015,"西南大学","重庆","文科",12,476.944165830826,16964,"J"
"1337",2015,"新疆大学","新疆","文科",2,403.137510879025,16964,"K"
"1338",2015,"湖南大学","湖南","文科",26,401.491168175746,16964,"I"
"1339",2015,"西南政法大学","重庆","文科",42,476.944165830826,16964,"I"
"1340",2015,"西南政法大学(中外合作办学专业)","重庆","文科",6,476.944165830826,16964,"J"
"1341",2015,"西南大学(荣昌校区)","重庆","文科",7,476.944165830826,16964,"K"
"1342",2015,"中国矿业大学","江苏","文科",9,817.692462311558,16964,"K"
"1343",2015,"河海大学","江苏","文科",12,817.692462311558,16964,"K"
"1344",2015,"西北大学","陕西","文科",8,468.607682119205,16964,"K"
"1345",2015,"浙江大学","浙江","文科",21,729.003267973856,16964,"E"
"1346",2015,"北京化工大学","北京","文科",13,991.209572490706,16964,"K"
"1347",2015,"西安交通大学","陕西","文科",3,468.607682119205,16964,"I"
"1348",2015,"华南农业大学","广东","文科",1354,632.15441999254,16964,"K"
"1349",2015,"厦门大学","福建","文科",17,632.048344718865,16964,"H"
"1350",2015,"西北农林科技大学","陕西","文科",2,468.607682119205,16964,"K"
"1351",2015,"西安外国语大学","陕西","文科",12,468.607682119205,16964,"K"
"1352",2015,"中国石油大学(北京)","北京","文科",4,991.209572490706,16964,"J"
"1353",2015,"西北工业大学","陕西","文科",4,468.607682119205,16964,"J"
"1354",2015,"福州大学","福建","文科",4,632.048344718865,16964,"K"
"1355",2015,"复旦大学","上海","文科",13,971.184666117065,16964,"E"
"1356",2015,"福建师范大学","福建","文科",32,632.048344718865,16964,"K"
"1357",2015,"北京第二外国语学院","北京","文科",13,991.209572490706,16964,"J"
"1358",2015,"南京大学","江苏","文科",27,817.692462311558,16964,"F"
"1359",2015,"陕西师范大学","陕西","文科",41,468.607682119205,16964,"K"
"1360",2015,"南京信息工程大学","江苏","文科",4,817.692462311558,16964,"K"
"1361",2015,"北京工业大学","北京","文科",4,991.209572490706,16964,"J"
"1362",2015,"华北电力大学(北京)","北京","文科",11,991.209572490706,16964,"J"
"1363",2015,"北京体育大学","北京","文科",9,991.209572490706,16964,"K"
"1364",2015,"苏州大学","江苏","文科",12,817.692462311558,16964,"I"
"1365",2015,"南京邮电大学","江苏","文科",31,817.692462311558,16964,"K"
"1366",2015,"哈尔滨医科大学","黑龙江","文科",3,392.365770936603,16964,"K"
"1367",2015,"北京科技大学","北京","文科",1,991.209572490706,16964,"I"
"1368",2015,"江西财经大学","江西","文科",56,345.851827388815,16964,"K"
"1369",2015,"东北农业大学","黑龙江","文科",6,392.365770936603,16964,"K"
"1370",2015,"中山大学","广东","文科",862,632.15441999254,16964,"H"
"1371",2015,"南昌大学","江西","文科",19,345.851827388815,16964,"K"
"1372",2015,"黑龙江大学","黑龙江","文科",39,392.365770936603,16964,"K"
"1373",2015,"东北林业大学","黑龙江","文科",6,392.365770936603,16964,"K"
"1374",2015,"广西大学","广西","文科",6,329.679638199411,16964,"K"
"1375",2015,"上海理工大学","上海","理科",59,971.184666117065,51000,"J"
"1376",2015,"中北大学","山西","理科",94,349.765350877193,51000,"K"
"1377",2015,"东华大学","上海","理科",32,971.184666117065,51000,"J"
"1378",2015,"上海海事大学","上海","理科",127,971.184666117065,51000,"K"
"1379",2015,"同济大学","上海","理科",94,971.184666117065,51000,"G"
"1380",2015,"广州医科大学","广东","理科",1288,632.15441999254,51000,"K"
"1381",2015,"上海外国语大学","上海","理科",10,971.184666117065,51000,"I"
"1382",2015,"华东理工大学","上海","理科",37,971.184666117065,51000,"I"
"1383",2015,"复旦大学","上海","理科",12,971.184666117065,51000,"C"
"1384",2015,"上海交通大学","上海","理科",25,971.184666117065,51000,"C"
"1385",2015,"上海财经大学","上海","理科",38,971.184666117065,51000,"F"
"1386",2015,"上海大学","上海","理科",10,971.184666117065,51000,"J"
"1387",2015,"复旦大学医学","上海","理科",5,971.184666117065,51000,"D"
"1388",2015,"汕头大学","广东","理科",657,632.15441999254,51000,"K"
"1389",2015,"华南理工大学","广东","理科",2657,632.15441999254,51000,"I"
"1390",2015,"北京航空航天大学","北京","理科",83,991.209572490706,51000,"G"
"1391",2015,"中国人民大学(苏州校区)","江苏","理科",10,817.692462311558,51000,"H"
"1392",2015,"上海海洋大学","上海","理科",81,971.184666117065,51000,"K"
"1393",2015,"上海交通大学医学","上海","理科",5,971.184666117065,51000,"D"
"1394",2015,"华东师范大学","上海","理科",25,971.184666117065,51000,"I"
"1395",2015,"华东政法大学","上海","理科",16,971.184666117065,51000,"J"
"1396",2015,"东北财经大学","辽宁","理科",24,651.937599635618,51000,"J"
"1397",2015,"大连海事大学","辽宁","理科",104,651.937599635618,51000,"K"
"1398",2015,"沈阳药科大学","辽宁","理科",6,651.937599635618,51000,"K"
"1399",2015,"内蒙古大学","内蒙古","理科",41,709.361676646707,51000,"K"
"1400",2015,"北京邮电大学","北京","理科",96,991.209572490706,51000,"J"
"1401",2015,"广州中医药大学","广东","理科",1299,632.15441999254,51000,"K"
"1402",2015,"华北电力大学(北京)","北京","理科",87,991.209572490706,51000,"J"
"1403",2015,"北京大学","北京","理科",20,991.209572490706,51000,"B"
"1404",2015,"东北大学","辽宁","理科",114,651.937599635618,51000,"J"
"1405",2015,"北京大学医学部","北京","理科",21,991.209572490706,51000,"D"
"1406",2015,"北京邮电大学(宏福校区)","北京","理科",28,991.209572490706,51000,"J"
"1407",2015,"中国医科大学","辽宁","理科",25,651.937599635618,51000,"K"
"1408",2015,"中国农业大学","北京","理科",49,991.209572490706,51000,"J"
"1409",2015,"清华大学","北京","理科",60,991.209572490706,51000,"C"
"1410",2015,"广西大学","广西","理科",14,329.679638199411,51000,"K"
"1411",2015,"西南大学(荣昌校区)","重庆","理科",48,476.944165830826,51000,"K"
"1412",2015,"北京科技大学","北京","理科",58,991.209572490706,51000,"J"
"1413",2015,"北京中医药大学","北京","理科",17,991.209572490706,51000,"J"
"1414",2015,"中国地质大学(北京)","北京","理科",36,991.209572490706,51000,"K"
"1415",2015,"吉林大学","吉林","理科",254,501.591933139535,51000,"J"
"1416",2015,"中国传媒大学","北京","理科",28,991.209572490706,51000,"I"
"1417",2015,"西南大学","重庆","理科",30,476.944165830826,51000,"K"
"1418",2015,"中国政法大学","北京","理科",49,991.209572490706,51000,"I"
"1419",2015,"北京化工大学","北京","理科",72,991.209572490706,51000,"J"
"1420",2015,"苏州大学","江苏","理科",34,817.692462311558,51000,"J"
"1421",2015,"中国人民大学","北京","理科",48,991.209572490706,51000,"E"
"1422",2015,"北京林业大学","北京","理科",86,991.209572490706,51000,"K"
"1423",2015,"北京第二外国语学院","北京","理科",18,991.209572490706,51000,"J"
"1424",2015,"北京工业大学","北京","理科",13,991.209572490706,51000,"K"
"1425",2015,"中央财经大学","北京","理科",75,991.209572490706,51000,"H"
"1426",2015,"江苏大学","江苏","理科",42,817.692462311558,51000,"K"
"1427",2015,"中国地质大学(武汉)","湖北","理科",88,470.547455295736,51000,"K"
"1428",2015,"北京体育大学","北京","理科",12,991.209572490706,51000,"K"
"1429",2015,"北京交通大学","北京","理科",105,991.209572490706,51000,"J"
"1430",2015,"四川农业大学","四川","理科",10,350.573218673219,51000,"K"
"1431",2015,"华中农业大学","湖北","理科",37,470.547455295736,51000,"K"
"1432",2015,"北京理工大学","北京","理科",76,991.209572490706,51000,"I"
"1433",2015,"中国传媒大学(中外合作办学专业)","北京","理科",7,991.209572490706,51000,"K"
"1434",2015,"中国矿业大学(北京)","北京","理科",20,991.209572490706,51000,"K"
"1435",2015,"东南大学","江苏","理科",67,817.692462311558,51000,"I"
"1436",2015,"南京理工大学","江苏","理科",55,817.692462311558,51000,"J"
"1437",2015,"南京师范大学","江苏","理科",5,817.692462311558,51000,"K"
"1438",2015,"中央民族大学","北京","理科",8,991.209572490706,51000,"J"
"1439",2015,"哈尔滨工程大学","黑龙江","理科",40,392.365770936603,51000,"K"
"1440",2015,"北京师范大学","北京","理科",20,991.209572490706,51000,"G"
"1441",2015,"江西理工大学","江西","理科",100,345.851827388815,51000,"K"
"1442",2015,"哈尔滨工业大学","黑龙江","理科",75,392.365770936603,51000,"I"
"1443",2015,"江西财经大学","江西","理科",90,345.851827388815,51000,"K"
"1444",2015,"中国石油大学(北京)","北京","理科",19,991.209572490706,51000,"K"
"1445",2015,"哈尔滨医科大学","黑龙江","理科",27,392.365770936603,51000,"K"
"1446",2015,"北京外国语大学","北京","理科",8,991.209572490706,51000,"G"
"1447",2015,"中国海洋大学","山东","理科",114,607.075186433752,51000,"J"
"1448",2015,"对外经济贸易大学","北京","理科",49,991.209572490706,51000,"G"
"1449",2015,"济南大学","山东","理科",100,607.075186433752,51000,"K"
"1450",2015,"哈尔滨工业大学(威海)","山东","理科",42,607.075186433752,51000,"J"
"1451",2015,"河北工业大学","河北","理科",20,398.444609967497,51000,"K"
"1452",2015,"东北大学秦皇岛分校","河北","理科",67,398.444609967497,51000,"K"
"1453",2015,"华北电力大学(保定)","河北","理科",82,398.444609967497,51000,"K"
"1454",2015,"燕山大学","河北","理科",54,398.444609967497,51000,"K"
"1455",2015,"中南林业科技大学","湖南","理科",94,401.491168175746,51000,"K"
"1456",2015,"河南大学","河南","理科",94,370.277448071217,51000,"K"
"1457",2015,"长春理工大学","吉林","理科",150,501.591933139535,51000,"K"
"1458",2015,"郑州大学","河南","理科",46,370.277448071217,51000,"K"
"1459",2015,"东北师范大学","吉林","理科",25,501.591933139535,51000,"K"
"1460",2015,"延边大学","吉林","理科",8,501.591933139535,51000,"K"
"1461",2015,"西南财经大学","四川","理科",48,350.573218673219,51000,"I"
"1462",2015,"西南交通大学","四川","理科",121,350.573218673219,51000,"J"
"1463",2015,"浙江大学","浙江","理科",86,729.003267973856,51000,"E"
"1464",2015,"暨南大学","广东","理科",1419,632.15441999254,51000,"I"
"1465",2015,"西南政法大学(中外合作办学专业)","四川","理科",4,350.573218673219,51000,"J"
"1466",2015,"西南财经大学(中外合作办学专业)","四川","理科",8,350.573218673219,51000,"K"
"1467",2015,"广东海洋大学","广东","理科",1311,632.15441999254,51000,"K"
"1468",2015,"四川大学","四川","理科",107,350.573218673219,51000,"I"
"1469",2015,"电子科技大学","四川","理科",135,350.573218673219,51000,"I"
"1470",2015,"福建师范大学","福建","理科",52,632.048344718865,51000,"K"
"1471",2015,"南京大学","江苏","理科",75,817.692462311558,51000,"F"
"1472",2015,"电子科技大学(沙河校区)","四川","理科",55,350.573218673219,51000,"J"
"1473",2015,"武汉理工大学","湖北","理科",209,470.547455295736,51000,"J"
"1474",2015,"成都理工大学","四川","理科",64,350.573218673219,51000,"K"
"1475",2015,"华南农业大学","广东","理科",4996,632.15441999254,51000,"K"
"1476",2015,"武汉大学","湖北","理科",198,470.547455295736,51000,"H"
"1477",2015,"南开大学","天津","理科",53,1036.41858932103,51000,"G"
"1478",2015,"天津大学","天津","理科",57,1036.41858932103,51000,"I"
"1479",2015,"石家庄铁道大学","黑龙江","理科",13,392.365770936603,51000,"K"
"1480",2015,"天津财经大学","天津","理科",30,1036.41858932103,51000,"J"
"1481",2015,"安徽医科大学","安徽","理科",8,342.737958244287,51000,"K"
"1482",2015,"湘潭大学","湖南","理科",20,401.491168175746,51000,"K"
"1483",2015,"中国科学技术大学","安徽","理科",30,342.737958244287,51000,"E"
"1484",2015,"合肥工业大学","安徽","理科",90,342.737958244287,51000,"K"
"1485",2015,"安徽大学","安徽","理科",25,342.737958244287,51000,"K"
"1486",2015,"合肥工业大学(宣城校区)","安徽","理科",64,342.737958244287,51000,"K"
"1487",2015,"深圳大学","广东","理科",2017,632.15441999254,51000,"J"
"1488",2015,"山东大学","山东","理科",99,607.075186433752,51000,"J"
"1489",2015,"西南政法大学(中外合作办学专业)","重庆","理科",4,476.944165830826,51000,"J"
"1490",2015,"广西医科大学","广西","理科",15,329.679638199411,51000,"K"
"1491",2015,"山东大学威海分校","山东","理科",62,607.075186433752,51000,"K"
"1492",2015,"湖南中医药大学","湖南","理科",3,401.491168175746,51000,"K"
"1493",2015,"中国石油大学(华东)","山东","理科",60,607.075186433752,51000,"K"
"1494",2015,"南华大学","湖南","理科",180,401.491168175746,51000,"K"
"1495",2015,"中国矿业大学","江苏","理科",118,817.692462311558,51000,"K"
"1496",2015,"太原理工大学","山西","理科",30,349.765350877193,51000,"K"
"1497",2015,"中南大学","湖南","理科",280,401.491168175746,51000,"I"
"1498",2015,"西北农林科技大学","陕西","理科",28,468.607682119205,51000,"K"
"1499",2015,"广东医学院","广东","理科",688,632.15441999254,51000,"K"
"1500",2015,"广州大学","广东","理科",3228,632.15441999254,51000,"K"
"1501",2015,"西安外国语大学","陕西","理科",13,468.607682119205,51000,"K"
"1502",2015,"广东工业大学","广东","理科",6792,632.15441999254,51000,"K"
"1503",2015,"华侨大学","福建","理科",166,632.048344718865,51000,"K"
"1504",2015,"中国药科大学","江苏","理科",24,817.692462311558,51000,"J"
"1505",2015,"南方医科大学","广东","理科",1522,632.15441999254,51000,"K"
"1506",2015,"厦门大学(中外合作办学专业)","福建","理科",16,632.048344718865,51000,"J"
"1507",2015,"西安理工大学","陕西","理科",36,468.607682119205,51000,"K"
"1508",2015,"福州大学","福建","理科",20,632.048344718865,51000,"K"
"1509",2015,"江南大学","江苏","理科",53,817.692462311558,51000,"K"
"1510",2015,"南京航空航天大学","江苏","理科",67,817.692462311558,51000,"J"
"1511",2015,"华南师范大学","广东","理科",1779,632.15441999254,51000,"J"
"1512",2015,"西安交通大学","陕西","理科",44,468.607682119205,51000,"I"
"1513",2015,"贵州大学","贵州","理科",6,263.711801596351,51000,"K"
"1514",2015,"华南师范大学(中外合作办学专业)","广东","理科",20,632.15441999254,51000,"K"
"1515",2015,"西北大学","陕西","理科",12,468.607682119205,51000,"K"
"1516",2015,"辽宁大学","辽宁","理科",14,651.937599635618,51000,"K"
"1517",2015,"东北石油大学","黑龙江","理科",46,392.365770936603,51000,"K"
"1518",2015,"黑龙江大学","黑龙江","理科",61,392.365770936603,51000,"K"
"1519",2015,"中南财经政法大学","湖北","理科",126,470.547455295736,51000,"J"
"1520",2015,"中山大学","广东","理科",2656,632.15441999254,51000,"H"
"1521",2015,"广东外语外贸大学","广东","理科",1858,632.15441999254,51000,"J"
"1522",2015,"哈尔滨理工大学","黑龙江","理科",121,392.365770936603,51000,"K"
"1523",2015,"东北财经大学(中外合作办学专业)","辽宁","理科",10,651.937599635618,51000,"K"
"1524",2015,"西南政法大学","重庆","理科",38,476.944165830826,51000,"J"
"1525",2015,"南昌大学","江西","理科",74,345.851827388815,51000,"K"
"1526",2015,"辽宁工程技术大学","辽宁","理科",18,651.937599635618,51000,"K"
"1527",2015,"华东交通大学","江西","理科",59,345.851827388815,51000,"K"
"1528",2015,"湖南农业大学","湖南","理科",130,401.491168175746,51000,"K"
"1529",2015,"石家庄铁道大学","河北","理科",13,398.444609967497,51000,"K"
"1530",2015,"汕头大学(汕头大学医)","广东","理科",240,632.15441999254,51000,"K"
"1531",2015,"湖南大学","湖南","理科",215,401.491168175746,51000,"J"
"1532",2015,"湖南师范大学","湖南","理科",39,401.491168175746,51000,"K"
"1533",2015,"新疆医科大学","新疆","理科",1,403.137510879025,51000,"K"
"1534",2015,"南京信息工程大学","江苏","理科",26,817.692462311558,51000,"K"
"1535",2015,"厦门大学","福建","理科",107,632.048344718865,51000,"I"
"1536",2015,"河海大学","江苏","理科",106,817.692462311558,51000,"J"
"1537",2015,"陕西科技大学","陕西","理科",15,468.607682119205,51000,"K"
"1538",2015,"湖南科技大学","湖南","理科",72,401.491168175746,51000,"K"
"1539",2015,"南京工业大学","江苏","理科",30,817.692462311558,51000,"K"
"1540",2015,"西北工业大学","陕西","理科",41,468.607682119205,51000,"J"
"1541",2015,"兰州大学","甘肃","理科",80,263.808182169047,51000,"J"
"1542",2015,"温州医科大学","浙江","理科",16,729.003267973856,51000,"K"
"1543",2015,"南京林业大学","江苏","理科",80,817.692462311558,51000,"K"
"1544",2015,"重庆大学","重庆","理科",104,476.944165830826,51000,"J"
"1545",2015,"西安电子科技大学","陕西","理科",112,468.607682119205,51000,"J"
"1546",2015,"南京邮电大学","江苏","理科",109,817.692462311558,51000,"K"
"1547",2015,"海南大学","海南","理科",71,387.676633444075,51000,"K"
"1548",2015,"陕西师范大学","陕西","理科",81,468.607682119205,51000,"K"
"1549",2015,"长安大学","陕西","理科",90,468.607682119205,51000,"K"
"1550",2015,"南京农业大学","江苏","理科",77,817.692462311558,51000,"K"
"1551",2015,"武汉工程大学","湖北","理科",34,470.547455295736,51000,"K"
"1552",2015,"东北农业大学","黑龙江","理科",24,392.365770936603,51000,"K"
"1553",2015,"浙江理工大学","浙江","理科",130,729.003267973856,51000,"K"
"1554",2015,"华中师范大学","湖北","理科",71,470.547455295736,51000,"K"
"1555",2015,"浙江大学医学","浙江","理科",20,729.003267973856,51000,"I"
"1556",2015,"东北大学(中外合作办学专业)","辽宁","理科",15,651.937599635618,51000,"K"
"1557",2015,"大连理工大学(盘锦校区)","辽宁","理科",15,651.937599635618,51000,"K"
"1558",2015,"长沙理工大学","湖南","理科",161,401.491168175746,51000,"K"
"1559",2015,"华中科技大学","湖北","理科",157,470.547455295736,51000,"I"
"1560",2015,"西安建筑科技大学","陕西","理科",19,468.607682119205,51000,"K"
"1561",2015,"大连理工大学","辽宁","理科",52,651.937599635618,51000,"J"
"1562",2015,"东北林业大学","黑龙江","理科",24,392.365770936603,51000,"K"
