"","Year","UniversityNo","Ranking_Scores","Province","Topic","Media_Impact","Plan_Number","GDP_Per_Person","X1A_Number","Level"
"1",2010,10246,55.83,"上海","文科",0.452674897119342,15,680.747321629064,10869,9
"2",2010,10272,5.3,"上海","文科",0.0781893004115226,9,680.747321629064,10869,29
"3",2010,10520,5.94,"湖北","文科",0.0448559670781893,100,226.592657342657,10869,47
"4",2010,10269,21.11,"上海","文科",0.103292181069959,4,680.747321629064,10869,46
"5",2010,10271,2.94,"上海","文科",0.0322633744855967,8,680.747321629064,10869,31
"6",2010,11415,11.73,"北京","文科",0.0415637860082304,4,653.387096774194,10869,52
"7",2010,10293,1.48,"江苏","文科",NA,3,441.179426726531,10869,58
"8",2010,10300,1.12,"江苏","文科",NA,8,441.179426726531,10869,59
"9",2010,10307,8.61,"江苏","文科",NA,10,441.179426726531,10869,58
"10",2010,10006,22.14,"北京","文科",0.104115226337449,3,653.387096774194,10869,46
"11",2010,10280,7.78,"上海","文科",0.0596707818930041,5,680.747321629064,10869,50
"12",2010,10533,28.22,"湖南","文科",0.0691358024691358,22,203.866531376834,10869,54
"13",2010,10285,9.13,"江苏","文科",0.0335802469135802,6,441.179426726531,10869,52
"14",2010,10657,4.55,"贵州","文科",NA,6,110.621430590896,10869,59
"15",2010,10126,5.56,"内蒙古","文科",NA,4,396.231826280805,10869,59
"16",2010,10036,3.85,"北京","文科",0.0502057613168724,32,653.387096774194,10869,28
"17",2010,10030,3.77,"北京","文科",0.0388065843621399,8,653.387096774194,10869,19
"18",2010,10295,5.45,"江苏","文科",NA,21,441.179426726531,10869,58
"19",2010,10002,37.31,"北京","文科",0.539094650205761,37,653.387096774194,10869,11
"20",2010,10003,95.06,"北京","文科",0.827160493827161,2,653.387096774194,10869,1
"21",2010,10043,1.87,"北京","文科",0.0617283950617284,7,653.387096774194,10869,58
"22",2010,10403,7.42,"江西","文科",0.042798353909465,20,172.719019206467,10869,58
"23",2010,10032,1.57,"北京","文科",0.0269958847736626,15,653.387096774194,10869,40
"24",2010,10079,4.46,"河北","文科",NA,4,245.017059024224,10869,59
"25",2010,10010,7.18,"北京","文科",NA,8,653.387096774194,10869,57
"26",2010,10183,37.23,"吉林","文科",0.0740740740740741,10,265.691445675385,10869,56
"27",2010,10504,10.88,"湖北","文科",0.0330452674897119,12,226.592657342657,10869,59
"28",2010,10107,NA,"黑龙江","文科",NA,1,224.437468799088,10869,57
"29",2010,10107,NA,"河北","文科",NA,1,245.017059024224,10869,57
"30",2010,10007,17.15,"北京","文科",0.094238683127572,4,653.387096774194,10869,44
"31",2010,10459,8.89,"河南","文科",0.0613168724279835,12,205.337380956145,10869,59
"32",2010,10335,53.16,"浙江","文科",0.240740740740741,12,435.794711401763,10869,22
"33",2010,10053,6.2,"北京","文科",0.193004115226337,48,653.387096774194,10869,32
"34",2010,10651,4.55,"四川","文科",0.0806584362139918,25,172.892852779475,10869,50
"35",2010,10589,4.76,"海南","文科",0.035761316872428,49,191.443980233083,10869,59
"36",2010,10497,8.75,"湖北","文科",0.0347325102880658,16,226.592657342657,10869,57
"37",2010,10613,9.77,"四川","文科",0.0267489711934156,4,172.892852779475,10869,57
"38",2010,10140,4.8,"辽宁","文科",NA,41,350.437687168855,10869,59
"39",2010,10173,3.32,"辽宁","文科",NA,20,350.437687168855,10869,49
"40",2010,10530,4.67,"湖南","文科",NA,27,203.866531376834,10869,59
"41",2010,10055,30.09,"天津","文科",0.160082304526749,10,612.448703751954,10869,30
"42",2010,10033,4.01,"北京","文科",0.0893004115226337,9,653.387096774194,10869,40
"43",2010,10070,1.22,"天津","文科",NA,20,612.448703751954,10869,50
"44",2010,10487,33.15,"湖北","文科",0.0888888888888889,24,226.592657342657,10869,46
"45",2010,10054,4.46,"北京","文科",NA,9,653.387096774194,10869,55
"46",2010,10486,40.14,"湖北","文科",0.179423868312757,30,226.592657342657,10869,37
"47",2010,10005,7.95,"北京","文科",0.0637860082304527,2,653.387096774194,10869,57
"48",2010,10004,9.94,"北京","文科",0.0406995884773663,4,653.387096774194,10869,42
"49",2010,11846,1.5,"广东","文科",NA,2024,389.751600745512,10869,55
"50",2010,10385,1.3,"福建","文科",0.0388477366255144,44,333.784233496999,10869,59
"51",2010,10031,NA,"北京","文科",NA,13,653.387096774194,10869,44
"52",2010,19422,28.98,"山东","文科",0.0888888888888889,12,357.925831283064,10869,59
"53",2010,10574,6.53,"广东","文科",0.0477366255144033,1347,389.751600745512,10869,58
"54",2010,10572,2.95,"广东","文科",NA,576,389.751600745512,10869,59
"55",2010,10052,6.21,"北京","文科",0.0489711934156379,8,653.387096774194,10869,56
"56",2010,10423,11.65,"山东","文科",0.0330864197530864,20,357.925831283064,10869,54
"57",2010,10022,7.21,"北京","文科",0.0323456790123457,16,653.387096774194,10869,59
"58",2010,10001,100,"北京","文科",1,12,653.387096774194,10869,1
"59",2010,10699,18.09,"陕西","文科",NA,4,219.205795546016,10869,59
"60",2010,10561,16.15,"广东","文科",0.0736625514403292,203,389.751600745512,10869,54
"61",2010,10034,5.38,"北京","文科",0.258024691358025,17,653.387096774194,10869,29
"62",2010,10511,11.77,"湖北","文科",0.0481481481481481,17,226.592657342657,10869,54
"63",2010,10730,14.36,"甘肃","文科",0.0493827160493827,12,132.590189086895,10869,55
"64",2010,10384,26.4,"福建","文科",0.118930041152263,22,333.784233496999,10869,40
"65",2010,10184,3.17,"吉林","文科",NA,4,265.691445675385,10869,59
"66",2010,10558,32.72,"广东","文科",0.226748971193416,940,389.751600745512,10869,45
"67",2010,10635,9.33,"重庆","文科",0.0633744855967078,13,228.401888772298,10869,57
"68",2010,10290,10.77,"江苏","文科",NA,12,441.179426726531,10869,56
"69",2010,10200,10.93,"吉林","文科",0.03,4,265.691445675385,10869,59
"70",2010,10357,5.11,"安徽","文科",NA,10,164.130158212363,10869,59
"71",2010,10559,7.1,"广东","文科",0.0650205761316872,649,389.751600745512,10869,49
"72",2010,10610,34.18,"四川","文科",0.121399176954733,16,172.892852779475,10869,49
"73",2010,10151,3.38,"辽宁","文科",NA,14,350.437687168855,10869,56
"74",2010,10422,28.98,"山东","文科",0.0888888888888889,19,357.925831283064,10869,46
"75",2010,10491,11.73,"湖北","文科",0.0415637860082304,12,226.592657342657,10869,57
"76",2010,10712,8.9,"陕西","文科",NA,6,219.205795546016,10869,59
"77",2010,10564,5.58,"广东","文科",0.0346090534979424,1608,389.751600745512,10869,59
"78",2010,10294,8.16,"江苏","文科",NA,11,441.179426726531,10869,58
"79",2010,10213,28.32,"黑龙江","文科",0.0555555555555556,2,224.437468799088,10869,53
"80",2010,10611,15.33,"重庆","文科",0.060082304526749,12,228.401888772298,10869,54
"81",2010,10284,43.99,"江苏","文科",0.155555555555556,17,441.179426726531,10869,21
"82",2010,12121,5.29,"广东","文科",NA,200,389.751600745512,10869,59
"83",2010,10718,5.82,"陕西","文科",NA,10,219.205795546016,10869,59
"84",2010,10532,13.84,"湖南","文科",0.0576131687242798,23,203.866531376834,10869,52
"85",2010,10359,7.12,"安徽","文科",NA,6,164.130158212363,10869,59
"86",2010,10225,5.46,"黑龙江","文科",NA,3,224.437468799088,10869,53
"87",2010,10703,2.72,"陕西","文科",NA,2,219.205795546016,10869,59
"88",2010,10710,7.86,"陕西","文科",NA,4,219.205795546016,10869,59
"89",2010,10542,8.28,"湖南","文科",0.0309053497942387,22,203.866531376834,10869,57
"90",2010,10697,11.58,"陕西","文科",0.0477366255144033,2,219.205795546016,10869,58
"91",2010,10652,3.81,"重庆","文科",0.0306172839506173,65,228.401888772298,10869,49
"92",2010,10560,1.81,"广东","文科",NA,354,389.751600745512,10869,59
"93",2010,10724,NA,"陕西","文科",NA,13,219.205795546016,10869,55
"233",2011,10248,43.63,"上海","文科",0.246558704453441,1,745.484787159199,10919,1
"234",2011,10280,8.18,"上海","文科",0.0615384615384615,3,745.484787159199,10919,45
"235",2011,10589,4.75,"海南","文科",0.0353036437246964,53,237.695008922918,10919,59
"236",2011,10004,10.87,"北京","文科",0.0404858299595142,5,719.383250930221,10919,46
"237",2011,10593,4.7,"广西","文科",0.0265991902834008,4,207.588937093275,10919,59
"238",2011,10019,20,"北京","文科",0.108906882591093,5,719.383250930221,10919,55
"239",2011,10290,11.94,"江苏","文科",NA,8,526.416192463409,10919,59
"240",2011,10271,2.8,"上海","文科",0.0293927125506073,9,745.484787159199,10919,31
"241",2011,10294,8.44,"江苏","文科",NA,13,526.416192463409,10919,56
"242",2011,10300,1.15,"江苏","文科",NA,6,526.416192463409,10919,59
"243",2011,10272,5.45,"上海","文科",0.0744939271255061,10,745.484787159199,10919,27
"244",2011,10316,3.46,"江苏","文科",NA,2,526.416192463409,10919,59
"245",2011,10276,1.33,"上海","文科",0.0293117408906883,23,745.484787159199,10919,51
"246",2011,10246,54.89,"上海","文科",0.469635627530364,16,745.484787159199,10919,8
"247",2011,10284,42.47,"江苏","文科",0.155060728744939,18,526.416192463409,10919,21
"248",2011,10022,7.66,"北京","文科",NA,17,719.383250930221,10919,56
"249",2011,10486,41.07,"湖北","文科",0.269230769230769,38,278.768311879247,10919,38
"250",2011,10036,3.85,"北京","文科",0.0481781376518219,33,719.383250930221,10919,30
"251",2011,10126,5.47,"内蒙古","文科",NA,5,472.13390610716,10919,59
"252",2011,10422,29.13,"山东","文科",0.088663967611336,21,408.536202514218,10919,46
"253",2011,10010,7.76,"北京","文科",NA,12,719.383250930221,10919,59
"254",2011,10530,4.58,"湖南","文科",NA,27,244.105264760049,10919,59
"255",2011,10293,1.45,"江苏","文科",NA,4,526.416192463409,10919,57
"256",2011,10718,5.8,"陕西","文科",NA,22,271.043641231593,10919,59
"257",2011,10030,3.65,"北京","文科",0.0320242914979757,9,719.383250930221,10919,19
"258",2011,10542,8.25,"湖南","文科",0.0302834008097166,24,244.105264760049,10919,59
"259",2011,10054,4.39,"北京","文科",NA,9,719.383250930221,10919,56
"260",2011,11415,11.82,"北京","文科",0.0359919028340081,4,719.383250930221,10919,51
"261",2011,10403,6.91,"江西","文科",0.0388259109311741,11,211.804859204515,10919,59
"262",2011,10184,2.94,"吉林","文科",NA,4,315.57489259448,10919,59
"263",2011,10385,1.64,"福建","文科",0.0312145748987854,48,399.055510425129,10919,59
"264",2011,10107,NA,"河北","文科",NA,1,283.505616103203,10919,59
"265",2011,10183,35.41,"吉林","文科",0.0680161943319838,10,315.57489259448,10919,53
"266",2011,10200,10.81,"吉林","文科",NA,10,315.57489259448,10919,59
"267",2011,10031,NA,"北京","文科",NA,9,719.383250930221,10919,48
"268",2011,10613,10.15,"四川","文科",NA,7,213.619029151315,10919,57
"269",2011,10003,94.72,"北京","文科",0.882591093117409,2,719.383250930221,10919,1
"270",2011,10005,7.54,"北京","文科",0.0325910931174089,6,719.383250930221,10919,59
"271",2011,10001,100,"北京","文科",1,12,719.383250930221,10919,1
"272",2011,11414,11.06,"北京","文科",0.059919028340081,2,719.383250930221,10919,52
"273",2011,10151,3.28,"辽宁","文科",NA,12,421.880457142857,10919,58
"274",2011,10006,21.96,"北京","文科",0.0748987854251012,3,719.383250930221,10919,37
"275",2011,10610,33.37,"四川","文科",0.139676113360324,20,213.619029151315,10919,47
"276",2011,10056,21.98,"天津","文科",0.0757085020242915,2,709.961594409254,10919,47
"277",2011,10055,29.16,"天津","文科",0.173279352226721,11,709.961594409254,10919,56
"278",2011,10034,4.6,"北京","文科",0.240890688259109,23,719.383250930221,10919,27
"279",2011,10053,5.85,"北京","文科",0.17004048582996,48,719.383250930221,10919,33
"280",2011,10497,8.82,"湖北","文科",0.042914979757085,16,278.768311879247,10919,57
"281",2011,10635,9.96,"重庆","文科",0.0603238866396761,7,274.753000395199,10919,57
"282",2011,10002,35.65,"北京","文科",0.493927125506073,35,719.383250930221,10919,12
"283",2011,10052,5.97,"北京","文科",0.0502024291497976,8,719.383250930221,10919,55
"284",2011,10007,16.6,"北京","文科",0.0765182186234818,5,719.383250930221,10919,46
"285",2011,10033,NA,"北京","文科",NA,13,719.383250930221,10919,36
"286",2011,10043,NA,"北京","文科",NA,6,719.383250930221,10919,56
"287",2011,10295,5.37,"江苏","文科",NA,23,526.416192463409,10919,57
"288",2011,10423,11.21,"山东","文科",0.0284615384615385,14,408.536202514218,10919,55
"289",2011,10504,10.24,"湖北","文科",0.030080971659919,12,278.768311879247,10919,59
"290",2011,10107,NA,"黑龙江","文科",NA,1,270.484041373733,10919,59
"291",2011,10386,5.8,"福建","文科",0.0269635627530364,4,399.055510425129,10919,59
"292",2011,10699,17.08,"陕西","文科",NA,4,271.043641231593,10919,58
"293",2011,10533,27.77,"湖南","文科",0.0761133603238866,22,244.105264760049,10919,53
"294",2011,10697,11.63,"陕西","文科",0.0449392712550607,2,271.043641231593,10919,59
"295",2011,19422,29.13,"山东","文科",0.088663967611336,18,408.536202514218,10919,57
"296",2011,10572,3.11,"广东","文科",NA,555,440.698442860509,10919,59
"297",2011,10140,4.79,"辽宁","文科",0.032914979757085,43,421.880457142857,10919,59
"298",2011,12121,5.27,"广东","文科",NA,266,440.698442860509,10919,59
"299",2011,10532,14.05,"湖南","文科",0.0663967611336032,24,244.105264760049,10919,50
"300",2011,10032,1.58,"北京","文科",NA,15,719.383250930221,10919,43
"301",2011,10730,14.61,"甘肃","文科",0.0449392712550607,26,160.968054437925,10919,58
"302",2011,10560,1.78,"广东","文科",NA,327,440.698442860509,10919,59
"303",2011,10698,26.73,"陕西","文科",0.0898785425101215,2,271.043641231593,10919,54
"304",2011,10173,3.38,"辽宁","文科",NA,20,421.880457142857,10919,59
"305",2011,10335,52.91,"浙江","文科",0.261133603238866,16,508.992180313632,10919,18
"306",2011,10574,6.61,"广东","文科",0.0522267206477733,1265,440.698442860509,10919,56
"307",2011,10384,26.03,"福建","文科",0.17085020242915,25,399.055510425129,10919,42
"308",2011,10225,5.11,"黑龙江","文科",NA,3,270.484041373733,10919,59
"309",2011,10724,NA,"陕西","文科",NA,19,271.043641231593,10919,56
"310",2011,10652,3.77,"重庆","文科",0.0389878542510121,67,274.753000395199,10919,53
"311",2011,10559,7.36,"广东","文科",0.0680161943319838,601,440.698442860509,10919,45
"312",2011,10651,4.34,"四川","文科",0.0518218623481781,24,213.619029151315,10919,48
"313",2011,11846,1.47,"广东","文科",0.0279757085020243,1993,440.698442860509,10919,53
"314",2011,10561,16.47,"广东","文科",0.0748987854251012,205,440.698442860509,10919,49
"315",2011,10564,6.25,"广东","文科",0.0404858299595142,1499,440.698442860509,10919,59
"316",2011,10070,1.39,"天津","文科",NA,18,709.961594409254,10919,53
"317",2011,10611,15.19,"重庆","文科",0.0712550607287449,10,274.753000395199,10919,52
"318",2011,10359,7.28,"安徽","文科",NA,10,207.486192019071,10919,59
"319",2011,10491,11.82,"湖北","文科",0.0359919028340081,16,278.768311879247,10919,58
"320",2011,10357,5,"安徽","文科",NA,10,207.486192019071,10919,58
"321",2011,10558,33.78,"广东","文科",0.259514170040486,925,440.698442860509,10919,40
"322",2011,10511,11.7,"湖北","文科",0.0643724696356275,17,278.768311879247,10919,56
"323",2011,10657,5,"贵州","文科",NA,2,132.283989652199,10919,59
"324",2011,10079,4.39,"河北","文科",NA,4,283.505616103203,10919,59
"325",2011,10459,8.94,"河南","文科",0.0672064777327935,10,245.520532200943,10919,58
"326",2011,10285,8.57,"江苏","文科",0.0274898785425101,6,526.416192463409,10919,55
"327",2011,10487,33.77,"湖北","文科",0.116599190283401,22,278.768311879247,10919,54
"328",2011,10520,5.78,"湖北","文科",0.0493927125506073,97,278.768311879247,10919,48
"472",2012,10248,42.52,"上海","文科",0.165558912386707,1,817.721707718129,10000,26
"473",2012,10459,8.58,"河南","文科",0.0673716012084592,26,286.859198316191,10000,59
"474",2012,10269,21.25,"上海","文科",0.0894259818731118,8,817.721707718129,10000,45
"475",2012,10558,33.77,"广东","文科",0.250453172205438,914,506.523369823893,10000,41
"476",2012,10280,8.16,"上海","文科",0.0719033232628399,3,817.721707718129,10000,54
"477",2012,10593,4.94,"广西","文科",0.0269788519637462,5,252.333046286329,10000,59
"478",2012,10272,5.92,"上海","文科",0.0676737160120846,11,817.721707718129,10000,32
"479",2012,10755,5.48,"新疆","文科",NA,2,299.271973233245,10000,59
"480",2012,10487,34.56,"湖北","文科",0.150151057401813,19,340.956234803751,10000,50
"481",2012,10276,1.3,"上海","文科",0.0256495468277946,23,817.721707718129,10000,49
"482",2012,10271,2.86,"上海","文科",0.0283987915407855,5,817.721707718129,10000,36
"483",2012,10290,12.25,"江苏","文科",0.0241087613293051,2,621.743376782527,10000,59
"484",2012,10300,1.24,"江苏","文科",NA,6,621.743376782527,10000,59
"485",2012,10291,4.77,"江苏","文科",0.0241087613293051,9,621.743376782527,10000,59
"486",2012,10246,55.57,"上海","文科",0.453172205438066,12,817.721707718129,10000,6
"487",2012,10034,4.9,"北京","文科",0.242900302114804,23,805.108986426236,10000,30
"488",2012,10284,42.9,"江苏","文科",0.169184290030211,16,621.743376782527,10000,20
"489",2012,10019,19.6,"北京","文科",0.0921148036253776,5,805.108986426236,10000,54
"490",2012,10052,5.92,"北京","文科",0.0374622356495468,7,805.108986426236,10000,51
"491",2012,10003,96.18,"北京","文科",0.898972809667674,4,805.108986426236,10000,1
"492",2012,10126,5.82,"内蒙古","文科",NA,6,578.628445708806,10000,59
"493",2012,10031,NA,"北京","文科",NA,11,805.108986426236,10000,47
"494",2012,10294,8.95,"江苏","文科",NA,8,621.743376782527,10000,56
"495",2012,10054,4.6,"北京","文科",NA,8,805.108986426236,10000,55
"496",2012,11414,11.26,"北京","文科",0.0537764350453172,3,805.108986426236,10000,52
"497",2012,11415,11.85,"北京","文科",0.0368580060422961,4,805.108986426236,10000,54
"498",2012,10295,6.11,"江苏","文科",NA,8,621.743376782527,10000,57
"499",2012,10036,3.89,"北京","文科",0.0450151057401813,33,805.108986426236,10000,34
"500",2012,19002,36.61,"江苏","文科",0.578851963746224,6,621.743376782527,10000,46
"501",2012,10285,8.61,"江苏","文科",0.027583081570997,8,621.743376782527,10000,52
"502",2012,10293,1.76,"江苏","文科",NA,4,621.743376782527,10000,59
"503",2012,10335,56.1,"浙江","文科",0.25226586102719,16,591.595277320154,10000,16
"504",2012,10004,10.66,"北京","文科",0.0537764350453172,5,805.108986426236,10000,42
"505",2012,10403,6.61,"江西","文科",0.040785498489426,10,260.732651080943,10000,58
"506",2012,10006,21.85,"北京","文科",0.0628398791540786,3,805.108986426236,10000,37
"507",2012,10200,11.08,"吉林","文科",0.024833836858006,4,384.403562946232,10000,59
"508",2012,10079,4.6,"河北","文科",NA,4,338.591618546207,10000,59
"509",2012,10140,4.75,"辽宁","文科",NA,45,507.111567419576,10000,59
"510",2012,10030,3.61,"北京","文科",0.0371601208459214,8,805.108986426236,10000,55
"511",2012,10002,36.61,"北京","文科",0.578851963746224,36,805.108986426236,10000,17
"512",2012,10033,NA,"北京","文科",NA,19,805.108986426236,10000,39
"513",2012,10613,10.33,"四川","文科",0.0277039274924471,6,261.20099378882,10000,56
"514",2012,10022,8.11,"北京","文科",0.0240483383685801,12,805.108986426236,10000,56
"515",2012,10491,11.85,"湖北","文科",0.0368580060422961,14,340.956234803751,10000,58
"516",2012,10533,27.62,"湖南","文科",0.0645015105740181,20,298.22245133119,10000,53
"517",2012,10184,2.98,"吉林","文科",NA,4,384.403562946232,10000,59
"518",2012,10053,6.45,"北京","文科",0.167673716012085,43,805.108986426236,10000,37
"519",2012,10070,1.51,"天津","文科",NA,15,834.744348801843,10000,53
"520",2012,10043,NA,"北京","文科",NA,6,805.108986426236,10000,57
"521",2012,10010,8.53,"北京","文科",NA,10,805.108986426236,10000,57
"522",2012,10718,5.97,"陕西","文科",NA,20,334.285332620892,10000,59
"523",2012,12121,4.36,"广东","文科",NA,60,506.523369823893,10000,59
"524",2012,10561,16.73,"广东","文科",0.0830815709969789,258,506.523369823893,10000,49
"525",2012,10032,1.48,"北京","文科",NA,15,805.108986426236,10000,48
"526",2012,10001,100,"北京","文科",1,12,805.108986426236,10000,1
"527",2012,10652,3.71,"重庆","文科",0.0401812688821752,70,342.972593353888,10000,51
"528",2012,10574,6.64,"广东","文科",0.0504531722054381,1192,506.523369823893,10000,57
"529",2012,10611,14.47,"重庆","文科",0.0719033232628399,11,342.972593353888,10000,52
"530",2012,10055,27.84,"天津","文科",0.152296072507553,12,834.744348801843,10000,41
"531",2012,10423,11.11,"山东","文科",0.0311178247734139,18,470.691907563034,10000,54
"532",2012,10005,7.47,"北京","文科",0.0380664652567976,4,805.108986426236,10000,57
"533",2012,10183,33.68,"吉林","文科",0.075226586102719,12,384.403562946232,10000,49
"534",2012,10007,15.14,"北京","文科",0.0767371601208459,5,805.108986426236,10000,45
"535",2012,10384,25.42,"福建","文科",0.146525679758308,23,472.047849462366,10000,41
"536",2012,10530,4.36,"湖南","文科",0.0240785498489426,25,298.22245133119,10000,59
"537",2012,10151,3.37,"辽宁","文科",NA,14,507.111567419576,10000,56
"538",2012,10532,13.92,"湖南","文科",0.0564954682779456,23,298.22245133119,10000,49
"539",2012,10564,6.15,"广东","文科",0.0323262839879154,1423,506.523369823893,10000,59
"540",2012,10572,3.16,"广东","文科",NA,578,506.523369823893,10000,59
"541",2012,10651,4.45,"四川","文科",0.0380664652567976,24,261.20099378882,10000,46
"542",2012,10225,5.02,"黑龙江","文科",NA,3,328.168158142519,10000,59
"543",2012,10560,1.66,"广东","文科",NA,303,506.523369823893,10000,59
"544",2012,10730,13.82,"甘肃","文科",0.0522658610271903,26,195.787753637601,10000,56
"545",2012,10386,5.91,"福建","文科",0.0263746223564955,4,472.047849462366,10000,59
"546",2012,10589,4.76,"海南","文科",0.0435045317220544,52,287.521940322323,10000,59
"547",2012,10520,5.87,"湖北","文科",0.0492447129909366,100,340.956234803751,10000,56
"548",2012,10422,27.49,"山东","文科",0.102719033232628,25,470.691907563034,10000,59
"549",2012,10698,26.43,"陕西","文科",0.0667673716012085,2,334.285332620892,10000,45
"550",2012,10486,39.37,"湖北","文科",0.222356495468278,38,340.956234803751,10000,43
"551",2012,19422,27.49,"山东","文科",0.102719033232628,20,470.691907563034,10000,58
"552",2012,10610,32.23,"四川","文科",0.136253776435045,16,261.20099378882,10000,46
"553",2012,10635,10.52,"重庆","文科",0.0525679758308157,6,342.972593353888,10000,56
"554",2012,10173,3.18,"辽宁","文科",NA,21,507.111567419576,10000,53
"555",2012,10657,4.92,"贵州","文科",NA,6,164.365523205535,10000,59
"556",2012,10712,8.48,"陕西","文科",NA,4,334.285332620892,10000,59
"557",2012,10699,15.62,"陕西","文科",0.0246525679758308,2,334.285332620892,10000,56
"558",2012,10559,8.2,"广东","文科",0.0803625377643505,547,506.523369823893,10000,47
"559",2012,10511,11.86,"湖北","文科",0.0664652567975831,24,340.956234803751,10000,55
"560",2012,10542,8.22,"湖南","文科",0.0335347432024169,24,298.22245133119,10000,58
"561",2012,10385,1.78,"福建","文科",0.0344410876132931,47,472.047849462366,10000,59
"562",2012,10724,NA,"陕西","文科",NA,18,334.285332620892,10000,56
"563",2012,10316,3.4,"江苏","文科",NA,2,621.743376782527,10000,57
"564",2012,11846,1.37,"广东","文科",0.028036253776435,1940,506.523369823893,10000,56
"565",2012,10357,4.75,"安徽","文科",0.0264350453172205,16,256.378183646113,10000,59
"566",2012,10700,3.26,"陕西","文科",NA,8,334.285332620892,10000,59
"567",2012,10504,10.73,"湖北","文科",0.0308157099697885,16,340.956234803751,10000,59
"568",2012,10697,11.59,"陕西","文科",0.0486404833836858,2,334.285332620892,10000,56
"569",2012,10497,9.11,"湖北","文科",0.0344410876132931,16,340.956234803751,10000,57
"716",2013,10246,55.87,"上海","文科",0.489051094890511,15,847.818251324341,12924,5
"717",2013,10225,4.21,"黑龙江","文科",NA,4,357.105820492222,12924,59
"718",2013,10613,9.61,"四川","文科",0.0277372262773723,12,295.594462742379,12924,58
"719",2013,10276,1.42,"上海","文科",0.0257907542579075,26,847.818251324341,12924,46
"720",2013,10055,27.91,"天津","文科",0.157177615571776,18,912.42118671054,12924,38
"721",2013,10272,5.15,"上海","文科",0.0695863746958637,13,847.818251324341,12924,31
"722",2013,10558,37.85,"广东","文科",0.253041362530414,837,538.681517840287,12924,37
"723",2013,10034,4.46,"北京","文科",0.245742092457421,28,864.031314937418,12924,55
"724",2013,10593,4.79,"广西","文科",0.0272506082725061,6,278.408799658266,12924,59
"725",2013,10031,NA,"北京","文科",NA,13,864.031314937418,12924,42
"726",2013,10280,9.21,"上海","文科",0.070316301703163,3,847.818251324341,12924,46
"727",2013,10052,5.22,"北京","文科",0.0369829683698297,11,864.031314937418,12924,52
"728",2013,10036,3.88,"北京","文科",0.0457420924574209,38,864.031314937418,12924,56
"729",2013,10290,10.71,"江苏","文科",0.0233576642335766,2,682.555006452037,12924,56
"730",2013,10007,14.04,"北京","文科",0.0778588807785888,8,864.031314937418,12924,59
"731",2013,10294,8.33,"江苏","文科",NA,10,682.555006452037,12924,56
"732",2013,10269,18.73,"上海","文科",0.0912408759124088,8,847.818251324341,12924,39
"733",2013,10486,37.06,"湖北","文科",0.219951338199513,41,385.022495241391,12924,35
"734",2013,10271,2.53,"上海","文科",0.0279805352798054,4,847.818251324341,12924,44
"735",2013,10248,47.62,"上海","文科",0.165693430656934,1,847.818251324341,12924,1
"736",2013,10316,3.42,"江苏","文科",NA,2,682.555006452037,12924,55
"737",2013,10030,3.22,"北京","文科",0.0360097323600973,7,864.031314937418,12924,24
"738",2013,10006,19.81,"北京","文科",0.0600973236009732,3,864.031314937418,12924,38
"739",2013,10001,100,"北京","文科",1,18,864.031314937418,12924,1
"740",2013,10403,6.38,"江西","文科",0.0413625304136253,14,287.501669929704,12924,59
"741",2013,10010,8.77,"北京","文科",NA,12,864.031314937418,12924,57
"742",2013,10003,96.81,"北京","文科",0.975669099756691,4,864.031314937418,12924,1
"743",2013,10043,NA,"北京","文科",NA,10,864.031314937418,12924,59
"744",2013,10054,4.44,"北京","文科",NA,10,864.031314937418,12924,59
"745",2013,10307,9.16,"江苏","文科",NA,2,682.555006452037,12924,59
"746",2013,10291,4.46,"江苏","文科",0.0230170316301703,10,682.555006452037,12924,59
"747",2013,10542,7.79,"湖南","文科",0.0326034063260341,26,333.701816407162,12924,55
"748",2013,10002,28.36,"北京","文科",0.557177615571776,39,864.031314937418,12924,12
"749",2013,19002,28.36,"江苏","文科",0.557177615571776,6,682.555006452037,12924,37
"750",2013,10284,45.01,"江苏","文科",0.177858880778589,19,682.555006452037,12924,19
"751",2013,10300,1.59,"江苏","文科",NA,7,682.555006452037,12924,59
"752",2013,10019,18.1,"北京","文科",0.119221411192214,6,864.031314937418,12924,53
"753",2013,10589,3.99,"海南","文科",0.0454987834549878,43,322.095764480289,12924,59
"754",2013,10053,5.8,"北京","文科",0.169099756690998,55,864.031314937418,12924,55
"755",2013,10610,30,"四川","文科",0.135279805352798,16,295.594462742379,12924,45
"756",2013,10079,4.44,"河北","文科",NA,6,364.665159979197,12924,59
"757",2013,10005,6.71,"北京","文科",0.0394160583941606,6,864.031314937418,12924,59
"758",2013,10511,11.06,"湖北","文科",0.0647201946472019,39,385.022495241391,12924,52
"759",2013,10657,4.5,"贵州","文科",NA,6,196.672282703849,12924,59
"760",2013,10213,25.8,"黑龙江","文科",0.0472019464720195,6,357.105820492222,12924,57
"761",2013,10173,3.15,"辽宁","文科",NA,29,566.106858054226,12924,59
"762",2013,10022,6.85,"北京","文科",0.0228467153284672,14,864.031314937418,12924,54
"763",2013,10459,8.47,"河南","文科",0.0688564476885645,20,314.678722544705,12924,58
"764",2013,11414,9.95,"北京","文科",0.054014598540146,4,864.031314937418,12924,56
"765",2013,10423,10.18,"山东","文科",0.0304136253041363,27,516.405899098284,12924,50
"766",2013,10724,NA,"陕西","文科",NA,19,385.123367972289,12924,56
"767",2013,10032,1.11,"北京","文科",NA,19,864.031314937418,12924,46
"768",2013,10559,7.58,"广东","文科",0.0815085158150852,596,538.681517840287,12924,42
"769",2013,10359,7.89,"安徽","文科",NA,2,287.442384769539,12924,59
"770",2013,10140,4.44,"辽宁","文科",NA,50,566.106858054226,12924,59
"771",2013,10224,3.35,"黑龙江","文科",NA,21,357.105820492222,12924,59
"772",2013,10487,32.05,"湖北","文科",0.155231143552311,23,385.022495241391,12924,44
"773",2013,10635,10.32,"重庆","文科",0.0515815085158151,13,387.422750424448,12924,56
"774",2013,10611,13.76,"重庆","文科",0.0712895377128954,11,387.422750424448,12924,50
"775",2013,10004,9.31,"北京","文科",0.0532846715328467,6,864.031314937418,12924,59
"776",2013,10033,NA,"北京","文科",NA,18,864.031314937418,12924,40
"777",2013,10497,9.85,"湖北","文科",0.0347931873479319,21,385.022495241391,12924,56
"778",2013,10730,15.6,"甘肃","文科",0.0498783454987835,31,219.208162790247,12924,57
"779",2013,12121,4.73,"广东","文科",NA,58,538.681517840287,12924,59
"780",2013,10651,4.26,"四川","文科",0.0389294403892944,27,295.594462742379,12924,47
"781",2013,10712,8.02,"陕西","文科",NA,2,385.123367972289,12924,59
"782",2013,10564,5.48,"广东","文科",0.0311435523114355,1080,538.681517840287,12924,58
"783",2013,10530,3.84,"湖南","文科",0.022992700729927,25,333.701816407162,12924,59
"784",2013,10561,16.98,"广东","文科",0.0888077858880779,238,538.681517840287,12924,46
"785",2013,10184,3.16,"吉林","文科",NA,4,434.091041303083,12924,59
"786",2013,10533,26.1,"湖南","文科",0.0695863746958637,27,333.701816407162,12924,49
"787",2013,10285,8.82,"江苏","文科",0.0274939172749392,10,682.555006452037,12924,47
"788",2013,10183,34,"吉林","文科",0.072992700729927,8,434.091041303083,12924,46
"789",2013,10295,6.2,"江苏","文科",NA,5,682.555006452037,12924,53
"790",2013,10200,12.73,"吉林","文科",0.0250608272506083,13,434.091041303083,12924,57
"791",2013,10560,2.57,"广东","文科",NA,305,538.681517840287,12924,57
"792",2013,10520,5.13,"湖北","文科",0.0469586374695864,110,385.022495241391,12924,47
"793",2013,10151,3.18,"辽宁","文科",NA,16,566.106858054226,12924,59
"794",2013,10335,54.27,"浙江","文科",0.282238442822384,17,632.925506664232,12924,18
"795",2013,10574,6.15,"广东","文科",0.0496350364963504,1386,538.681517840287,12924,55
"796",2013,10386,6.4,"福建","文科",0.0257907542579075,6,525.661152614728,12924,57
"797",2013,10532,14.31,"湖南","文科",0.0549878345498783,25,333.701816407162,12924,47
"798",2013,10357,4.42,"安徽","文科",0.0265206812652068,15,287.442384769539,12924,56
"799",2013,10384,24.63,"福建","文科",0.137712895377129,27,525.661152614728,12924,37
"800",2013,10699,14.41,"陕西","文科",0.0248175182481752,4,385.123367972289,12924,56
"801",2013,11846,NA,"广东","文科",NA,1971,538.681517840287,12924,53
"802",2013,10070,1.52,"天津","文科",NA,19,912.42118671054,12924,55
"803",2013,10422,28.09,"山东","文科",0.122141119221411,28,516.405899098284,12924,48
"804",2013,10652,3.36,"重庆","文科",0.0401459854014599,69,387.422750424448,12924,48
"805",2013,10504,10.56,"湖北","文科",0.029683698296837,12,385.022495241391,12924,59
"806",2013,10491,11.87,"湖北","文科",0.0360097323600973,15,385.022495241391,12924,57
"807",2013,10385,1.95,"福建","文科",0.0335766423357664,55,525.661152614728,12924,59
"808",2013,10293,1.81,"江苏","文科",NA,23,682.555006452037,12924,59
"809",2013,10718,6.19,"陕西","文科",NA,25,385.123367972289,12924,58
"810",2013,19422,28.09,"山东","文科",0.122141119221411,22,516.405899098284,12924,54
"811",2013,10697,10.79,"陕西","文科",0.0467153284671533,2,385.123367972289,12924,53
"812",2013,10572,2.84,"广东","文科",NA,681,538.681517840287,12924,59
"813",2013,10698,25.59,"陕西","文科",0.0664233576642336,2,385.123367972289,12924,47
"967",2014,10272,62.15,"上海","文科",0.0733766233766234,16,894.442167153179,14000,33
"968",2014,10184,61.3,"吉林","文科",NA,4,471.833473873979,14000,59
"969",2014,11845,60.77,"广东","文科",0.038474025974026,1135,584.02827884254,14000,59
"970",2014,10054,62.15,"北京","文科",NA,10,922.09948931341,14000,55
"971",2014,10246,82.51,"上海","文科",0.435064935064935,21,894.442167153179,14000,7
"972",2014,10004,63.8,"北京","文科",0.0641233766233766,6,922.09948931341,14000,50
"973",2014,10264,60.43,"上海","文科",NA,26,894.442167153179,14000,59
"974",2014,10572,61.08,"广东","文科",NA,409,584.02827884254,14000,59
"975",2014,10280,63.49,"上海","文科",0.0761363636363636,2,894.442167153179,14000,38
"976",2014,10421,60.79,"江西","文科",NA,47,317.072631381091,14000,56
"977",2014,10005,62.73,"北京","文科",0.076461038961039,4,922.09948931341,14000,52
"978",2014,10285,63.79,"江苏","文科",0.0498376623376623,11,745.158064308917,14000,47
"979",2014,10559,63.04,"广东","文科",0.0930194805194805,606,584.02827884254,14000,42
"980",2014,10357,62.04,"安徽","文科",0.0368506493506493,15,315.7462934094,14000,55
"981",2014,10032,60.49,"北京","文科",NA,16,922.09948931341,14000,47
"982",2014,12121,62.04,"广东","文科",NA,38,584.02827884254,14000,57
"983",2014,10030,61.35,"北京","文科",0.0422077922077922,7,922.09948931341,14000,23
"984",2014,10338,60.86,"浙江","文科",NA,20,683.311931611495,14000,59
"985",2014,10126,62.18,"内蒙古","文科",NA,1,673.939486148758,14000,59
"986",2014,10200,65.27,"吉林","文科",0.0451298701298701,13,471.833473873979,14000,58
"987",2014,10010,63.62,"北京","文科",NA,13,922.09948931341,14000,59
"988",2014,11414,63.77,"北京","文科",NA,4,922.09948931341,14000,57
"989",2014,10284,78.71,"江苏","文科",0.202922077922078,24,745.158064308917,14000,19
"990",2014,10034,61.83,"北京","文科",0.189935064935065,26,922.09948931341,14000,43
"991",2014,10316,61.37,"江苏","文科",NA,2,745.158064308917,14000,57
"992",2014,10003,98.25,"北京","文科",0.956168831168831,4,922.09948931341,14000,1
"993",2014,10459,63.4,"河南","文科",0.0917207792207792,16,341.59847450695,14000,56
"994",2014,10019,67.05,"北京","文科",0.125974025974026,5,922.09948931341,14000,53
"995",2014,10271,61.04,"上海","文科",NA,8,894.442167153179,14000,33
"996",2014,10276,60.59,"上海","文科",NA,22,894.442167153179,14000,50
"997",2014,10053,62.39,"北京","文科",0.165584415584416,55,922.09948931341,14000,44
"998",2014,10300,60.72,"江苏","文科",NA,3,745.158064308917,14000,59
"999",2014,10610,72.31,"四川","文科",0.145292207792208,17,323.927100037005,14000,41
"1000",2014,10491,64.77,"湖北","文科",0.0558441558441558,15,425.392136575272,14000,57
"1001",2014,10295,62.47,"江苏","文科",NA,5,745.158064308917,14000,55
"1002",2014,60652,61.44,"四川","文科",0.0402597402597403,4,323.927100037005,14000,52
"1003",2014,10043,NA,"北京","文科",0.0448051948051948,9,922.09948931341,14000,57
"1004",2014,10558,75,"广东","文科",0.298701298701299,856,584.02827884254,14000,36
"1005",2014,10497,64.66,"湖北","文科",0.0659090909090909,20,425.392136575272,14000,54
"1006",2014,10520,62.06,"湖北","文科",0.0574675324675325,118,425.392136575272,14000,44
"1007",2014,10511,64.62,"湖北","文科",0.088474025974026,31,425.392136575272,14000,48
"1008",2014,10183,74.95,"吉林","文科",0.103084415584416,24,471.833473873979,14000,49
"1009",2014,10590,61.46,"广东","文科",0.0753246753246753,289,584.02827884254,14000,52
"1010",2014,10001,100,"北京","文科",1,20,922.09948931341,14000,1
"1011",2014,10269,67.73,"上海","文科",0.116883116883117,9,894.442167153179,14000,37
"1012",2014,10070,60.58,"天津","文科",NA,16,976.094443048206,14000,53
"1013",2014,10533,70.54,"湖南","文科",0.0943181818181818,36,366.210354826174,14000,46
"1014",2014,10530,61.99,"湖南","文科",NA,20,366.210354826174,14000,59
"1015",2014,10532,66.41,"湖南","文科",0.0685064935064935,29,366.210354826174,14000,46
"1016",2014,10033,NA,"北京","文科",0.133279220779221,17,922.09948931341,14000,38
"1017",2014,10730,66.35,"甘肃","文科",0.0561688311688312,27,242.741017279973,14000,55
"1018",2014,10538,60.58,"湖南","文科",NA,6,366.210354826174,14000,59
"1019",2014,10036,61.63,"北京","文科",0.0488636363636364,36,922.09948931341,14000,35
"1020",2014,10385,60.86,"福建","文科",0.0381493506493506,58,576.567037625861,14000,58
"1021",2014,19422,71.81,"山东","文科",0.152435064935065,22,561.822037337454,14000,57
"1022",2014,10651,61.81,"四川","文科",0.0534090909090909,32,323.927100037005,14000,44
"1023",2014,10031,60.17,"北京","文科",NA,13,922.09948931341,14000,59
"1024",2014,60384,70.43,"福建","文科",0.181818181818182,10,576.567037625861,14000,51
"1025",2014,10002,72.36,"北京","文科",0.5,38,922.09948931341,14000,13
"1026",2014,10423,64.09,"山东","文科",0.0438311688311688,27,561.822037337454,14000,50
"1027",2014,10589,61.81,"海南","文科",0.0396103896103896,34,351.449825752837,14000,59
"1028",2014,10022,62.84,"北京","文科",NA,19,922.09948931341,14000,53
"1029",2014,10486,74.8,"湖北","文科",0.253246753246753,46,425.392136575272,14000,32
"1030",2014,10140,61.89,"辽宁","文科",NA,50,616.802961275626,14000,59
"1031",2014,10079,62.15,"河北","文科",NA,6,385.966388502866,14000,59
"1032",2014,10359,63.22,"安徽","文科",NA,2,315.7462934094,14000,59
"1033",2014,10561,67.61,"广东","文科",0.100162337662338,193,584.02827884254,14000,43
"1034",2014,10564,62.4,"广东","文科",0.0391233766233766,1142,584.02827884254,14000,57
"1035",2014,10335,82.18,"浙江","文科",0.285714285714286,32,683.311931611495,14000,16
"1036",2014,10151,61.27,"辽宁","文科",NA,16,616.802961275626,14000,59
"1037",2014,10504,64.52,"湖北","文科",NA,12,425.392136575272,14000,59
"1038",2014,10487,73.52,"湖北","文科",0.151298701298701,21,425.392136575272,14000,42
"1039",2014,10574,62.66,"广东","文科",0.0649350649350649,1280,584.02827884254,14000,55
"1040",2014,11078,60.7,"广东","文科",0.0688311688311688,459,584.02827884254,14000,59
"1041",2014,60652,61.44,"重庆","文科",0.0402597402597403,4,426.151178451178,14000,52
"1042",2014,10635,64.13,"重庆","文科",0.076461038961039,12,426.151178451178,14000,53
"1043",2014,10613,63.84,"四川","文科",0.0438311688311688,14,323.927100037005,14000,53
"1044",2014,10611,65.88,"重庆","文科",0.0943181818181818,10,426.151178451178,14000,49
"1045",2014,10570,60.21,"广东","文科",NA,324,584.02827884254,14000,59
"1046",2014,10542,63.21,"湖南","文科",0.0600649350649351,31,366.210354826174,14000,57
"1047",2014,10560,60.99,"广东","文科",NA,297,584.02827884254,14000,56
"1048",2014,10254,60.53,"上海","文科",NA,33,894.442167153179,14000,59
"1049",2014,10698,70.55,"陕西","文科",0.108603896103896,2,426.280818278427,14000,43
"1050",2014,10055,71.96,"天津","文科",0.178571428571429,19,976.094443048206,14000,37
"1051",2014,10403,62.87,"江西","文科",0.0456168831168831,14,317.072631381091,14000,57
"1052",2014,11846,60.5,"广东","文科",NA,2086,584.02827884254,14000,53
"1053",2014,10570,60.6,"广东","文科",NA,324,584.02827884254,14000,59
"1054",2014,10724,60.1,"陕西","文科",NA,13,426.280818278427,14000,55
"1055",2014,10718,62.62,"陕西","文科",0.0423701298701299,25,426.280818278427,14000,57
"1056",2014,10697,64.59,"陕西","文科",0.0642857142857143,2,426.280818278427,14000,53
"1057",2014,10699,65.87,"陕西","文科",0.0420454545454545,4,426.280818278427,14000,53
"1058",2014,10652,61.44,"重庆","文科",0.0402597402597403,68,426.151178451178,14000,50
"1059",2014,10593,62.22,"广西","文科",NA,6,304.683195592286,14000,58
"1060",2014,10712,63.58,"陕西","文科",NA,2,426.280818278427,14000,57
"1061",2014,10052,62.1,"北京","文科",0.0488636363636364,9,922.09948931341,14000,46
"1062",2014,10248,79.72,"上海","文科",0.266233766233766,1,894.442167153179,14000,5
"1063",2014,10386,62.93,"福建","文科",NA,7,576.567037625861,14000,56
"1064",2014,10290,64.55,"江苏","文科",0.0386363636363636,8,745.158064308917,14000,59
"1065",2014,10422,71.81,"山东","文科",0.152435064935065,32,561.822037337454,14000,45
"1066",2014,10294,63.37,"江苏","文科",NA,14,745.158064308917,14000,58
"1067",2014,10657,61.95,"贵州","文科",NA,6,228.620417906357,14000,59
"1068",2014,10213,70.68,"黑龙江","文科",0.0909090909090909,6,375.041851150711,14000,51
"1069",2014,10225,61.89,"黑龙江","文科",NA,4,375.041851150711,14000,59
"1070",2014,10224,61.33,"黑龙江","文科",NA,12,375.041851150711,14000,59
"1071",2014,10384,70.43,"福建","文科",0.181818181818182,18,576.567037625861,14000,37
"1072",2014,10226,61.94,"黑龙江","文科",NA,12,375.041851150711,14000,59
"1073",2014,19002,72.36,"江苏","文科",0.5,10,745.158064308917,14000,44
"1074",2014,10291,61.94,"江苏","文科",NA,10,745.158064308917,14000,59
"1075",2014,10293,60.7,"江苏","文科",NA,28,745.158064308917,14000,59
"1076",2014,10007,65.77,"北京","文科",0.0946428571428571,6,922.09948931341,14000,44
"1077",2014,10173,61.29,"辽宁","文科",NA,29,616.802961275626,14000,53
"1078",2014,10307,63.59,"江苏","文科",NA,6,745.158064308917,14000,57
"1247",2015,10110,62.49,"山西","文科",NA,6,349.765350877193,16964,59
"1248",2015,10070,61.97,"天津","文科",NA,20,1036.41858932103,16964,54
"1249",2015,10590,63.37,"广东","文科",0.0647425897035881,422,632.15441999254,16964,48
"1250",2015,10200,66.34,"吉林","文科",0.0453978159126365,17,501.591933139535,16964,55
"1251",2015,10004,65.44,"北京","文科",0.0658346333853354,7,991.209572490706,16964,41
"1252",2015,10030,62.77,"北京","文科",0.0458658346333853,8,991.209572490706,16964,21
"1253",2015,10298,62.41,"江苏","文科",NA,30,817.692462311558,16964,59
"1254",2015,10254,61.8,"上海","文科",NA,34,971.184666117065,16964,55
"1255",2015,10006,70.65,"北京","文科",0.0897035881435257,4,991.209572490706,16964,37
"1256",2015,10272,64.02,"上海","文科",0.0794071762870515,16,971.184666117065,16964,24
"1257",2015,10003,97.8,"北京","文科",0.968798751950078,4,991.209572490706,16964,1
"1258",2015,10316,62.81,"江苏","文科",NA,2,817.692462311558,16964,53
"1259",2015,10183,76.03,"吉林","文科",0.10015600624025,41,501.591933139535,16964,45
"1260",2015,10019,68.46,"北京","文科",0.12386895475819,8,991.209572490706,16964,54
"1261",2015,10027,74.35,"北京","文科",0.274570982839314,10,991.209572490706,16964,25
"1262",2015,10034,63.4,"北京","文科",0.18408736349454,29,991.209572490706,16964,35
"1263",2015,10475,63.44,"河南","文科",NA,56,370.277448071217,16964,59
"1264",2015,10459,64.55,"河南","文科",0.0628705148205928,14,370.277448071217,16964,54
"1265",2015,10007,67.33,"北京","文科",0.0801872074882995,8,991.209572490706,16964,42
"1266",2015,10291,63.14,"江苏","文科",NA,10,817.692462311558,16964,59
"1267",2015,10276,62.09,"上海","文科",NA,15,971.184666117065,16964,40
"1268",2015,10610,74.05,"四川","文科",0.126989079563183,13,350.573218673219,16964,40
"1269",2015,60033,NA,"北京","文科",0.13588143525741,13,991.209572490706,16964,58
"1270",2015,10589,63.44,"海南","文科",0.0407176287051482,29,387.676633444075,16964,58
"1271",2015,10050,NA,"北京","文科",0.132293291731669,2,991.209572490706,16964,46
"1272",2015,19002,78.71,"江苏","文科",0.553822152886115,10,817.692462311558,16964,42
"1273",2015,10307,65.37,"江苏","文科",NA,10,817.692462311558,16964,55
"1274",2015,10269,69.9,"上海","文科",0.127457098283931,11,971.184666117065,16964,33
"1275",2015,11078,62.08,"广东","文科",0.0550702028081123,2147,632.15441999254,16964,58
"1276",2015,10561,68.38,"广东","文科",0.0895475819032761,182,632.15441999254,16964,41
"1277",2015,10491,65.81,"湖北","文科",0.043213728549142,11,470.547455295736,16964,53
"1278",2015,10613,64.73,"四川","文科",NA,17,350.573218673219,16964,52
"1279",2015,60652,62.9,"四川","文科",0.0386895475819033,6,350.573218673219,16964,46
"1280",2015,10001,100,"北京","文科",1,20,991.209572490706,16964,1
"1281",2015,10055,72.67,"天津","文科",0.171606864274571,27,1036.41858932103,16964,35
"1282",2015,10264,61.84,"上海","文科",NA,26,971.184666117065,16964,58
"1283",2015,10126,63.4,"内蒙古","文科",NA,16,709.361676646707,16964,59
"1284",2015,10497,65.15,"湖北","文科",0.04399375975039,18,470.547455295736,16964,52
"1285",2015,10487,74.27,"湖北","文科",0.13603744149766,21,470.547455295736,16964,41
"1286",2015,10052,63.87,"北京","文科",0.0447737909516381,10,991.209572490706,16964,45
"1287",2015,10357,63.46,"安徽","文科",0.0410296411856474,20,342.737958244287,16964,57
"1288",2015,10537,62.61,"湖南","文科",NA,13,401.491168175746,16964,59
"1289",2015,10032,61.98,"北京","文科",NA,14,991.209572490706,16964,43
"1290",2015,10022,64.48,"北京","文科",NA,18,991.209572490706,16964,50
"1291",2015,10536,62.39,"湖南","文科",NA,33,401.491168175746,16964,59
"1292",2015,10002,78.71,"北京","文科",0.553822152886115,44,991.209572490706,16964,12
"1293",2015,10534,61.96,"湖南","文科",NA,28,401.491168175746,16964,59
"1294",2015,10216,63.09,"河北","文科",NA,6,398.444609967497,16964,59
"1295",2015,10079,63.43,"河北","文科",NA,6,398.444609967497,16964,58
"1296",2015,10036,63.09,"北京","文科",0.049609984399376,32,991.209572490706,16964,29
"1297",2015,10423,65.24,"山东","文科",0.040405616224649,28,607.075186433752,16964,48
"1298",2015,10033,NA,"北京","文科",0.13588143525741,21,991.209572490706,16964,38
"1299",2015,19422,72.58,"山东","文科",0.150546021840874,22,607.075186433752,16964,52
"1300",2015,10422,72.58,"山东","文科",0.150546021840874,37,607.075186433752,16964,44
"1301",2015,10184,62.62,"吉林","文科",NA,2,501.591933139535,16964,59
"1302",2015,10248,81.08,"上海","文科",0.27613104524181,1,971.184666117065,16964,1
"1303",2015,10542,64.75,"湖南","文科",0.0471138845553822,33,401.491168175746,16964,54
"1304",2015,10533,72.28,"湖南","文科",0.0925117004680187,32,401.491168175746,16964,43
"1305",2015,10271,62.44,"上海","文科",NA,6,971.184666117065,16964,31
"1306",2015,10730,66.62,"甘肃","文科",0.0550702028081123,28,263.808182169047,16964,53
"1307",2015,60384,71.66,"福建","文科",0.176287051482059,10,632.048344718865,16964,45
"1308",2015,60651,63.39,"四川","文科",0.0541341653666147,6,350.573218673219,16964,47
"1309",2015,10338,62.25,"浙江","文科",NA,35,729.003267973856,16964,59
"1310",2015,10385,62.16,"福建","文科",0.0365054602184087,63,632.048344718865,16964,57
"1311",2015,12121,63.23,"广东","文科",NA,50,632.15441999254,16964,56
"1312",2015,10651,63.39,"四川","文科",0.0541341653666147,26,350.573218673219,16964,43
"1313",2015,10574,64.09,"广东","文科",0.0550702028081123,1171,632.15441999254,16964,53
"1314",2015,10486,80.72,"湖北","文科",0.301092043681747,45,470.547455295736,16964,28
"1315",2015,10511,66.72,"湖北","文科",0.0858034321372855,44,470.547455295736,16964,46
"1316",2015,10616,62.37,"四川","文科",NA,36,350.573218673219,16964,59
"1317",2015,10657,63.34,"贵州","文科",NA,6,263.711801596351,16964,59
"1318",2015,11845,61.98,"广东","文科",NA,832,632.15441999254,16964,59
"1319",2015,10173,62.69,"辽宁","文科",NA,16,651.937599635618,16964,48
"1320",2015,10520,64.04,"湖北","文科",0.0580343213728549,113,470.547455295736,16964,41
"1321",2015,10570,61.91,"广东","文科",NA,137,632.15441999254,16964,59
"1322",2015,89012,64.09,"广东","文科",0.0550702028081123,20,632.15441999254,16964,59
"1323",2015,10572,62.59,"广东","文科",NA,463,632.15441999254,16964,59
"1324",2015,10560,62.05,"广东","文科",NA,300,632.15441999254,16964,53
"1325",2015,10151,62.53,"辽宁","文科",NA,17,651.937599635618,16964,55
"1326",2015,10504,65.81,"湖北","文科",0.0379095163806552,16,470.547455295736,16964,56
"1327",2015,60173,62.69,"辽宁","文科",NA,10,651.937599635618,16964,59
"1328",2015,10140,63.61,"辽宁","文科",NA,30,651.937599635618,16964,58
"1329",2015,10538,62.15,"湖南","文科",NA,6,401.491168175746,16964,59
"1330",2015,10053,64.35,"北京","文科",0.193447737909516,56,991.209572490706,16964,36
"1331",2015,11846,61.97,"广东","文科",NA,2089,632.15441999254,16964,54
"1332",2015,10404,61.7,"江西","文科",NA,6,345.851827388815,16964,59
"1333",2015,10559,64.67,"广东","文科",0.0812792511700468,697,632.15441999254,16964,46
"1334",2015,10530,63.28,"湖南","文科",NA,17,401.491168175746,16964,58
"1335",2015,10611,67.26,"重庆","文科",0.0898595943837753,12,476.944165830826,16964,44
"1336",2015,10635,65.15,"重庆","文科",0.0742589703588143,12,476.944165830826,16964,51
"1337",2015,10755,63.47,"新疆","文科",NA,2,403.137510879025,16964,59
"1338",2015,10532,67.92,"湖南","文科",0.0681747269890796,26,401.491168175746,16964,42
"1339",2015,10652,62.9,"重庆","文科",0.0386895475819033,42,476.944165830826,16964,42
"1340",2015,60652,62.9,"重庆","文科",0.0386895475819033,6,476.944165830826,16964,46
"1341",2015,19635,65.15,"重庆","文科",0.0742589703588143,7,476.944165830826,16964,59
"1342",2015,10290,66.79,"江苏","文科",0.0354134165366615,9,817.692462311558,16964,57
"1343",2015,10294,64.85,"江苏","文科",NA,12,817.692462311558,16964,55
"1344",2015,10697,66.67,"陕西","文科",0.0644305772230889,8,468.607682119205,16964,59
"1345",2015,10335,80.45,"浙江","文科",0.26204368174727,21,729.003267973856,16964,14
"1346",2015,10010,64.57,"北京","文科",NA,13,991.209572490706,16964,54
"1347",2015,10698,72.13,"陕西","文科",0.109204368174727,3,468.607682119205,16964,43
"1348",2015,10564,63.52,"广东","文科",0.0360374414976599,1354,632.15441999254,16964,57
"1349",2015,10384,71.66,"福建","文科",0.176287051482059,17,632.048344718865,16964,33
"1350",2015,10712,65.14,"陕西","文科",NA,2,468.607682119205,16964,57
"1351",2015,10724,NA,"陕西","文科",NA,12,468.607682119205,16964,53
"1352",2015,11414,65.1,"北京","文科",0.0394695787831513,4,991.209572490706,16964,52
"1353",2015,10699,67.82,"陕西","文科",0.0463338533541342,4,468.607682119205,16964,51
"1354",2015,10386,63.96,"福建","文科",NA,4,632.048344718865,16964,54
"1355",2015,10246,80.92,"上海","文科",0.447737909516381,13,971.184666117065,16964,9
"1356",2015,10394,63.41,"福建","文科",0.0365054602184087,32,632.048344718865,16964,59
"1357",2015,10031,NA,"北京","文科",NA,13,991.209572490706,16964,46
"1358",2015,10284,78.3,"江苏","文科",0.195007800312012,27,817.692462311558,16964,20
"1359",2015,10718,64.06,"陕西","文科",0.0394695787831513,41,468.607682119205,16964,56
"1360",2015,10300,61.96,"江苏","文科",NA,4,817.692462311558,16964,59
"1361",2015,10005,63.97,"北京","文科",0.0400936037441498,4,991.209572490706,16964,52
"1362",2015,10054,63.43,"北京","文科",NA,11,991.209572490706,16964,51
"1363",2015,10043,NA,"北京","文科",0.0335413416536661,9,991.209572490706,16964,54
"1364",2015,10285,65.14,"江苏","文科",0.0566302652106084,12,817.692462311558,16964,44
"1365",2015,10293,62.12,"江苏","文科",NA,31,817.692462311558,16964,57
"1366",2015,10226,63.25,"黑龙江","文科",NA,3,392.365770936603,16964,59
"1367",2015,10008,66.45,"北京","文科",0.0497659906396256,1,991.209572490706,16964,44
"1368",2015,10421,62.24,"江西","文科",NA,56,345.851827388815,16964,53
"1369",2015,10224,62.94,"黑龙江","文科",NA,6,392.365770936603,16964,59
"1370",2015,10558,75.33,"广东","文科",0.273010920436817,862,632.15441999254,16964,36
"1371",2015,10403,63.94,"江西","文科",NA,19,345.851827388815,16964,54
"1372",2015,10212,63.23,"黑龙江","文科",NA,39,392.365770936603,16964,59
"1373",2015,10225,63.42,"黑龙江","文科",NA,6,392.365770936603,16964,59
"1374",2015,10593,63.35,"广西","文科",NA,6,329.679638199411,16964,58
