"","Year","Ranking_Scores","Province","Topic","Media_Impact","Plan_Number","GDP_Per_Person","X1A_Number","Level"
"1",2010,55.83,"上海","文科",0.452674897119342,15,680.747321629064,10869,6
"2",2010,5.3,"上海","文科",0.0781893004115226,9,680.747321629064,10869,13
"3",2010,5.94,"湖北","文科",0.0448559670781893,100,226.592657342657,10869,20
"4",2010,21.11,"上海","文科",0.103292181069959,4,680.747321629064,10869,20
"5",2010,2.94,"上海","文科",0.0322633744855967,8,680.747321629064,10869,14
"6",2010,11.73,"北京","文科",0.0415637860082304,4,653.387096774194,10869,22
"7",2010,1.48,"江苏","文科",NA,3,441.179426726531,10869,24
"8",2010,1.12,"江苏","文科",NA,8,441.179426726531,10869,24
"9",2010,8.61,"江苏","文科",NA,10,441.179426726531,10869,24
"10",2010,22.14,"北京","文科",0.104115226337449,3,653.387096774194,10869,20
"11",2010,7.78,"上海","文科",0.0596707818930041,5,680.747321629064,10869,21
"12",2010,28.22,"湖南","文科",0.0691358024691358,22,203.866531376834,10869,22
"13",2010,9.13,"江苏","文科",0.0335802469135802,6,441.179426726531,10869,22
"14",2010,4.55,"贵州","文科",NA,6,110.621430590896,10869,24
"15",2010,5.56,"内蒙古","文科",NA,4,396.231826280805,10869,24
"16",2010,3.85,"北京","文科",0.0502057613168724,32,653.387096774194,10869,13
"17",2010,3.77,"北京","文科",0.0388065843621399,8,653.387096774194,10869,10
"18",2010,5.45,"江苏","文科",NA,21,441.179426726531,10869,24
"19",2010,37.31,"北京","文科",0.539094650205761,37,653.387096774194,10869,7
"20",2010,95.06,"北京","文科",0.827160493827161,2,653.387096774194,10869,1
"21",2010,1.87,"北京","文科",0.0617283950617284,7,653.387096774194,10869,24
"22",2010,7.42,"江西","文科",0.042798353909465,20,172.719019206467,10869,24
"23",2010,1.57,"北京","文科",0.0269958847736626,15,653.387096774194,10869,17
"24",2010,4.46,"河北","文科",NA,4,245.017059024224,10869,24
"25",2010,7.18,"北京","文科",NA,8,653.387096774194,10869,24
"26",2010,37.23,"吉林","文科",0.0740740740740741,10,265.691445675385,10869,23
"27",2010,10.88,"湖北","文科",0.0330452674897119,12,226.592657342657,10869,24
"28",2010,NA,"黑龙江","文科",NA,1,224.437468799088,10869,24
"29",2010,NA,"河北","文科",NA,1,245.017059024224,10869,24
"30",2010,17.15,"北京","文科",0.094238683127572,4,653.387096774194,10869,19
"31",2010,8.89,"河南","文科",0.0613168724279835,12,205.337380956145,10869,24
"32",2010,53.16,"浙江","文科",0.240740740740741,12,435.794711401763,10869,11
"33",2010,6.2,"北京","文科",0.193004115226337,48,653.387096774194,10869,14
"34",2010,4.55,"四川","文科",0.0806584362139918,25,172.892852779475,10869,21
"35",2010,4.76,"海南","文科",0.035761316872428,49,191.443980233083,10869,24
"36",2010,8.75,"湖北","文科",0.0347325102880658,16,226.592657342657,10869,24
"37",2010,9.77,"四川","文科",0.0267489711934156,4,172.892852779475,10869,24
"38",2010,4.8,"辽宁","文科",NA,41,350.437687168855,10869,24
"39",2010,3.32,"辽宁","文科",NA,20,350.437687168855,10869,21
"40",2010,4.67,"湖南","文科",NA,27,203.866531376834,10869,24
"41",2010,30.09,"天津","文科",0.160082304526749,10,612.448703751954,10869,14
"42",2010,4.01,"北京","文科",0.0893004115226337,9,653.387096774194,10869,17
"43",2010,1.22,"天津","文科",NA,20,612.448703751954,10869,21
"44",2010,33.15,"湖北","文科",0.0888888888888889,24,226.592657342657,10869,19
"45",2010,4.46,"北京","文科",NA,9,653.387096774194,10869,23
"46",2010,40.14,"湖北","文科",0.179423868312757,30,226.592657342657,10869,16
"47",2010,7.95,"北京","文科",0.0637860082304527,2,653.387096774194,10869,24
"48",2010,9.94,"北京","文科",0.0406995884773663,4,653.387096774194,10869,18
"49",2010,1.5,"广东","文科",NA,2024,389.751600745512,10869,23
"50",2010,1.3,"福建","文科",0.0388477366255144,44,333.784233496999,10869,24
"51",2010,NA,"北京","文科",NA,13,653.387096774194,10869,19
"52",2010,28.98,"山东","文科",0.0888888888888889,12,357.925831283064,10869,24
"53",2010,6.53,"广东","文科",0.0477366255144033,1347,389.751600745512,10869,24
"54",2010,2.95,"广东","文科",NA,576,389.751600745512,10869,24
"55",2010,6.21,"北京","文科",0.0489711934156379,8,653.387096774194,10869,23
"56",2010,11.65,"山东","文科",0.0330864197530864,20,357.925831283064,10869,23
"57",2010,7.21,"北京","文科",0.0323456790123457,16,653.387096774194,10869,24
"58",2010,100,"北京","文科",1,12,653.387096774194,10869,1
"59",2010,18.09,"陕西","文科",NA,4,219.205795546016,10869,24
"60",2010,16.15,"广东","文科",0.0736625514403292,203,389.751600745512,10869,22
"61",2010,5.38,"北京","文科",0.258024691358025,17,653.387096774194,10869,13
"62",2010,11.77,"湖北","文科",0.0481481481481481,17,226.592657342657,10869,23
"63",2010,14.36,"甘肃","文科",0.0493827160493827,12,132.590189086895,10869,23
"64",2010,26.4,"福建","文科",0.118930041152263,22,333.784233496999,10869,17
"65",2010,3.17,"吉林","文科",NA,4,265.691445675385,10869,24
"66",2010,32.72,"广东","文科",0.226748971193416,940,389.751600745512,10869,19
"67",2010,9.33,"重庆","文科",0.0633744855967078,13,228.401888772298,10869,24
"68",2010,10.77,"江苏","文科",NA,12,441.179426726531,10869,23
"69",2010,10.93,"吉林","文科",0.03,4,265.691445675385,10869,24
"70",2010,5.11,"安徽","文科",NA,10,164.130158212363,10869,24
"71",2010,7.1,"广东","文科",0.0650205761316872,649,389.751600745512,10869,21
"72",2010,34.18,"四川","文科",0.121399176954733,16,172.892852779475,10869,21
"73",2010,3.38,"辽宁","文科",NA,14,350.437687168855,10869,23
"74",2010,28.98,"山东","文科",0.0888888888888889,19,357.925831283064,10869,20
"75",2010,11.73,"湖北","文科",0.0415637860082304,12,226.592657342657,10869,24
"76",2010,8.9,"陕西","文科",NA,6,219.205795546016,10869,24
"77",2010,5.58,"广东","文科",0.0346090534979424,1608,389.751600745512,10869,24
"78",2010,8.16,"江苏","文科",NA,11,441.179426726531,10869,24
"79",2010,28.32,"黑龙江","文科",0.0555555555555556,2,224.437468799088,10869,22
"80",2010,15.33,"重庆","文科",0.060082304526749,12,228.401888772298,10869,22
"81",2010,43.99,"江苏","文科",0.155555555555556,17,441.179426726531,10869,10
"82",2010,5.29,"广东","文科",NA,200,389.751600745512,10869,24
"83",2010,5.82,"陕西","文科",NA,10,219.205795546016,10869,24
"84",2010,13.84,"湖南","文科",0.0576131687242798,23,203.866531376834,10869,22
"85",2010,7.12,"安徽","文科",NA,6,164.130158212363,10869,24
"86",2010,5.46,"黑龙江","文科",NA,3,224.437468799088,10869,22
"87",2010,2.72,"陕西","文科",NA,2,219.205795546016,10869,24
"88",2010,7.86,"陕西","文科",NA,4,219.205795546016,10869,24
"89",2010,8.28,"湖南","文科",0.0309053497942387,22,203.866531376834,10869,24
"90",2010,11.58,"陕西","文科",0.0477366255144033,2,219.205795546016,10869,24
"91",2010,3.81,"重庆","文科",0.0306172839506173,65,228.401888772298,10869,21
"92",2010,1.81,"广东","文科",NA,354,389.751600745512,10869,24
"93",2010,NA,"陕西","文科",NA,13,219.205795546016,10869,23
"233",2011,43.63,"上海","文科",0.246558704453441,1,745.484787159199,10919,3
"234",2011,8.18,"上海","文科",0.0615384615384615,3,745.484787159199,10919,19
"235",2011,4.75,"海南","文科",0.0353036437246964,53,237.695008922918,10919,24
"236",2011,10.87,"北京","文科",0.0404858299595142,5,719.383250930221,10919,19
"237",2011,4.7,"广西","文科",0.0265991902834008,4,207.588937093275,10919,24
"238",2011,20,"北京","文科",0.108906882591093,5,719.383250930221,10919,23
"239",2011,11.94,"江苏","文科",NA,8,526.416192463409,10919,24
"240",2011,2.8,"上海","文科",0.0293927125506073,9,745.484787159199,10919,14
"241",2011,8.44,"江苏","文科",NA,13,526.416192463409,10919,23
"242",2011,1.15,"江苏","文科",NA,6,526.416192463409,10919,24
"243",2011,5.45,"上海","文科",0.0744939271255061,10,745.484787159199,10919,13
"244",2011,3.46,"江苏","文科",NA,2,526.416192463409,10919,24
"245",2011,1.33,"上海","文科",0.0293117408906883,23,745.484787159199,10919,22
"246",2011,54.89,"上海","文科",0.469635627530364,16,745.484787159199,10919,6
"247",2011,42.47,"江苏","文科",0.155060728744939,18,526.416192463409,10919,10
"248",2011,7.66,"北京","文科",NA,17,719.383250930221,10919,23
"249",2011,41.07,"湖北","文科",0.269230769230769,38,278.768311879247,10919,17
"250",2011,3.85,"北京","文科",0.0481781376518219,33,719.383250930221,10919,14
"251",2011,5.47,"内蒙古","文科",NA,5,472.13390610716,10919,24
"252",2011,29.13,"山东","文科",0.088663967611336,21,408.536202514218,10919,20
"253",2011,7.76,"北京","文科",NA,12,719.383250930221,10919,24
"254",2011,4.58,"湖南","文科",NA,27,244.105264760049,10919,24
"255",2011,1.45,"江苏","文科",NA,4,526.416192463409,10919,24
"256",2011,5.8,"陕西","文科",NA,22,271.043641231593,10919,24
"257",2011,3.65,"北京","文科",0.0320242914979757,9,719.383250930221,10919,10
"258",2011,8.25,"湖南","文科",0.0302834008097166,24,244.105264760049,10919,24
"259",2011,4.39,"北京","文科",NA,9,719.383250930221,10919,23
"260",2011,11.82,"北京","文科",0.0359919028340081,4,719.383250930221,10919,21
"261",2011,6.91,"江西","文科",0.0388259109311741,11,211.804859204515,10919,24
"262",2011,2.94,"吉林","文科",NA,4,315.57489259448,10919,24
"263",2011,1.64,"福建","文科",0.0312145748987854,48,399.055510425129,10919,24
"264",2011,NA,"河北","文科",NA,1,283.505616103203,10919,24
"265",2011,35.41,"吉林","文科",0.0680161943319838,10,315.57489259448,10919,22
"266",2011,10.81,"吉林","文科",NA,10,315.57489259448,10919,24
"267",2011,NA,"北京","文科",NA,9,719.383250930221,10919,20
"268",2011,10.15,"四川","文科",NA,7,213.619029151315,10919,24
"269",2011,94.72,"北京","文科",0.882591093117409,2,719.383250930221,10919,2
"270",2011,7.54,"北京","文科",0.0325910931174089,6,719.383250930221,10919,24
"271",2011,100,"北京","文科",1,12,719.383250930221,10919,1
"272",2011,11.06,"北京","文科",0.059919028340081,2,719.383250930221,10919,22
"273",2011,3.28,"辽宁","文科",NA,12,421.880457142857,10919,24
"274",2011,21.96,"北京","文科",0.0748987854251012,3,719.383250930221,10919,16
"275",2011,33.37,"四川","文科",0.139676113360324,20,213.619029151315,10919,20
"276",2011,21.98,"天津","文科",0.0757085020242915,2,709.961594409254,10919,20
"277",2011,29.16,"天津","文科",0.173279352226721,11,709.961594409254,10919,23
"278",2011,4.6,"北京","文科",0.240890688259109,23,719.383250930221,10919,13
"279",2011,5.85,"北京","文科",0.17004048582996,48,719.383250930221,10919,15
"280",2011,8.82,"湖北","文科",0.042914979757085,16,278.768311879247,10919,24
"281",2011,9.96,"重庆","文科",0.0603238866396761,7,274.753000395199,10919,23
"282",2011,35.65,"北京","文科",0.493927125506073,35,719.383250930221,10919,7
"283",2011,5.97,"北京","文科",0.0502024291497976,8,719.383250930221,10919,23
"284",2011,16.6,"北京","文科",0.0765182186234818,5,719.383250930221,10919,20
"285",2011,NA,"北京","文科",NA,13,719.383250930221,10919,16
"286",2011,NA,"北京","文科",NA,6,719.383250930221,10919,23
"287",2011,5.37,"江苏","文科",NA,23,526.416192463409,10919,24
"288",2011,11.21,"山东","文科",0.0284615384615385,14,408.536202514218,10919,23
"289",2011,10.24,"湖北","文科",0.030080971659919,12,278.768311879247,10919,24
"290",2011,NA,"黑龙江","文科",NA,1,270.484041373733,10919,24
"291",2011,5.8,"福建","文科",0.0269635627530364,4,399.055510425129,10919,24
"292",2011,17.08,"陕西","文科",NA,4,271.043641231593,10919,24
"293",2011,27.77,"湖南","文科",0.0761133603238866,22,244.105264760049,10919,22
"294",2011,11.63,"陕西","文科",0.0449392712550607,2,271.043641231593,10919,24
"295",2011,29.13,"山东","文科",0.088663967611336,18,408.536202514218,10919,23
"296",2011,3.11,"广东","文科",NA,555,440.698442860509,10919,24
"297",2011,4.79,"辽宁","文科",0.032914979757085,43,421.880457142857,10919,24
"298",2011,5.27,"广东","文科",NA,266,440.698442860509,10919,24
"299",2011,14.05,"湖南","文科",0.0663967611336032,24,244.105264760049,10919,21
"300",2011,1.58,"北京","文科",NA,15,719.383250930221,10919,18
"301",2011,14.61,"甘肃","文科",0.0449392712550607,26,160.968054437925,10919,24
"302",2011,1.78,"广东","文科",NA,327,440.698442860509,10919,24
"303",2011,26.73,"陕西","文科",0.0898785425101215,2,271.043641231593,10919,22
"304",2011,3.38,"辽宁","文科",NA,20,421.880457142857,10919,24
"305",2011,52.91,"浙江","文科",0.261133603238866,16,508.992180313632,10919,9
"306",2011,6.61,"广东","文科",0.0522267206477733,1265,440.698442860509,10919,23
"307",2011,26.03,"福建","文科",0.17085020242915,25,399.055510425129,10919,18
"308",2011,5.11,"黑龙江","文科",NA,3,270.484041373733,10919,24
"309",2011,NA,"陕西","文科",NA,19,271.043641231593,10919,23
"310",2011,3.77,"重庆","文科",0.0389878542510121,67,274.753000395199,10919,22
"311",2011,7.36,"广东","文科",0.0680161943319838,601,440.698442860509,10919,19
"312",2011,4.34,"四川","文科",0.0518218623481781,24,213.619029151315,10919,20
"313",2011,1.47,"广东","文科",0.0279757085020243,1993,440.698442860509,10919,22
"314",2011,16.47,"广东","文科",0.0748987854251012,205,440.698442860509,10919,21
"315",2011,6.25,"广东","文科",0.0404858299595142,1499,440.698442860509,10919,24
"316",2011,1.39,"天津","文科",NA,18,709.961594409254,10919,22
"317",2011,15.19,"重庆","文科",0.0712550607287449,10,274.753000395199,10919,22
"318",2011,7.28,"安徽","文科",NA,10,207.486192019071,10919,24
"319",2011,11.82,"湖北","文科",0.0359919028340081,16,278.768311879247,10919,24
"320",2011,5,"安徽","文科",NA,10,207.486192019071,10919,24
"321",2011,33.78,"广东","文科",0.259514170040486,925,440.698442860509,10919,17
"322",2011,11.7,"湖北","文科",0.0643724696356275,17,278.768311879247,10919,23
"323",2011,5,"贵州","文科",NA,2,132.283989652199,10919,24
"324",2011,4.39,"河北","文科",NA,4,283.505616103203,10919,24
"325",2011,8.94,"河南","文科",0.0672064777327935,10,245.520532200943,10919,24
"326",2011,8.57,"江苏","文科",0.0274898785425101,6,526.416192463409,10919,23
"327",2011,33.77,"湖北","文科",0.116599190283401,22,278.768311879247,10919,23
"328",2011,5.78,"湖北","文科",0.0493927125506073,97,278.768311879247,10919,20
"472",2012,42.52,"上海","文科",0.165558912386707,1,817.721707718129,10000,12
"473",2012,8.58,"河南","文科",0.0673716012084592,26,286.859198316191,10000,24
"474",2012,21.25,"上海","文科",0.0894259818731118,8,817.721707718129,10000,19
"475",2012,33.77,"广东","文科",0.250453172205438,914,506.523369823893,10000,18
"476",2012,8.16,"上海","文科",0.0719033232628399,3,817.721707718129,10000,22
"477",2012,4.94,"广西","文科",0.0269788519637462,5,252.333046286329,10000,24
"478",2012,5.92,"上海","文科",0.0676737160120846,11,817.721707718129,10000,14
"479",2012,5.48,"新疆","文科",NA,2,299.271973233245,10000,24
"480",2012,34.56,"湖北","文科",0.150151057401813,19,340.956234803751,10000,21
"481",2012,1.3,"上海","文科",0.0256495468277946,23,817.721707718129,10000,21
"482",2012,2.86,"上海","文科",0.0283987915407855,5,817.721707718129,10000,16
"483",2012,12.25,"江苏","文科",0.0241087613293051,2,621.743376782527,10000,24
"484",2012,1.24,"江苏","文科",NA,6,621.743376782527,10000,24
"485",2012,4.77,"江苏","文科",0.0241087613293051,9,621.743376782527,10000,24
"486",2012,55.57,"上海","文科",0.453172205438066,12,817.721707718129,10000,5
"487",2012,4.9,"北京","文科",0.242900302114804,23,805.108986426236,10000,14
"488",2012,42.9,"江苏","文科",0.169184290030211,16,621.743376782527,10000,10
"489",2012,19.6,"北京","文科",0.0921148036253776,5,805.108986426236,10000,22
"490",2012,5.92,"北京","文科",0.0374622356495468,7,805.108986426236,10000,22
"491",2012,96.18,"北京","文科",0.898972809667674,4,805.108986426236,10000,1
"492",2012,5.82,"内蒙古","文科",NA,6,578.628445708806,10000,24
"493",2012,NA,"北京","文科",NA,11,805.108986426236,10000,20
"494",2012,8.95,"江苏","文科",NA,8,621.743376782527,10000,23
"495",2012,4.6,"北京","文科",NA,8,805.108986426236,10000,23
"496",2012,11.26,"北京","文科",0.0537764350453172,3,805.108986426236,10000,22
"497",2012,11.85,"北京","文科",0.0368580060422961,4,805.108986426236,10000,22
"498",2012,6.11,"江苏","文科",NA,8,621.743376782527,10000,24
"499",2012,3.89,"北京","文科",0.0450151057401813,33,805.108986426236,10000,15
"500",2012,36.61,"江苏","文科",0.578851963746224,6,621.743376782527,10000,19
"501",2012,8.61,"江苏","文科",0.027583081570997,8,621.743376782527,10000,22
"502",2012,1.76,"江苏","文科",NA,4,621.743376782527,10000,24
"503",2012,56.1,"浙江","文科",0.25226586102719,16,591.595277320154,10000,9
"504",2012,10.66,"北京","文科",0.0537764350453172,5,805.108986426236,10000,18
"505",2012,6.61,"江西","文科",0.040785498489426,10,260.732651080943,10000,24
"506",2012,21.85,"北京","文科",0.0628398791540786,3,805.108986426236,10000,16
"507",2012,11.08,"吉林","文科",0.024833836858006,4,384.403562946232,10000,24
"508",2012,4.6,"河北","文科",NA,4,338.591618546207,10000,24
"509",2012,4.75,"辽宁","文科",NA,45,507.111567419576,10000,24
"510",2012,3.61,"北京","文科",0.0371601208459214,8,805.108986426236,10000,23
"511",2012,36.61,"北京","文科",0.578851963746224,36,805.108986426236,10000,9
"512",2012,NA,"北京","文科",NA,19,805.108986426236,10000,17
"513",2012,10.33,"四川","文科",0.0277039274924471,6,261.20099378882,10000,23
"514",2012,8.11,"北京","文科",0.0240483383685801,12,805.108986426236,10000,23
"515",2012,11.85,"湖北","文科",0.0368580060422961,14,340.956234803751,10000,24
"516",2012,27.62,"湖南","文科",0.0645015105740181,20,298.22245133119,10000,22
"517",2012,2.98,"吉林","文科",NA,4,384.403562946232,10000,24
"518",2012,6.45,"北京","文科",0.167673716012085,43,805.108986426236,10000,16
"519",2012,1.51,"天津","文科",NA,15,834.744348801843,10000,22
"520",2012,NA,"北京","文科",NA,6,805.108986426236,10000,24
"521",2012,8.53,"北京","文科",NA,10,805.108986426236,10000,24
"522",2012,5.97,"陕西","文科",NA,20,334.285332620892,10000,24
"523",2012,4.36,"广东","文科",NA,60,506.523369823893,10000,24
"524",2012,16.73,"广东","文科",0.0830815709969789,258,506.523369823893,10000,21
"525",2012,1.48,"北京","文科",NA,15,805.108986426236,10000,20
"526",2012,100,"北京","文科",1,12,805.108986426236,10000,2
"527",2012,3.71,"重庆","文科",0.0401812688821752,70,342.972593353888,10000,22
"528",2012,6.64,"广东","文科",0.0504531722054381,1192,506.523369823893,10000,24
"529",2012,14.47,"重庆","文科",0.0719033232628399,11,342.972593353888,10000,22
"530",2012,27.84,"天津","文科",0.152296072507553,12,834.744348801843,10000,18
"531",2012,11.11,"山东","文科",0.0311178247734139,18,470.691907563034,10000,22
"532",2012,7.47,"北京","文科",0.0380664652567976,4,805.108986426236,10000,24
"533",2012,33.68,"吉林","文科",0.075226586102719,12,384.403562946232,10000,21
"534",2012,15.14,"北京","文科",0.0767371601208459,5,805.108986426236,10000,19
"535",2012,25.42,"福建","文科",0.146525679758308,23,472.047849462366,10000,18
"536",2012,4.36,"湖南","文科",0.0240785498489426,25,298.22245133119,10000,24
"537",2012,3.37,"辽宁","文科",NA,14,507.111567419576,10000,23
"538",2012,13.92,"湖南","文科",0.0564954682779456,23,298.22245133119,10000,21
"539",2012,6.15,"广东","文科",0.0323262839879154,1423,506.523369823893,10000,24
"540",2012,3.16,"广东","文科",NA,578,506.523369823893,10000,24
"541",2012,4.45,"四川","文科",0.0380664652567976,24,261.20099378882,10000,19
"542",2012,5.02,"黑龙江","文科",NA,3,328.168158142519,10000,24
"543",2012,1.66,"广东","文科",NA,303,506.523369823893,10000,24
"544",2012,13.82,"甘肃","文科",0.0522658610271903,26,195.787753637601,10000,23
"545",2012,5.91,"福建","文科",0.0263746223564955,4,472.047849462366,10000,24
"546",2012,4.76,"海南","文科",0.0435045317220544,52,287.521940322323,10000,24
"547",2012,5.87,"湖北","文科",0.0492447129909366,100,340.956234803751,10000,23
"548",2012,27.49,"山东","文科",0.102719033232628,25,470.691907563034,10000,24
"549",2012,26.43,"陕西","文科",0.0667673716012085,2,334.285332620892,10000,19
"550",2012,39.37,"湖北","文科",0.222356495468278,38,340.956234803751,10000,19
"551",2012,27.49,"山东","文科",0.102719033232628,20,470.691907563034,10000,24
"552",2012,32.23,"四川","文科",0.136253776435045,16,261.20099378882,10000,19
"553",2012,10.52,"重庆","文科",0.0525679758308157,6,342.972593353888,10000,23
"554",2012,3.18,"辽宁","文科",NA,21,507.111567419576,10000,22
"555",2012,4.92,"贵州","文科",NA,6,164.365523205535,10000,24
"556",2012,8.48,"陕西","文科",NA,4,334.285332620892,10000,24
"557",2012,15.62,"陕西","文科",0.0246525679758308,2,334.285332620892,10000,23
"558",2012,8.2,"广东","文科",0.0803625377643505,547,506.523369823893,10000,20
"559",2012,11.86,"湖北","文科",0.0664652567975831,24,340.956234803751,10000,23
"560",2012,8.22,"湖南","文科",0.0335347432024169,24,298.22245133119,10000,24
"561",2012,1.78,"福建","文科",0.0344410876132931,47,472.047849462366,10000,24
"562",2012,NA,"陕西","文科",NA,18,334.285332620892,10000,23
"563",2012,3.4,"江苏","文科",NA,2,621.743376782527,10000,24
"564",2012,1.37,"广东","文科",0.028036253776435,1940,506.523369823893,10000,23
"565",2012,4.75,"安徽","文科",0.0264350453172205,16,256.378183646113,10000,24
"566",2012,3.26,"陕西","文科",NA,8,334.285332620892,10000,24
"567",2012,10.73,"湖北","文科",0.0308157099697885,16,340.956234803751,10000,24
"568",2012,11.59,"陕西","文科",0.0486404833836858,2,334.285332620892,10000,23
"569",2012,9.11,"湖北","文科",0.0344410876132931,16,340.956234803751,10000,24
"716",2013,55.87,"上海","文科",0.489051094890511,15,847.818251324341,12924,5
"717",2013,4.21,"黑龙江","文科",NA,4,357.105820492222,12924,24
"718",2013,9.61,"四川","文科",0.0277372262773723,12,295.594462742379,12924,24
"719",2013,1.42,"上海","文科",0.0257907542579075,26,847.818251324341,12924,20
"720",2013,27.91,"天津","文科",0.157177615571776,18,912.42118671054,12924,17
"721",2013,5.15,"上海","文科",0.0695863746958637,13,847.818251324341,12924,14
"722",2013,37.85,"广东","文科",0.253041362530414,837,538.681517840287,12924,16
"723",2013,4.46,"北京","文科",0.245742092457421,28,864.031314937418,12924,23
"724",2013,4.79,"广西","文科",0.0272506082725061,6,278.408799658266,12924,24
"725",2013,NA,"北京","文科",NA,13,864.031314937418,12924,18
"726",2013,9.21,"上海","文科",0.070316301703163,3,847.818251324341,12924,20
"727",2013,5.22,"北京","文科",0.0369829683698297,11,864.031314937418,12924,22
"728",2013,3.88,"北京","文科",0.0457420924574209,38,864.031314937418,12924,23
"729",2013,10.71,"江苏","文科",0.0233576642335766,2,682.555006452037,12924,23
"730",2013,14.04,"北京","文科",0.0778588807785888,8,864.031314937418,12924,24
"731",2013,8.33,"江苏","文科",NA,10,682.555006452037,12924,23
"732",2013,18.73,"上海","文科",0.0912408759124088,8,847.818251324341,12924,17
"733",2013,37.06,"湖北","文科",0.219951338199513,41,385.022495241391,12924,16
"734",2013,2.53,"上海","文科",0.0279805352798054,4,847.818251324341,12924,19
"735",2013,47.62,"上海","文科",0.165693430656934,1,847.818251324341,12924,3
"736",2013,3.42,"江苏","文科",NA,2,682.555006452037,12924,23
"737",2013,3.22,"北京","文科",0.0360097323600973,7,864.031314937418,12924,12
"738",2013,19.81,"北京","文科",0.0600973236009732,3,864.031314937418,12924,17
"739",2013,100,"北京","文科",1,18,864.031314937418,12924,1
"740",2013,6.38,"江西","文科",0.0413625304136253,14,287.501669929704,12924,24
"741",2013,8.77,"北京","文科",NA,12,864.031314937418,12924,23
"742",2013,96.81,"北京","文科",0.975669099756691,4,864.031314937418,12924,1
"743",2013,NA,"北京","文科",NA,10,864.031314937418,12924,24
"744",2013,4.44,"北京","文科",NA,10,864.031314937418,12924,24
"745",2013,9.16,"江苏","文科",NA,2,682.555006452037,12924,24
"746",2013,4.46,"江苏","文科",0.0230170316301703,10,682.555006452037,12924,24
"747",2013,7.79,"湖南","文科",0.0326034063260341,26,333.701816407162,12924,23
"748",2013,28.36,"北京","文科",0.557177615571776,39,864.031314937418,12924,7
"749",2013,28.36,"江苏","文科",0.557177615571776,6,682.555006452037,12924,16
"750",2013,45.01,"江苏","文科",0.177858880778589,19,682.555006452037,12924,10
"751",2013,1.59,"江苏","文科",NA,7,682.555006452037,12924,24
"752",2013,18.1,"北京","文科",0.119221411192214,6,864.031314937418,12924,22
"753",2013,3.99,"海南","文科",0.0454987834549878,43,322.095764480289,12924,24
"754",2013,5.8,"北京","文科",0.169099756690998,55,864.031314937418,12924,23
"755",2013,30,"四川","文科",0.135279805352798,16,295.594462742379,12924,19
"756",2013,4.44,"河北","文科",NA,6,364.665159979197,12924,24
"757",2013,6.71,"北京","文科",0.0394160583941606,6,864.031314937418,12924,24
"758",2013,11.06,"湖北","文科",0.0647201946472019,39,385.022495241391,12924,22
"759",2013,4.5,"贵州","文科",NA,6,196.672282703849,12924,24
"760",2013,25.8,"黑龙江","文科",0.0472019464720195,6,357.105820492222,12924,24
"761",2013,3.15,"辽宁","文科",NA,29,566.106858054226,12924,24
"762",2013,6.85,"北京","文科",0.0228467153284672,14,864.031314937418,12924,22
"763",2013,8.47,"河南","文科",0.0688564476885645,20,314.678722544705,12924,24
"764",2013,9.95,"北京","文科",0.054014598540146,4,864.031314937418,12924,23
"765",2013,10.18,"山东","文科",0.0304136253041363,27,516.405899098284,12924,21
"766",2013,NA,"陕西","文科",NA,19,385.123367972289,12924,23
"767",2013,1.11,"北京","文科",NA,19,864.031314937418,12924,19
"768",2013,7.58,"广东","文科",0.0815085158150852,596,538.681517840287,12924,18
"769",2013,7.89,"安徽","文科",NA,2,287.442384769539,12924,24
"770",2013,4.44,"辽宁","文科",NA,50,566.106858054226,12924,24
"771",2013,3.35,"黑龙江","文科",NA,21,357.105820492222,12924,24
"772",2013,32.05,"湖北","文科",0.155231143552311,23,385.022495241391,12924,19
"773",2013,10.32,"重庆","文科",0.0515815085158151,13,387.422750424448,12924,23
"774",2013,13.76,"重庆","文科",0.0712895377128954,11,387.422750424448,12924,21
"775",2013,9.31,"北京","文科",0.0532846715328467,6,864.031314937418,12924,24
"776",2013,NA,"北京","文科",NA,18,864.031314937418,12924,18
"777",2013,9.85,"湖北","文科",0.0347931873479319,21,385.022495241391,12924,23
"778",2013,15.6,"甘肃","文科",0.0498783454987835,31,219.208162790247,12924,24
"779",2013,4.73,"广东","文科",NA,58,538.681517840287,12924,24
"780",2013,4.26,"四川","文科",0.0389294403892944,27,295.594462742379,12924,20
"781",2013,8.02,"陕西","文科",NA,2,385.123367972289,12924,24
"782",2013,5.48,"广东","文科",0.0311435523114355,1080,538.681517840287,12924,24
"783",2013,3.84,"湖南","文科",0.022992700729927,25,333.701816407162,12924,24
"784",2013,16.98,"广东","文科",0.0888077858880779,238,538.681517840287,12924,20
"785",2013,3.16,"吉林","文科",NA,4,434.091041303083,12924,24
"786",2013,26.1,"湖南","文科",0.0695863746958637,27,333.701816407162,12924,21
"787",2013,8.82,"江苏","文科",0.0274939172749392,10,682.555006452037,12924,20
"788",2013,34,"吉林","文科",0.072992700729927,8,434.091041303083,12924,20
"789",2013,6.2,"江苏","文科",NA,5,682.555006452037,12924,22
"790",2013,12.73,"吉林","文科",0.0250608272506083,13,434.091041303083,12924,24
"791",2013,2.57,"广东","文科",NA,305,538.681517840287,12924,24
"792",2013,5.13,"湖北","文科",0.0469586374695864,110,385.022495241391,12924,20
"793",2013,3.18,"辽宁","文科",NA,16,566.106858054226,12924,24
"794",2013,54.27,"浙江","文科",0.282238442822384,17,632.925506664232,12924,9
"795",2013,6.15,"广东","文科",0.0496350364963504,1386,538.681517840287,12924,23
"796",2013,6.4,"福建","文科",0.0257907542579075,6,525.661152614728,12924,24
"797",2013,14.31,"湖南","文科",0.0549878345498783,25,333.701816407162,12924,20
"798",2013,4.42,"安徽","文科",0.0265206812652068,15,287.442384769539,12924,23
"799",2013,24.63,"福建","文科",0.137712895377129,27,525.661152614728,12924,16
"800",2013,14.41,"陕西","文科",0.0248175182481752,4,385.123367972289,12924,23
"801",2013,NA,"广东","文科",NA,1971,538.681517840287,12924,22
"802",2013,1.52,"天津","文科",NA,19,912.42118671054,12924,23
"803",2013,28.09,"山东","文科",0.122141119221411,28,516.405899098284,12924,20
"804",2013,3.36,"重庆","文科",0.0401459854014599,69,387.422750424448,12924,20
"805",2013,10.56,"湖北","文科",0.029683698296837,12,385.022495241391,12924,24
"806",2013,11.87,"湖北","文科",0.0360097323600973,15,385.022495241391,12924,24
"807",2013,1.95,"福建","文科",0.0335766423357664,55,525.661152614728,12924,24
"808",2013,1.81,"江苏","文科",NA,23,682.555006452037,12924,24
"809",2013,6.19,"陕西","文科",NA,25,385.123367972289,12924,24
"810",2013,28.09,"山东","文科",0.122141119221411,22,516.405899098284,12924,23
"811",2013,10.79,"陕西","文科",0.0467153284671533,2,385.123367972289,12924,22
"812",2013,2.84,"广东","文科",NA,681,538.681517840287,12924,24
"813",2013,25.59,"陕西","文科",0.0664233576642336,2,385.123367972289,12924,20
"967",2014,62.15,"上海","文科",0.0733766233766234,16,894.442167153179,14000,15
"968",2014,61.3,"吉林","文科",NA,4,471.833473873979,14000,24
"969",2014,60.77,"广东","文科",0.038474025974026,1135,584.02827884254,14000,24
"970",2014,62.15,"北京","文科",NA,10,922.09948931341,14000,23
"971",2014,82.51,"上海","文科",0.435064935064935,21,894.442167153179,14000,5
"972",2014,63.8,"北京","文科",0.0641233766233766,6,922.09948931341,14000,21
"973",2014,60.43,"上海","文科",NA,26,894.442167153179,14000,24
"974",2014,61.08,"广东","文科",NA,409,584.02827884254,14000,24
"975",2014,63.49,"上海","文科",0.0761363636363636,2,894.442167153179,14000,17
"976",2014,60.79,"江西","文科",NA,47,317.072631381091,14000,23
"977",2014,62.73,"北京","文科",0.076461038961039,4,922.09948931341,14000,22
"978",2014,63.79,"江苏","文科",0.0498376623376623,11,745.158064308917,14000,20
"979",2014,63.04,"广东","文科",0.0930194805194805,606,584.02827884254,14000,18
"980",2014,62.04,"安徽","文科",0.0368506493506493,15,315.7462934094,14000,23
"981",2014,60.49,"北京","文科",NA,16,922.09948931341,14000,20
"982",2014,62.04,"广东","文科",NA,38,584.02827884254,14000,24
"983",2014,61.35,"北京","文科",0.0422077922077922,7,922.09948931341,14000,11
"984",2014,60.86,"浙江","文科",NA,20,683.311931611495,14000,24
"985",2014,62.18,"内蒙古","文科",NA,1,673.939486148758,14000,24
"986",2014,65.27,"吉林","文科",0.0451298701298701,13,471.833473873979,14000,24
"987",2014,63.62,"北京","文科",NA,13,922.09948931341,14000,24
"988",2014,63.77,"北京","文科",NA,4,922.09948931341,14000,24
"989",2014,78.71,"江苏","文科",0.202922077922078,24,745.158064308917,14000,10
"990",2014,61.83,"北京","文科",0.189935064935065,26,922.09948931341,14000,18
"991",2014,61.37,"江苏","文科",NA,2,745.158064308917,14000,24
"992",2014,98.25,"北京","文科",0.956168831168831,4,922.09948931341,14000,1
"993",2014,63.4,"河南","文科",0.0917207792207792,16,341.59847450695,14000,23
"994",2014,67.05,"北京","文科",0.125974025974026,5,922.09948931341,14000,22
"995",2014,61.04,"上海","文科",NA,8,894.442167153179,14000,15
"996",2014,60.59,"上海","文科",NA,22,894.442167153179,14000,21
"997",2014,62.39,"北京","文科",0.165584415584416,55,922.09948931341,14000,19
"998",2014,60.72,"江苏","文科",NA,3,745.158064308917,14000,24
"999",2014,72.31,"四川","文科",0.145292207792208,17,323.927100037005,14000,18
"1000",2014,64.77,"湖北","文科",0.0558441558441558,15,425.392136575272,14000,23
"1001",2014,62.47,"江苏","文科",NA,5,745.158064308917,14000,23
"1002",2014,61.44,"四川","文科",0.0402597402597403,4,323.927100037005,14000,22
"1003",2014,NA,"北京","文科",0.0448051948051948,9,922.09948931341,14000,24
"1004",2014,75,"广东","文科",0.298701298701299,856,584.02827884254,14000,16
"1005",2014,64.66,"湖北","文科",0.0659090909090909,20,425.392136575272,14000,22
"1006",2014,62.06,"湖北","文科",0.0574675324675325,118,425.392136575272,14000,19
"1007",2014,64.62,"湖北","文科",0.088474025974026,31,425.392136575272,14000,20
"1008",2014,74.95,"吉林","文科",0.103084415584416,24,471.833473873979,14000,21
"1009",2014,61.46,"广东","文科",0.0753246753246753,289,584.02827884254,14000,22
"1010",2014,100,"北京","文科",1,20,922.09948931341,14000,2
"1011",2014,67.73,"上海","文科",0.116883116883117,9,894.442167153179,14000,16
"1012",2014,60.58,"天津","文科",NA,16,976.094443048206,14000,22
"1013",2014,70.54,"湖南","文科",0.0943181818181818,36,366.210354826174,14000,20
"1014",2014,61.99,"湖南","文科",NA,20,366.210354826174,14000,24
"1015",2014,66.41,"湖南","文科",0.0685064935064935,29,366.210354826174,14000,20
"1016",2014,NA,"北京","文科",0.133279220779221,17,922.09948931341,14000,17
"1017",2014,66.35,"甘肃","文科",0.0561688311688312,27,242.741017279973,14000,23
"1018",2014,60.58,"湖南","文科",NA,6,366.210354826174,14000,24
"1019",2014,61.63,"北京","文科",0.0488636363636364,36,922.09948931341,14000,16
"1020",2014,60.86,"福建","文科",0.0381493506493506,58,576.567037625861,14000,24
"1021",2014,71.81,"山东","文科",0.152435064935065,22,561.822037337454,14000,24
"1022",2014,61.81,"四川","文科",0.0534090909090909,32,323.927100037005,14000,19
"1023",2014,60.17,"北京","文科",NA,13,922.09948931341,14000,24
"1024",2014,70.43,"福建","文科",0.181818181818182,10,576.567037625861,14000,21
"1025",2014,72.36,"北京","文科",0.5,38,922.09948931341,14000,7
"1026",2014,64.09,"山东","文科",0.0438311688311688,27,561.822037337454,14000,21
"1027",2014,61.81,"海南","文科",0.0396103896103896,34,351.449825752837,14000,24
"1028",2014,62.84,"北京","文科",NA,19,922.09948931341,14000,22
"1029",2014,74.8,"湖北","文科",0.253246753246753,46,425.392136575272,14000,15
"1030",2014,61.89,"辽宁","文科",NA,50,616.802961275626,14000,24
"1031",2014,62.15,"河北","文科",NA,6,385.966388502866,14000,24
"1032",2014,63.22,"安徽","文科",NA,2,315.7462934094,14000,24
"1033",2014,67.61,"广东","文科",0.100162337662338,193,584.02827884254,14000,19
"1034",2014,62.4,"广东","文科",0.0391233766233766,1142,584.02827884254,14000,24
"1035",2014,82.18,"浙江","文科",0.285714285714286,32,683.311931611495,14000,9
"1036",2014,61.27,"辽宁","文科",NA,16,616.802961275626,14000,24
"1037",2014,64.52,"湖北","文科",NA,12,425.392136575272,14000,24
"1038",2014,73.52,"湖北","文科",0.151298701298701,21,425.392136575272,14000,18
"1039",2014,62.66,"广东","文科",0.0649350649350649,1280,584.02827884254,14000,23
"1040",2014,60.7,"广东","文科",0.0688311688311688,459,584.02827884254,14000,24
"1041",2014,61.44,"重庆","文科",0.0402597402597403,4,426.151178451178,14000,22
"1042",2014,64.13,"重庆","文科",0.076461038961039,12,426.151178451178,14000,22
"1043",2014,63.84,"四川","文科",0.0438311688311688,14,323.927100037005,14000,22
"1044",2014,65.88,"重庆","文科",0.0943181818181818,10,426.151178451178,14000,21
"1045",2014,60.21,"广东","文科",NA,324,584.02827884254,14000,24
"1046",2014,63.21,"湖南","文科",0.0600649350649351,31,366.210354826174,14000,23
"1047",2014,60.99,"广东","文科",NA,297,584.02827884254,14000,23
"1048",2014,60.53,"上海","文科",NA,33,894.442167153179,14000,24
"1049",2014,70.55,"陕西","文科",0.108603896103896,2,426.280818278427,14000,18
"1050",2014,71.96,"天津","文科",0.178571428571429,19,976.094443048206,14000,16
"1051",2014,62.87,"江西","文科",0.0456168831168831,14,317.072631381091,14000,24
"1052",2014,60.5,"广东","文科",NA,2086,584.02827884254,14000,22
"1053",2014,60.6,"广东","文科",NA,324,584.02827884254,14000,24
"1054",2014,60.1,"陕西","文科",NA,13,426.280818278427,14000,23
"1055",2014,62.62,"陕西","文科",0.0423701298701299,25,426.280818278427,14000,24
"1056",2014,64.59,"陕西","文科",0.0642857142857143,2,426.280818278427,14000,22
"1057",2014,65.87,"陕西","文科",0.0420454545454545,4,426.280818278427,14000,22
"1058",2014,61.44,"重庆","文科",0.0402597402597403,68,426.151178451178,14000,21
"1059",2014,62.22,"广西","文科",NA,6,304.683195592286,14000,24
"1060",2014,63.58,"陕西","文科",NA,2,426.280818278427,14000,24
"1061",2014,62.1,"北京","文科",0.0488636363636364,9,922.09948931341,14000,20
"1062",2014,79.72,"上海","文科",0.266233766233766,1,894.442167153179,14000,5
"1063",2014,62.93,"福建","文科",NA,7,576.567037625861,14000,23
"1064",2014,64.55,"江苏","文科",0.0386363636363636,8,745.158064308917,14000,24
"1065",2014,71.81,"山东","文科",0.152435064935065,32,561.822037337454,14000,19
"1066",2014,63.37,"江苏","文科",NA,14,745.158064308917,14000,24
"1067",2014,61.95,"贵州","文科",NA,6,228.620417906357,14000,24
"1068",2014,70.68,"黑龙江","文科",0.0909090909090909,6,375.041851150711,14000,21
"1069",2014,61.89,"黑龙江","文科",NA,4,375.041851150711,14000,24
"1070",2014,61.33,"黑龙江","文科",NA,12,375.041851150711,14000,24
"1071",2014,70.43,"福建","文科",0.181818181818182,18,576.567037625861,14000,16
"1072",2014,61.94,"黑龙江","文科",NA,12,375.041851150711,14000,24
"1073",2014,72.36,"江苏","文科",0.5,10,745.158064308917,14000,19
"1074",2014,61.94,"江苏","文科",NA,10,745.158064308917,14000,24
"1075",2014,60.7,"江苏","文科",NA,28,745.158064308917,14000,24
"1076",2014,65.77,"北京","文科",0.0946428571428571,6,922.09948931341,14000,19
"1077",2014,61.29,"辽宁","文科",NA,29,616.802961275626,14000,22
"1078",2014,63.59,"江苏","文科",NA,6,745.158064308917,14000,24
"1247",2015,62.49,"山西","文科",NA,6,349.765350877193,16964,24
"1248",2015,61.97,"天津","文科",NA,20,1036.41858932103,16964,22
"1249",2015,63.37,"广东","文科",0.0647425897035881,422,632.15441999254,16964,20
"1250",2015,66.34,"吉林","文科",0.0453978159126365,17,501.591933139535,16964,23
"1251",2015,65.44,"北京","文科",0.0658346333853354,7,991.209572490706,16964,18
"1252",2015,62.77,"北京","文科",0.0458658346333853,8,991.209572490706,16964,11
"1253",2015,62.41,"江苏","文科",NA,30,817.692462311558,16964,24
"1254",2015,61.8,"上海","文科",NA,34,971.184666117065,16964,23
"1255",2015,70.65,"北京","文科",0.0897035881435257,4,991.209572490706,16964,16
"1256",2015,64.02,"上海","文科",0.0794071762870515,16,971.184666117065,16964,12
"1257",2015,97.8,"北京","文科",0.968798751950078,4,991.209572490706,16964,1
"1258",2015,62.81,"江苏","文科",NA,2,817.692462311558,16964,22
"1259",2015,76.03,"吉林","文科",0.10015600624025,41,501.591933139535,16964,19
"1260",2015,68.46,"北京","文科",0.12386895475819,8,991.209572490706,16964,22
"1261",2015,74.35,"北京","文科",0.274570982839314,10,991.209572490706,16964,12
"1262",2015,63.4,"北京","文科",0.18408736349454,29,991.209572490706,16964,16
"1263",2015,63.44,"河南","文科",NA,56,370.277448071217,16964,24
"1264",2015,64.55,"河南","文科",0.0628705148205928,14,370.277448071217,16964,23
"1265",2015,67.33,"北京","文科",0.0801872074882995,8,991.209572490706,16964,18
"1266",2015,63.14,"江苏","文科",NA,10,817.692462311558,16964,24
"1267",2015,62.09,"上海","文科",NA,15,971.184666117065,16964,18
"1268",2015,74.05,"四川","文科",0.126989079563183,13,350.573218673219,16964,17
"1269",2015,NA,"北京","文科",0.13588143525741,13,991.209572490706,16964,24
"1270",2015,63.44,"海南","文科",0.0407176287051482,29,387.676633444075,16964,24
"1271",2015,NA,"北京","文科",0.132293291731669,2,991.209572490706,16964,19
"1272",2015,78.71,"江苏","文科",0.553822152886115,10,817.692462311558,16964,18
"1273",2015,65.37,"江苏","文科",NA,10,817.692462311558,16964,23
"1274",2015,69.9,"上海","文科",0.127457098283931,11,971.184666117065,16964,15
"1275",2015,62.08,"广东","文科",0.0550702028081123,2147,632.15441999254,16964,24
"1276",2015,68.38,"广东","文科",0.0895475819032761,182,632.15441999254,16964,18
"1277",2015,65.81,"湖北","文科",0.043213728549142,11,470.547455295736,16964,22
"1278",2015,64.73,"四川","文科",NA,17,350.573218673219,16964,22
"1279",2015,62.9,"四川","文科",0.0386895475819033,6,350.573218673219,16964,20
"1280",2015,100,"北京","文科",1,20,991.209572490706,16964,2
"1281",2015,72.67,"天津","文科",0.171606864274571,27,1036.41858932103,16964,15
"1282",2015,61.84,"上海","文科",NA,26,971.184666117065,16964,24
"1283",2015,63.4,"内蒙古","文科",NA,16,709.361676646707,16964,24
"1284",2015,65.15,"湖北","文科",0.04399375975039,18,470.547455295736,16964,22
"1285",2015,74.27,"湖北","文科",0.13603744149766,21,470.547455295736,16964,18
"1286",2015,63.87,"北京","文科",0.0447737909516381,10,991.209572490706,16964,19
"1287",2015,63.46,"安徽","文科",0.0410296411856474,20,342.737958244287,16964,24
"1288",2015,62.61,"湖南","文科",NA,13,401.491168175746,16964,24
"1289",2015,61.98,"北京","文科",NA,14,991.209572490706,16964,18
"1290",2015,64.48,"北京","文科",NA,18,991.209572490706,16964,21
"1291",2015,62.39,"湖南","文科",NA,33,401.491168175746,16964,24
"1292",2015,78.71,"北京","文科",0.553822152886115,44,991.209572490706,16964,7
"1293",2015,61.96,"湖南","文科",NA,28,401.491168175746,16964,24
"1294",2015,63.09,"河北","文科",NA,6,398.444609967497,16964,24
"1295",2015,63.43,"河北","文科",NA,6,398.444609967497,16964,24
"1296",2015,63.09,"北京","文科",0.049609984399376,32,991.209572490706,16964,13
"1297",2015,65.24,"山东","文科",0.040405616224649,28,607.075186433752,16964,20
"1298",2015,NA,"北京","文科",0.13588143525741,21,991.209572490706,16964,17
"1299",2015,72.58,"山东","文科",0.150546021840874,22,607.075186433752,16964,22
"1300",2015,72.58,"山东","文科",0.150546021840874,37,607.075186433752,16964,19
"1301",2015,62.62,"吉林","文科",NA,2,501.591933139535,16964,24
"1302",2015,81.08,"上海","文科",0.27613104524181,1,971.184666117065,16964,1
"1303",2015,64.75,"湖南","文科",0.0471138845553822,33,401.491168175746,16964,22
"1304",2015,72.28,"湖南","文科",0.0925117004680187,32,401.491168175746,16964,19
"1305",2015,62.44,"上海","文科",NA,6,971.184666117065,16964,14
"1306",2015,66.62,"甘肃","文科",0.0550702028081123,28,263.808182169047,16964,22
"1307",2015,71.66,"福建","文科",0.176287051482059,10,632.048344718865,16964,19
"1308",2015,63.39,"四川","文科",0.0541341653666147,6,350.573218673219,16964,20
"1309",2015,62.25,"浙江","文科",NA,35,729.003267973856,16964,24
"1310",2015,62.16,"福建","文科",0.0365054602184087,63,632.048344718865,16964,23
"1311",2015,63.23,"广东","文科",NA,50,632.15441999254,16964,23
"1312",2015,63.39,"四川","文科",0.0541341653666147,26,350.573218673219,16964,19
"1313",2015,64.09,"广东","文科",0.0550702028081123,1171,632.15441999254,16964,22
"1314",2015,80.72,"湖北","文科",0.301092043681747,45,470.547455295736,16964,13
"1315",2015,66.72,"湖北","文科",0.0858034321372855,44,470.547455295736,16964,20
"1316",2015,62.37,"四川","文科",NA,36,350.573218673219,16964,24
"1317",2015,63.34,"贵州","文科",NA,6,263.711801596351,16964,24
"1318",2015,61.98,"广东","文科",NA,832,632.15441999254,16964,24
"1319",2015,62.69,"辽宁","文科",NA,16,651.937599635618,16964,20
"1320",2015,64.04,"湖北","文科",0.0580343213728549,113,470.547455295736,16964,18
"1321",2015,61.91,"广东","文科",NA,137,632.15441999254,16964,24
"1322",2015,64.09,"广东","文科",0.0550702028081123,20,632.15441999254,16964,24
"1323",2015,62.59,"广东","文科",NA,463,632.15441999254,16964,24
"1324",2015,62.05,"广东","文科",NA,300,632.15441999254,16964,22
"1325",2015,62.53,"辽宁","文科",NA,17,651.937599635618,16964,23
"1326",2015,65.81,"湖北","文科",0.0379095163806552,16,470.547455295736,16964,23
"1327",2015,62.69,"辽宁","文科",NA,10,651.937599635618,16964,24
"1328",2015,63.61,"辽宁","文科",NA,30,651.937599635618,16964,24
"1329",2015,62.15,"湖南","文科",NA,6,401.491168175746,16964,24
"1330",2015,64.35,"北京","文科",0.193447737909516,56,991.209572490706,16964,16
"1331",2015,61.97,"广东","文科",NA,2089,632.15441999254,16964,23
"1332",2015,61.7,"江西","文科",NA,6,345.851827388815,16964,24
"1333",2015,64.67,"广东","文科",0.0812792511700468,697,632.15441999254,16964,20
"1334",2015,63.28,"湖南","文科",NA,17,401.491168175746,16964,24
"1335",2015,67.26,"重庆","文科",0.0898595943837753,12,476.944165830826,16964,19
"1336",2015,65.15,"重庆","文科",0.0742589703588143,12,476.944165830826,16964,21
"1337",2015,63.47,"新疆","文科",NA,2,403.137510879025,16964,24
"1338",2015,67.92,"湖南","文科",0.0681747269890796,26,401.491168175746,16964,18
"1339",2015,62.9,"重庆","文科",0.0386895475819033,42,476.944165830826,16964,18
"1340",2015,62.9,"重庆","文科",0.0386895475819033,6,476.944165830826,16964,20
"1341",2015,65.15,"重庆","文科",0.0742589703588143,7,476.944165830826,16964,24
"1342",2015,66.79,"江苏","文科",0.0354134165366615,9,817.692462311558,16964,24
"1343",2015,64.85,"江苏","文科",NA,12,817.692462311558,16964,23
"1344",2015,66.67,"陕西","文科",0.0644305772230889,8,468.607682119205,16964,24
"1345",2015,80.45,"浙江","文科",0.26204368174727,21,729.003267973856,16964,8
"1346",2015,64.57,"北京","文科",NA,13,991.209572490706,16964,22
"1347",2015,72.13,"陕西","文科",0.109204368174727,3,468.607682119205,16964,19
"1348",2015,63.52,"广东","文科",0.0360374414976599,1354,632.15441999254,16964,24
"1349",2015,71.66,"福建","文科",0.176287051482059,17,632.048344718865,16964,15
"1350",2015,65.14,"陕西","文科",NA,2,468.607682119205,16964,24
"1351",2015,NA,"陕西","文科",NA,12,468.607682119205,16964,22
"1352",2015,65.1,"北京","文科",0.0394695787831513,4,991.209572490706,16964,22
"1353",2015,67.82,"陕西","文科",0.0463338533541342,4,468.607682119205,16964,21
"1354",2015,63.96,"福建","文科",NA,4,632.048344718865,16964,23
"1355",2015,80.92,"上海","文科",0.447737909516381,13,971.184666117065,16964,6
"1356",2015,63.41,"福建","文科",0.0365054602184087,32,632.048344718865,16964,24
"1357",2015,NA,"北京","文科",NA,13,991.209572490706,16964,20
"1358",2015,78.3,"江苏","文科",0.195007800312012,27,817.692462311558,16964,10
"1359",2015,64.06,"陕西","文科",0.0394695787831513,41,468.607682119205,16964,23
"1360",2015,61.96,"江苏","文科",NA,4,817.692462311558,16964,24
"1361",2015,63.97,"北京","文科",0.0400936037441498,4,991.209572490706,16964,22
"1362",2015,63.43,"北京","文科",NA,11,991.209572490706,16964,22
"1363",2015,NA,"北京","文科",0.0335413416536661,9,991.209572490706,16964,23
"1364",2015,65.14,"江苏","文科",0.0566302652106084,12,817.692462311558,16964,19
"1365",2015,62.12,"江苏","文科",NA,31,817.692462311558,16964,24
"1366",2015,63.25,"黑龙江","文科",NA,3,392.365770936603,16964,24
"1367",2015,66.45,"北京","文科",0.0497659906396256,1,991.209572490706,16964,19
"1368",2015,62.24,"江西","文科",NA,56,345.851827388815,16964,22
"1369",2015,62.94,"黑龙江","文科",NA,6,392.365770936603,16964,24
"1370",2015,75.33,"广东","文科",0.273010920436817,862,632.15441999254,16964,16
"1371",2015,63.94,"江西","文科",NA,19,345.851827388815,16964,23
"1372",2015,63.23,"黑龙江","文科",NA,39,392.365770936603,16964,24
"1373",2015,63.42,"黑龙江","文科",NA,6,392.365770936603,16964,24
"1374",2015,63.35,"广西","文科",NA,6,329.679638199411,16964,24
